Price,Close,High,Low,Open,Volume
Ticker,BTC-USD,BTC-USD,BTC-USD,BTC-USD,BTC-USD
Datetime,,,,,
2025-01-01 00:00:00+00:00,94256.0546875,94256.0546875,93312.703125,93396.03125,0
2025-01-01 01:00:00+00:00,93429.90625,94214.0078125,93420.578125,94214.0078125,0
2025-01-01 02:00:00+00:00,93849.25,93854.3125,93420.0546875,93420.0546875,0
2025-01-01 03:00:00+00:00,93614.7421875,93866.4453125,93551.6875,93866.4453125,0
2025-01-01 04:00:00+00:00,93465.9921875,93632.890625,93430.546875,93632.890625,0
2025-01-01 05:00:00+00:00,93588.90625,93665.9140625,93356.2421875,93356.2421875,0
2025-01-01 06:00:00+00:00,93526.8984375,93575.53125,93377.6484375,93575.53125,0
2025-01-01 07:00:00+00:00,93509.3203125,93586.703125,93465.4765625,93551.9453125,0
2025-01-01 08:00:00+00:00,93259.9921875,93547.2734375,93187.5390625,93491.0,0
2025-01-01 09:00:00+00:00,93202.7578125,93293.1875,92849.7265625,93254.1015625,266563584
2025-01-01 10:00:00+00:00,93111.765625,93325.28125,93109.2734375,93214.65625,0
2025-01-01 11:00:00+00:00,93267.125,93470.40625,93016.9765625,93115.3203125,0
2025-01-01 12:00:00+00:00,93618.3671875,93693.484375,93230.3046875,93265.0078125,0
2025-01-01 13:00:00+00:00,93785.859375,93785.859375,93436.1484375,93611.5234375,0
2025-01-01 14:00:00+00:00,93964.8046875,94225.3203125,93514.7109375,93821.9140625,0
2025-01-01 15:00:00+00:00,94211.0625,94218.8359375,93764.0,93962.390625,0
2025-01-01 16:00:00+00:00,93863.234375,94217.390625,93729.2265625,94212.1875,0
2025-01-01 17:00:00+00:00,93914.921875,93956.703125,93603.5625,93884.2109375,0
2025-01-01 18:00:00+00:00,94121.234375,94121.234375,93755.4765625,93937.6796875,0
2025-01-01 19:00:00+00:00,94427.8828125,94588.5234375,93946.5,94113.421875,0
2025-01-01 20:00:00+00:00,94603.4921875,94647.578125,94426.140625,94426.140625,0
2025-01-01 21:00:00+00:00,94691.7734375,94924.4296875,94503.359375,94603.9765625,88678400
2025-01-01 22:00:00+00:00,94622.265625,94786.71875,94533.0625,94786.71875,146216960
2025-01-01 23:00:00+00:00,94443.5234375,94712.3515625,94395.4921875,94614.9375,0
2025-01-02 00:00:00+00:00,94888.75,95117.125,94282.609375,94390.2734375,1155358720
2025-01-02 01:00:00+00:00,94690.9765625,95289.4765625,94599.0,94901.375,706025472
2025-01-02 02:00:00+00:00,94989.6015625,94989.6015625,94660.125,94679.5859375,927115264
2025-01-02 03:00:00+00:00,94851.8125,95086.6328125,94754.140625,95026.0078125,77477888
2025-01-02 04:00:00+00:00,95519.7734375,95824.390625,94841.3828125,94841.3828125,1094555648
2025-01-02 05:00:00+00:00,95406.140625,95617.234375,95231.1953125,95515.953125,621803520
2025-01-02 06:00:00+00:00,95419.859375,95502.484375,95261.5390625,95437.3515625,596092928
2025-01-02 07:00:00+00:00,95696.8125,95725.3359375,95389.4296875,95430.0,531888128
2025-01-02 08:00:00+00:00,96006.9765625,96027.1015625,95525.96875,95693.1171875,891936768
2025-01-02 09:00:00+00:00,96575.53125,96615.1953125,95936.625,96000.2109375,641605632
2025-01-02 10:00:00+00:00,96609.0390625,96621.6328125,96447.2734375,96606.1171875,892618752
2025-01-02 11:00:00+00:00,96619.8828125,96741.953125,96396.0390625,96607.453125,399349760
2025-01-02 12:00:00+00:00,96775.15625,96775.15625,96539.5234375,96624.1953125,377077760
2025-01-02 13:00:00+00:00,96568.4296875,96788.125,96568.1015625,96759.453125,475312128
2025-01-02 15:00:00+00:00,96414.7265625,96484.8828125,96163.1875,96299.859375,5951502336
2025-01-02 16:00:00+00:00,97162.8203125,97532.421875,96083.0234375,96379.828125,2202808320
2025-01-02 17:00:00+00:00,96535.5625,97454.5390625,96278.453125,97162.1015625,1702432768
2025-01-02 18:00:00+00:00,97160.09375,97171.3671875,96424.5078125,96638.109375,1314185216
2025-01-02 19:00:00+00:00,97246.359375,97624.875,97123.53125,97231.53125,787099648
2025-01-02 20:00:00+00:00,97290.2890625,97721.2265625,97223.734375,97223.734375,684269568
2025-01-02 21:00:00+00:00,97119.1796875,97243.9765625,96951.7890625,97230.0546875,0
2025-01-02 22:00:00+00:00,96845.9296875,97117.28125,96660.859375,97117.28125,0
2025-01-02 23:00:00+00:00,96876.2421875,96952.7265625,96711.765625,96822.2890625,0
2025-01-03 00:00:00+00:00,96764.8203125,96959.9296875,96738.28125,96890.0078125,0
2025-01-03 01:00:00+00:00,96892.859375,96911.28125,96573.2265625,96743.2421875,0
2025-01-03 02:00:00+00:00,96938.0078125,97193.296875,96775.8359375,96884.7578125,0
2025-01-03 03:00:00+00:00,96948.3515625,96991.4921875,96798.9296875,96890.1953125,0
2025-01-03 04:00:00+00:00,96724.8828125,96971.703125,96711.546875,96971.703125,0
2025-01-03 05:00:00+00:00,96672.328125,96779.859375,96535.84375,96730.7109375,0
2025-01-03 06:00:00+00:00,96498.9765625,96814.1484375,96494.9921875,96668.7578125,0
2025-01-03 07:00:00+00:00,96270.5703125,96526.0078125,96247.84375,96493.265625,154279936
2025-01-03 08:00:00+00:00,96057.6875,96445.203125,96049.7109375,96253.109375,0
2025-01-03 09:00:00+00:00,96527.796875,96587.1328125,96042.515625,96042.515625,0
2025-01-03 10:00:00+00:00,96425.109375,96560.1640625,96349.6171875,96499.3203125,0
2025-01-03 11:00:00+00:00,96720.28125,96736.3671875,96417.7578125,96418.6640625,0
2025-01-03 12:00:00+00:00,96602.8046875,96842.6328125,96602.8046875,96688.0703125,0
2025-01-03 13:00:00+00:00,96469.640625,96735.3359375,96429.7109375,96593.921875,0
2025-01-03 14:00:00+00:00,96973.125,97248.8984375,96452.2890625,96452.2890625,0
2025-01-03 15:00:00+00:00,97528.328125,97528.328125,96727.453125,96945.4765625,0
2025-01-03 16:00:00+00:00,97813.875,98314.1171875,97381.0703125,97465.0859375,90247168
2025-01-03 17:00:00+00:00,97985.1796875,98185.390625,97809.4453125,97824.953125,0
2025-01-03 18:00:00+00:00,98460.96875,98618.9921875,97969.484375,97993.9453125,0
2025-01-03 19:00:00+00:00,98535.625,98917.234375,98500.7734375,98510.5625,198766592
2025-01-03 20:00:00+00:00,98351.0625,98727.5703125,98308.09375,98571.3359375,24096768
2025-01-03 21:00:00+00:00,98252.515625,98382.8046875,98169.4140625,98304.9453125,172720128
2025-01-03 22:00:00+00:00,98270.5,98463.9453125,98249.5703125,98255.71875,0
2025-01-03 23:00:00+00:00,98101.703125,98322.1875,98047.40625,98272.203125,0
2025-01-04 00:00:00+00:00,97915.6953125,98216.8828125,97894.2734375,98167.5703125,596103168
2025-01-04 01:00:00+00:00,98001.75,98030.375,97812.8671875,97915.546875,306081792
2025-01-04 02:00:00+00:00,98221.453125,98231.828125,97820.484375,97997.0546875,0
2025-01-04 03:00:00+00:00,98197.2578125,98265.53125,98017.0625,98265.53125,0
2025-01-04 04:00:00+00:00,97940.3828125,98143.5078125,97858.0078125,98143.5078125,0
2025-01-04 05:00:00+00:00,98099.109375,98153.2421875,97958.8984375,97958.8984375,0
2025-01-04 06:00:00+00:00,98086.8515625,98147.46875,98009.703125,98098.28125,0
2025-01-04 07:00:00+00:00,98209.8671875,98274.1640625,98065.9140625,98085.578125,0
2025-01-04 08:00:00+00:00,97913.0546875,98247.875,97913.0546875,98222.953125,0
2025-01-04 09:00:00+00:00,97653.546875,97962.671875,97606.8515625,97883.5546875,0
2025-01-04 10:00:00+00:00,97761.0390625,97814.53125,97612.3984375,97652.171875,0
2025-01-04 11:00:00+00:00,97864.296875,97877.1953125,97701.7421875,97759.40625,0
2025-01-04 12:00:00+00:00,97855.609375,97961.0234375,97771.9921875,97852.328125,0
2025-01-04 13:00:00+00:00,97961.4765625,98046.15625,97743.984375,97864.078125,0
2025-01-04 14:00:00+00:00,98025.8828125,98063.0546875,97824.921875,97975.4921875,0
2025-01-04 15:00:00+00:00,97659.484375,98129.1015625,97587.78125,98027.1796875,0
2025-01-04 16:00:00+00:00,97690.078125,97833.1171875,97582.9453125,97653.953125,0
2025-01-04 17:00:00+00:00,98029.875,98029.875,97683.8984375,97700.0546875,0
2025-01-04 18:00:00+00:00,97937.8671875,98103.875,97914.4375,98007.8671875,0
2025-01-04 19:00:00+00:00,98186.703125,98322.453125,97942.453125,97948.6328125,0
2025-01-04 20:00:00+00:00,98584.46875,98592.5703125,98161.5703125,98161.5703125,0
2025-01-04 21:00:00+00:00,98341.53125,98725.25,98335.3046875,98586.9609375,0
2025-01-04 22:00:00+00:00,98446.5390625,98475.0625,98256.109375,98347.984375,0
2025-01-04 23:00:00+00:00,98256.7578125,98407.0703125,98162.0234375,98407.0703125,0
2025-01-05 00:00:00+00:00,98221.90625,98333.8203125,98149.6640625,98211.265625,0
2025-01-05 01:00:00+00:00,98077.8359375,98312.296875,98028.421875,98216.65625,0
2025-01-05 02:00:00+00:00,98186.046875,98186.515625,98103.53125,98103.53125,0
2025-01-05 03:00:00+00:00,98134.3046875,98208.4609375,98068.1640625,98208.4609375,0
2025-01-05 04:00:00+00:00,98332.7578125,98475.875,98143.984375,98143.984375,0
2025-01-05 05:00:00+00:00,98339.25,98414.234375,98277.7890625,98331.1171875,0
2025-01-05 06:00:00+00:00,98445.2734375,98449.0234375,98285.0625,98332.78125,0
2025-01-05 07:00:00+00:00,98270.0625,98435.5234375,98265.578125,98434.0,0
2025-01-05 08:00:00+00:00,97807.6484375,98272.9296875,97807.6484375,98272.9296875,327247872
2025-01-05 09:00:00+00:00,97675.5703125,97912.515625,97675.5703125,97826.25,0
2025-01-05 10:00:00+00:00,97706.4140625,97710.3046875,97567.8359375,97634.125,41971712
2025-01-05 11:00:00+00:00,97628.15625,97791.5390625,97603.921875,97703.484375,0
2025-01-05 12:00:00+00:00,97807.6953125,97879.953125,97575.1953125,97615.5703125,0
2025-01-05 13:00:00+00:00,97708.75,97981.9140625,97708.75,97784.2421875,0
2025-01-05 14:00:00+00:00,97835.6953125,97887.0,97329.0546875,97675.7890625,686024704
2025-01-05 15:00:00+00:00,98006.1484375,98177.3671875,97729.34375,97835.640625,0
2025-01-05 16:00:00+00:00,98010.078125,98246.390625,97937.8203125,98006.1796875,0
2025-01-05 17:00:00+00:00,97690.5546875,98032.8671875,97688.3359375,98006.046875,167047168
2025-01-05 18:00:00+00:00,97899.234375,97899.234375,97595.578125,97708.75,117843968
2025-01-05 19:00:00+00:00,98029.2578125,98062.65625,97844.7421875,97890.421875,0
2025-01-05 20:00:00+00:00,98235.40625,98529.984375,98000.078125,98077.8203125,261285888
2025-01-05 21:00:00+00:00,98501.03125,98507.4453125,98228.2890625,98244.1640625,0
2025-01-05 22:00:00+00:00,98661.171875,98673.875,98347.265625,98483.9375,156831744
2025-01-05 23:00:00+00:00,98319.6640625,98796.5078125,98319.6640625,98673.53125,441120768
2025-01-06 00:00:00+00:00,98218.1875,98585.8359375,98218.1875,98336.0390625,581666816
2025-01-06 01:00:00+00:00,98650.71875,98701.9375,97959.1953125,98218.5234375,628277248
2025-01-06 02:00:00+00:00,98780.5390625,99229.3984375,98699.7265625,98717.9609375,2357067776
2025-01-06 03:00:00+00:00,99005.15625,99167.1640625,98753.8125,98791.4765625,731191296
2025-01-06 04:00:00+00:00,99435.40625,99435.40625,99141.640625,99141.640625,567019520
2025-01-06 05:00:00+00:00,99609.3515625,99849.1171875,99389.2109375,99418.9765625,1216198656
2025-01-06 06:00:00+00:00,99537.5703125,99702.453125,99444.8046875,99567.5625,974700544
2025-01-06 07:00:00+00:00,99292.6171875,99496.4140625,99205.859375,99489.3046875,905590784
2025-01-06 08:00:00+00:00,99060.21875,99538.5703125,99015.7421875,99288.0,213057536
2025-01-06 09:00:00+00:00,98956.34375,99202.140625,98954.9296875,99025.84375,444694528
2025-01-06 10:00:00+00:00,98721.34375,98994.1796875,98717.2265625,98994.1796875,234340352
2025-01-06 11:00:00+00:00,99218.109375,99323.046875,98738.6953125,98760.796875,873029632
2025-01-06 12:00:00+00:00,99127.046875,99640.2890625,99127.046875,99254.328125,616779776
2025-01-06 13:00:00+00:00,99478.171875,99539.2578125,98878.5546875,99171.3828125,892131328
2025-01-06 14:00:00+00:00,100921.5546875,101063.9453125,98775.3515625,99477.28125,3502241792
2025-01-06 15:00:00+00:00,102174.2265625,102408.3984375,100588.3203125,100717.265625,5847633920
2025-01-06 16:00:00+00:00,102157.2421875,102464.4375,101793.6875,102136.3203125,3222777856
2025-01-06 17:00:00+00:00,101832.2265625,102163.859375,101394.265625,102163.859375,2446413824
2025-01-06 18:00:00+00:00,101884.0,102062.359375,101694.5390625,101694.5390625,1324244992
2025-01-06 19:00:00+00:00,101854.2421875,102067.8359375,101746.0703125,101829.9375,1000026112
2025-01-06 20:00:00+00:00,102102.734375,102328.90625,101948.4609375,101976.96875,1140572160
2025-01-06 21:00:00+00:00,101639.0625,102356.6875,101639.0625,102258.6875,1377091584
2025-01-06 22:00:00+00:00,102077.3671875,102082.3671875,101646.9765625,101672.6328125,203239424
2025-01-06 23:00:00+00:00,102228.5078125,102253.1953125,101947.890625,102045.46875,0
2025-01-07 00:00:00+00:00,102081.640625,102674.328125,102057.421875,102247.3359375,687124480
2025-01-07 01:00:00+00:00,101947.421875,102090.1171875,101756.640625,102090.1171875,4702208
2025-01-07 02:00:00+00:00,101724.9453125,102044.0546875,101723.09375,101973.15625,0
2025-01-07 03:00:00+00:00,101742.0390625,101816.46875,101592.6953125,101710.2421875,0
2025-01-07 04:00:00+00:00,101742.2734375,101930.7578125,101742.2734375,101769.0546875,0
2025-01-07 05:00:00+00:00,101750.328125,101783.8671875,101649.6484375,101704.46875,0
2025-01-07 06:00:00+00:00,101826.7578125,101902.703125,101677.96875,101720.3828125,0
2025-01-07 07:00:00+00:00,101686.375,102014.3046875,101661.171875,101824.2578125,0
2025-01-07 08:00:00+00:00,101906.2265625,101966.5390625,101663.9921875,101712.2734375,0
2025-01-07 09:00:00+00:00,101755.0546875,101905.40625,101642.796875,101905.40625,0
2025-01-07 10:00:00+00:00,101430.9765625,101715.09375,101398.796875,101715.09375,223154176
2025-01-07 11:00:00+00:00,100897.8203125,101446.4140625,100501.9765625,101408.03125,832135168
2025-01-07 12:00:00+00:00,100747.6171875,100911.890625,100643.9765625,100831.9921875,470818816
2025-01-07 13:00:00+00:00,100655.0703125,100926.84375,100648.5546875,100743.0234375,0
2025-01-07 14:00:00+00:00,99929.6484375,100824.2734375,99929.6484375,100641.53125,0
2025-01-07 15:00:00+00:00,97960.390625,99968.2734375,97473.9140625,99968.2734375,4359987200
2025-01-07 16:00:00+00:00,97800.84375,98232.96875,97661.0390625,97914.8671875,798781440
2025-01-07 17:00:00+00:00,97262.21875,97724.625,96927.3984375,97717.453125,768028672
2025-01-07 18:00:00+00:00,96701.2890625,97449.09375,96595.2265625,97235.484375,1068425216
2025-01-07 19:00:00+00:00,96496.671875,97129.4453125,96370.53125,96710.1484375,1145810944
2025-01-07 20:00:00+00:00,96440.1328125,96698.328125,96162.7109375,96411.046875,1122418688
2025-01-07 21:00:00+00:00,96613.1015625,97021.53125,96420.1015625,96437.359375,280469504
2025-01-07 22:00:00+00:00,97092.2734375,97157.296875,96436.3984375,96495.6484375,771493888
2025-01-07 23:00:00+00:00,96936.1875,97145.6015625,96834.7421875,97142.0625,627290112
2025-01-08 00:00:00+00:00,97216.3203125,97216.3203125,96706.765625,96938.7734375,0
2025-01-08 01:00:00+00:00,96858.0859375,97247.40625,96612.359375,97247.40625,187428864
2025-01-08 02:00:00+00:00,96920.1328125,97119.140625,96783.4296875,96884.671875,558931968
2025-01-08 03:00:00+00:00,96480.5703125,96868.2578125,96250.2421875,96868.2578125,1134739456
2025-01-08 04:00:00+00:00,96214.8984375,96579.1328125,96121.3359375,96508.4296875,1326727168
2025-01-08 05:00:00+00:00,96483.859375,96599.8125,96111.2734375,96255.421875,815353856
2025-01-08 06:00:00+00:00,95294.0703125,96591.0703125,95280.71875,96473.109375,1592717312
2025-01-08 07:00:00+00:00,95692.390625,95743.3203125,95263.8125,95263.8125,1667932160
2025-01-08 08:00:00+00:00,95939.7265625,96082.1875,95495.3828125,95644.8359375,801705984
2025-01-08 09:00:00+00:00,95549.515625,96065.3125,95549.515625,95920.640625,61014016
2025-01-08 10:00:00+00:00,95919.734375,95919.734375,95421.953125,95421.953125,157958144
2025-01-08 11:00:00+00:00,95161.71875,95998.890625,94632.4609375,95930.1875,391647232
2025-01-08 12:00:00+00:00,94857.25,95312.0234375,94857.25,95100.9375,650387456
2025-01-08 13:00:00+00:00,95385.0625,95605.4296875,94853.5859375,94853.5859375,1394085888
2025-01-08 14:00:00+00:00,95245.234375,95781.140625,95035.40625,95386.1953125,686317568
2025-01-08 15:00:00+00:00,95359.8984375,95889.078125,94706.8046875,95292.9609375,0
2025-01-08 16:00:00+00:00,94741.9609375,95453.0,94559.5625,95453.0,0
2025-01-08 17:00:00+00:00,93927.953125,94774.421875,92822.0234375,94743.3984375,2712739840
2025-01-08 18:00:00+00:00,94212.6796875,94980.6171875,93837.03125,94027.75,990150656
2025-01-08 19:00:00+00:00,94258.359375,94822.9921875,94116.8203125,94236.3671875,189091840
2025-01-08 20:00:00+00:00,93937.09375,94367.2890625,93771.5390625,94219.859375,0
2025-01-08 21:00:00+00:00,94468.34375,94495.765625,93718.109375,93933.6171875,0
2025-01-08 22:00:00+00:00,95233.4375,95233.4375,94456.9375,94456.9375,145629184
2025-01-08 23:00:00+00:00,95038.3125,95240.296875,94906.6484375,95240.296875,0
2025-01-09 00:00:00+00:00,95094.15625,95094.15625,94810.03125,95038.078125,0
2025-01-09 01:00:00+00:00,94951.859375,95314.75,94951.859375,95106.0234375,0
2025-01-09 02:00:00+00:00,94650.4765625,94979.953125,93625.15625,94979.953125,2434740224
2025-01-09 03:00:00+00:00,94026.609375,94739.015625,94026.609375,94739.015625,0
2025-01-09 04:00:00+00:00,94443.2734375,94443.2734375,93774.0703125,93990.734375,0
2025-01-09 05:00:00+00:00,94431.6015625,94500.8828125,94253.984375,94374.2578125,0
2025-01-09 06:00:00+00:00,94059.265625,94544.5,94025.6875,94422.2265625,0
2025-01-09 07:00:00+00:00,93219.71875,94256.7265625,93217.7265625,94053.6328125,0
2025-01-09 08:00:00+00:00,92945.7109375,93332.078125,92812.9453125,93208.5546875,1544724480
2025-01-09 09:00:00+00:00,93497.9921875,93654.6328125,92974.6015625,92974.6015625,701202432
2025-01-09 10:00:00+00:00,93391.9140625,93600.2421875,93025.1796875,93480.28125,178372608
2025-01-09 11:00:00+00:00,93409.7109375,93719.9765625,93307.984375,93394.0625,0
2025-01-09 12:00:00+00:00,93349.6953125,93638.203125,93189.25,93415.1328125,0
2025-01-09 13:00:00+00:00,92103.4140625,93429.3046875,92005.5078125,93345.84375,1102098432
2025-01-09 14:00:00+00:00,92699.453125,92699.453125,91826.828125,91900.65625,662974464
2025-01-09 15:00:00+00:00,94250.75,94380.671875,92681.546875,92827.40625,0
2025-01-09 16:00:00+00:00,94192.7421875,94547.3515625,93851.25,94207.0234375,0
2025-01-09 17:00:00+00:00,92792.5390625,94244.796875,92343.7421875,94228.078125,0
2025-01-09 18:00:00+00:00,93066.9140625,93145.71875,92440.96875,92659.328125,0
2025-01-09 19:00:00+00:00,92068.375,93272.3984375,92068.375,93017.78125,0
2025-01-09 20:00:00+00:00,92116.2890625,92213.171875,91232.859375,91937.265625,2925056000
2025-01-09 21:00:00+00:00,92068.65625,92436.0,91902.5078125,92070.5,665714688
2025-01-09 22:00:00+00:00,92511.65625,92666.2734375,91700.2578125,92100.03125,732758016
2025-01-09 23:00:00+00:00,92480.140625,92628.7890625,92105.4921875,92451.8828125,660291584
2025-01-10 00:00:00+00:00,92773.15625,92815.3125,92495.1875,92529.9921875,476803072
2025-01-10 01:00:00+00:00,93083.6484375,93114.1328125,92619.0859375,92739.2734375,296976384
2025-01-10 02:00:00+00:00,93378.046875,93607.5390625,93051.796875,93097.3984375,0
2025-01-10 03:00:00+00:00,93696.375,93696.375,93370.078125,93373.28125,0
2025-01-10 04:00:00+00:00,93791.875,93851.0,93512.5859375,93701.765625,0
2025-01-10 05:00:00+00:00,93934.2265625,94180.3203125,93677.7890625,93828.2578125,625934336
2025-01-10 06:00:00+00:00,94279.78125,94279.78125,93771.6484375,93953.140625,373960704
2025-01-10 07:00:00+00:00,94527.296875,94949.25,94093.390625,94267.15625,194875392
2025-01-10 08:00:00+00:00,94676.390625,94726.140625,94444.953125,94487.6875,0
2025-01-10 09:00:00+00:00,94794.0546875,94946.640625,94590.515625,94691.25,0
2025-01-10 10:00:00+00:00,95208.703125,95208.703125,94794.5390625,94794.5390625,0
2025-01-10 11:00:00+00:00,94957.3984375,95227.5546875,94720.0625,95227.5546875,0
2025-01-10 12:00:00+00:00,95039.0859375,95096.15625,94738.390625,95047.5390625,0
2025-01-10 13:00:00+00:00,93644.75,95012.46875,92884.6328125,95012.46875,1369354240
2025-01-10 14:00:00+00:00,94111.4140625,94455.7734375,93467.9765625,93619.8671875,1331318784
2025-01-10 15:00:00+00:00,93852.59375,94478.078125,92371.84375,94106.8359375,2698424320
2025-01-10 16:00:00+00:00,93699.9921875,93955.046875,93216.0,93726.09375,1081085952
2025-01-10 17:00:00+00:00,95742.3046875,95742.3046875,93346.3046875,93638.6796875,1464971264
2025-01-10 18:00:00+00:00,94941.7421875,95750.3828125,94668.65625,95750.3828125,1082241024
2025-01-10 19:00:00+00:00,95342.2734375,95351.8359375,94478.5625,94863.5234375,299798528
2025-01-10 20:00:00+00:00,94811.140625,95368.078125,94683.4140625,95313.6875,0
2025-01-10 21:00:00+00:00,94697.40625,94885.1640625,94643.2890625,94674.34375,0
2025-01-10 22:00:00+00:00,94735.59375,94850.875,94615.3046875,94629.734375,0
2025-01-10 23:00:00+00:00,94685.2734375,94864.90625,94670.046875,94741.984375,0
2025-01-11 00:00:00+00:00,94566.5625,94695.6171875,94344.7109375,94694.875,0
2025-01-11 01:00:00+00:00,94406.3125,94653.171875,94232.796875,94586.9296875,0
2025-01-11 02:00:00+00:00,94430.1953125,94475.828125,94204.421875,94396.4453125,0
2025-01-11 03:00:00+00:00,94167.421875,94398.2734375,94107.7578125,94350.5078125,0
2025-01-11 04:00:00+00:00,94029.140625,94272.1328125,93844.4375,94175.078125,0
2025-01-11 05:00:00+00:00,94336.7578125,94345.40625,94007.6640625,94031.4921875,0
2025-01-11 06:00:00+00:00,94248.0078125,94401.5,94241.484375,94341.7734375,0
2025-01-11 07:00:00+00:00,94189.1875,94287.4375,94148.6875,94239.1171875,0
2025-01-11 08:00:00+00:00,94083.28125,94355.484375,94035.828125,94218.4609375,0
2025-01-11 09:00:00+00:00,94289.3359375,94289.3359375,94031.328125,94048.0078125,0
2025-01-11 10:00:00+00:00,94446.03125,94475.7265625,94305.3359375,94315.53125,0
2025-01-11 11:00:00+00:00,94586.984375,94733.578125,94443.1171875,94457.75,0
2025-01-11 12:00:00+00:00,94526.4375,94603.3125,94491.8203125,94603.3125,0
2025-01-11 13:00:00+00:00,94375.6484375,94548.2421875,94334.984375,94522.78125,0
2025-01-11 14:00:00+00:00,94590.21875,94590.21875,94296.890625,94391.8359375,0
2025-01-11 15:00:00+00:00,94373.1640625,94587.625,94348.3203125,94569.796875,0
2025-01-11 16:00:00+00:00,94431.8125,94659.59375,94313.6015625,94382.6796875,0
2025-01-11 17:00:00+00:00,94073.328125,94368.7265625,93990.078125,94368.7265625,0
2025-01-11 18:00:00+00:00,94230.2421875,94251.2890625,94079.984375,94125.7265625,0
2025-01-11 19:00:00+00:00,94193.1171875,94280.3828125,94049.5078125,94235.2421875,0
2025-01-11 20:00:00+00:00,94557.9765625,94604.921875,94164.890625,94194.21875,0
2025-01-11 21:00:00+00:00,94906.078125,94926.0703125,94555.5859375,94562.65625,0
2025-01-11 22:00:00+00:00,94617.9375,94933.2890625,94571.1171875,94900.234375,115695616
2025-01-11 23:00:00+00:00,94555.1484375,94720.34375,94535.9296875,94558.8828125,0
2025-01-12 00:00:00+00:00,94400.3046875,94613.1171875,94400.3046875,94567.640625,0
2025-01-12 01:00:00+00:00,94477.609375,94480.6328125,94285.09375,94408.7890625,0
2025-01-12 02:00:00+00:00,94572.546875,94614.4921875,94443.84375,94531.71875,0
2025-01-12 03:00:00+00:00,94566.0546875,94630.3125,94393.015625,94572.2109375,0
2025-01-12 04:00:00+00:00,94501.1640625,94592.8984375,94459.78125,94583.890625,0
2025-01-12 05:00:00+00:00,94512.9765625,94586.6328125,94464.8203125,94542.078125,0
2025-01-12 06:00:00+00:00,94363.8359375,94570.7265625,94351.453125,94512.1171875,0
2025-01-12 07:00:00+00:00,94265.03125,94389.390625,94261.8515625,94352.546875,0
2025-01-12 08:00:00+00:00,94112.1953125,94334.1328125,94074.359375,94270.2109375,11769856
2025-01-12 09:00:00+00:00,93860.25,94165.359375,93743.234375,94105.6875,457631744
2025-01-12 10:00:00+00:00,93955.0078125,93980.390625,93806.2890625,93852.15625,231403520
2025-01-12 11:00:00+00:00,94231.125,94299.1015625,93951.0859375,93951.0859375,0
2025-01-12 12:00:00+00:00,94290.5390625,94536.34375,94133.6796875,94214.78125,229601280
2025-01-12 13:00:00+00:00,94618.0859375,94626.7734375,94282.484375,94289.328125,439724032
2025-01-12 14:00:00+00:00,94741.984375,94900.984375,94628.09375,94632.75,420427776
2025-01-12 15:00:00+00:00,95017.2109375,95290.3515625,94668.390625,94753.796875,828729344
2025-01-12 16:00:00+00:00,94991.1015625,95054.9296875,94790.7890625,95054.9296875,65597440
2025-01-12 17:00:00+00:00,95113.6171875,95187.078125,94976.3828125,95022.4609375,0
2025-01-12 18:00:00+00:00,94935.6171875,95226.84375,94888.1640625,95105.765625,132638720
2025-01-12 19:00:00+00:00,94604.1640625,94973.921875,94552.078125,94961.4765625,384342016
2025-01-12 20:00:00+00:00,94628.984375,94733.671875,94592.0390625,94603.0078125,0
2025-01-12 21:00:00+00:00,94294.03125,94641.953125,94294.03125,94641.953125,0
2025-01-12 22:00:00+00:00,93840.34375,94303.28125,93780.71875,94303.28125,297039872
2025-01-12 23:00:00+00:00,94491.4140625,94491.4140625,94032.4453125,94055.7109375,834031616
2025-01-13 00:00:00+00:00,95349.0390625,95805.546875,94445.671875,94489.796875,1708417024
2025-01-13 01:00:00+00:00,94184.203125,95286.4921875,94130.921875,95285.21875,1453418496
2025-01-13 02:00:00+00:00,94167.9765625,94422.171875,93920.75,94168.015625,1314394112
2025-01-13 03:00:00+00:00,94130.3671875,94325.28125,93977.625,94158.609375,739188736
2025-01-13 04:00:00+00:00,94495.3984375,94814.1875,94164.0,94176.109375,966021120
2025-01-13 05:00:00+00:00,94143.515625,94491.0,94035.8046875,94491.0,626616320
2025-01-13 06:00:00+00:00,93541.0546875,94264.859375,93287.0,94122.40625,1149231104
2025-01-13 07:00:00+00:00,93547.8828125,93834.4921875,93470.46875,93571.71875,992172032
2025-01-13 08:00:00+00:00,92975.265625,93548.65625,92874.9921875,93506.6640625,1178056704
2025-01-13 09:00:00+00:00,92846.8671875,93086.7421875,92713.65625,92988.6875,1303330816
2025-01-13 10:00:00+00:00,91626.8515625,92787.9921875,91313.578125,92787.9921875,2884730880
2025-01-13 11:00:00+00:00,90930.453125,91651.5859375,90814.328125,91568.78125,3957690368
2025-01-13 12:00:00+00:00,90764.21875,91147.0390625,90241.5390625,90768.453125,4310646784
2025-01-13 13:00:00+00:00,91013.59375,91631.3828125,90567.84375,90663.9453125,3461099520
2025-01-13 14:00:00+00:00,91915.4765625,92016.265625,89260.1015625,91047.96875,6392938496
2025-01-13 15:00:00+00:00,92209.2890625,92997.1875,91650.6328125,91877.640625,4668747776
2025-01-13 16:00:00+00:00,91279.7109375,92174.1796875,91279.7109375,92113.4140625,2802593792
2025-01-13 17:00:00+00:00,91897.0078125,92167.796875,91292.2109375,91292.2109375,2234318848
2025-01-13 18:00:00+00:00,92106.46875,92329.03125,91573.15625,92110.8984375,2043076608
2025-01-13 19:00:00+00:00,92248.5,92396.3828125,91671.953125,92032.3828125,1794625536
2025-01-13 20:00:00+00:00,93656.7890625,93656.7890625,91918.65625,92259.9296875,2561638400
2025-01-13 21:00:00+00:00,94160.921875,94419.421875,93555.40625,93562.8671875,2931228672
2025-01-13 22:00:00+00:00,94269.1015625,94611.2734375,94151.328125,94151.328125,778649600
2025-01-13 23:00:00+00:00,94572.3828125,94572.3828125,94214.28125,94396.3671875,0
2025-01-14 00:00:00+00:00,94445.8515625,94797.0390625,94330.8203125,94510.078125,0
2025-01-14 01:00:00+00:00,94783.3671875,94986.1640625,94507.4140625,94507.4140625,0
2025-01-14 02:00:00+00:00,94902.921875,95214.25,94741.328125,94822.4609375,85393408
2025-01-14 03:00:00+00:00,94827.8046875,95079.1640625,94822.3125,94865.0234375,0
2025-01-14 04:00:00+00:00,95077.15625,95100.375,94799.890625,94885.4921875,0
2025-01-14 05:00:00+00:00,94867.03125,95406.546875,94867.03125,95093.4375,220610560
2025-01-14 06:00:00+00:00,94934.4453125,94934.4453125,94737.8984375,94894.28125,0
2025-01-14 07:00:00+00:00,94863.59375,95112.5703125,94850.0,95007.1015625,0
2025-01-14 08:00:00+00:00,95488.5625,95737.1015625,94863.46875,94863.46875,519258112
2025-01-14 09:00:00+00:00,97101.984375,97346.2265625,95486.03125,95498.28125,1990467584
2025-01-14 10:00:00+00:00,96602.5859375,97151.5078125,96597.578125,97094.0390625,0
2025-01-14 11:00:00+00:00,96520.75,96628.609375,96356.9375,96628.609375,0
2025-01-14 12:00:00+00:00,96008.734375,96594.6484375,95979.8515625,96594.6484375,0
2025-01-14 13:00:00+00:00,96304.8125,97094.2890625,95747.078125,95959.4765625,0
2025-01-14 14:00:00+00:00,96163.8671875,97169.3828125,96106.4453125,96302.890625,0
2025-01-14 15:00:00+00:00,96567.3984375,96935.3671875,96207.3984375,96207.3984375,0
2025-01-14 16:00:00+00:00,95719.71875,96441.71875,95354.875,96441.71875,0
2025-01-14 17:00:00+00:00,96374.921875,96377.7578125,95563.0078125,95616.9296875,0
2025-01-14 18:00:00+00:00,96775.8046875,96888.1171875,96287.7421875,96482.6953125,0
2025-01-14 19:00:00+00:00,96489.5234375,97049.7421875,96489.5234375,96652.203125,0
2025-01-14 20:00:00+00:00,96357.6953125,96853.6015625,96216.0,96415.9921875,0
2025-01-14 21:00:00+00:00,96388.6328125,96595.3046875,96300.828125,96469.2578125,0
2025-01-14 22:00:00+00:00,96697.1640625,96697.1640625,96423.015625,96476.2578125,0
2025-01-14 23:00:00+00:00,96545.5546875,96728.3984375,96493.3125,96667.46875,0
2025-01-15 00:00:00+00:00,96883.1953125,97189.03125,96511.7109375,96552.5234375,84008960
2025-01-15 01:00:00+00:00,97411.421875,97411.421875,96832.484375,96832.484375,346669056
2025-01-15 02:00:00+00:00,96837.9140625,97353.8828125,96743.0078125,97323.4921875,0
2025-01-15 03:00:00+00:00,97264.4765625,97264.4765625,96737.1953125,96825.9140625,224407552
2025-01-15 04:00:00+00:00,97147.4375,97637.9140625,97081.0703125,97275.2109375,748797952
2025-01-15 05:00:00+00:00,96982.8203125,97176.390625,96760.703125,97151.3359375,111120384
2025-01-15 06:00:00+00:00,97049.8984375,97096.9765625,96831.84375,96982.75,0
2025-01-15 07:00:00+00:00,97255.40625,97508.5546875,97052.0625,97052.0625,139091968
2025-01-15 08:00:00+00:00,97187.828125,97460.6328125,97125.09375,97253.6875,0
2025-01-15 09:00:00+00:00,96771.421875,97304.6953125,96757.5,97172.1875,0
2025-01-15 10:00:00+00:00,96868.6171875,97084.1640625,96712.40625,96787.7734375,0
2025-01-15 11:00:00+00:00,96696.9609375,96892.6171875,96510.015625,96887.71875,0
2025-01-15 12:00:00+00:00,96880.1796875,97101.25,96515.9765625,96717.59375,0
2025-01-15 13:00:00+00:00,98893.390625,98983.6875,96838.015625,96895.7421875,1783001088
2025-01-15 14:00:00+00:00,99493.65625,99493.65625,98603.3828125,98957.734375,2614308864
2025-01-15 15:00:00+00:00,99209.421875,99727.078125,99184.765625,99469.40625,1001431040
2025-01-15 16:00:00+00:00,99035.3671875,99456.7734375,98899.7421875,99003.4375,0
2025-01-15 17:00:00+00:00,98652.546875,99334.9765625,98652.546875,99035.8515625,0
2025-01-15 18:00:00+00:00,99386.25,99386.25,98726.2890625,98726.2890625,0
2025-01-15 19:00:00+00:00,99854.84375,99916.1484375,99323.765625,99458.0,530370560
2025-01-15 20:00:00+00:00,99537.140625,100673.015625,99509.8125,99863.65625,1544273920
2025-01-15 21:00:00+00:00,99648.234375,99847.6796875,99546.9453125,99620.5703125,387366912
2025-01-15 22:00:00+00:00,99742.3984375,99811.3984375,99583.6875,99700.125,283492352
2025-01-15 23:00:00+00:00,100451.9765625,100451.9765625,99669.6171875,99761.6953125,1036259328
2025-01-16 00:00:00+00:00,99857.671875,100739.640625,99683.8515625,100500.3515625,1352970240
2025-01-16 01:00:00+00:00,100086.2265625,100153.109375,99864.015625,99890.8203125,0
2025-01-16 02:00:00+00:00,99612.5859375,100083.0078125,99496.1875,100083.0078125,0
2025-01-16 03:00:00+00:00,99471.203125,99811.671875,99221.2890625,99632.6953125,153587712
2025-01-16 04:00:00+00:00,99571.515625,99641.0390625,99460.4453125,99460.4453125,0
2025-01-16 05:00:00+00:00,99376.859375,99584.4609375,99355.1328125,99570.921875,0
2025-01-16 06:00:00+00:00,99765.1484375,99810.3984375,99359.359375,99366.0390625,366731264
2025-01-16 07:00:00+00:00,99728.875,99783.90625,99639.65625,99762.625,0
2025-01-16 08:00:00+00:00,98934.171875,99755.09375,98679.6328125,99747.8125,1100509184
2025-01-16 09:00:00+00:00,99113.0859375,99243.34375,98660.96875,98943.09375,0
2025-01-16 10:00:00+00:00,99205.4375,99356.671875,99101.9140625,99133.3828125,0
2025-01-16 11:00:00+00:00,99184.4375,99223.421875,98770.125,99185.296875,359395328
2025-01-16 12:00:00+00:00,99370.453125,99434.09375,98912.8046875,99097.1796875,483770368
2025-01-16 13:00:00+00:00,99055.828125,99359.140625,98838.34375,99359.140625,0
2025-01-16 14:00:00+00:00,97605.2890625,99297.8125,97583.59375,99056.4921875,0
2025-01-16 15:00:00+00:00,99146.984375,99146.984375,97421.203125,97421.203125,0
2025-01-16 16:00:00+00:00,99314.1015625,99777.046875,99123.0859375,99199.578125,1310212096
2025-01-16 17:00:00+00:00,99938.8984375,100301.671875,99204.375,99313.5625,798744576
2025-01-16 18:00:00+00:00,99542.265625,99972.015625,99310.8828125,99869.0390625,223404032
2025-01-16 19:00:00+00:00,100412.46875,100412.46875,99454.078125,99515.65625,0
2025-01-16 20:00:00+00:00,100488.1796875,100600.796875,100324.0859375,100404.1953125,0
2025-01-16 21:00:00+00:00,100133.7578125,100359.09375,99739.203125,100359.09375,91045888
2025-01-16 22:00:00+00:00,99739.234375,100119.484375,99391.8046875,100119.484375,48439296
2025-01-16 23:00:00+00:00,100049.921875,100090.0,99773.9140625,99800.2265625,0
2025-01-17 00:00:00+00:00,100122.9765625,100349.4375,99949.6953125,99981.2734375,0
2025-01-17 01:00:00+00:00,101656.5,101726.90625,100058.4609375,100140.8828125,2241904640
2025-01-17 02:00:00+00:00,101033.921875,102036.5859375,100803.6015625,101649.0390625,2390626304
2025-01-17 03:00:00+00:00,101007.3984375,101187.2421875,100929.765625,101063.671875,64643072
2025-01-17 04:00:00+00:00,101343.4609375,101374.0546875,100936.578125,100998.5234375,400302080
2025-01-17 05:00:00+00:00,101316.015625,101673.2265625,101316.015625,101435.2734375,1019260928
2025-01-17 06:00:00+00:00,101341.0625,101536.484375,101296.46875,101319.3671875,0
2025-01-17 07:00:00+00:00,101450.9375,101761.8125,101353.359375,101353.359375,941785088
2025-01-17 08:00:00+00:00,102112.8515625,102130.3671875,101515.6015625,101526.3515625,967766016
2025-01-17 09:00:00+00:00,101795.0703125,102227.1171875,101745.015625,102086.8046875,135667712
2025-01-17 10:00:00+00:00,102268.828125,102499.046875,101818.3125,101849.1640625,1810014208
2025-01-17 11:00:00+00:00,102235.3359375,102405.546875,102103.6953125,102272.84375,0
2025-01-17 12:00:00+00:00,102739.984375,102883.65625,102205.6328125,102229.25,600023040
2025-01-17 13:00:00+00:00,102440.0859375,102899.609375,102440.0859375,102743.3125,0
2025-01-17 14:00:00+00:00,103226.09375,103265.359375,102449.78125,102498.5546875,399581184
2025-01-17 15:00:00+00:00,103926.4375,104241.9296875,103344.4140625,103379.8046875,2034307072
2025-01-17 16:00:00+00:00,104966.3984375,105012.125,103921.1953125,103984.296875,1014685696
2025-01-17 17:00:00+00:00,104122.96875,105198.3203125,104122.96875,105008.1015625,1373990912
2025-01-17 18:00:00+00:00,104857.4765625,104961.9375,104101.734375,104101.734375,1163784192
2025-01-17 19:00:00+00:00,105844.7578125,105844.7578125,104844.671875,104865.15625,2164989952
2025-01-17 20:00:00+00:00,104661.8359375,105848.5,104624.390625,105841.6328125,1359003648
2025-01-17 21:00:00+00:00,104668.9765625,105063.171875,104534.5,104682.25,704962560
2025-01-17 22:00:00+00:00,104451.5,104676.640625,104328.421875,104646.40625,315817984
2025-01-17 23:00:00+00:00,104167.921875,104514.7578125,104167.921875,104305.7578125,0
2025-01-18 00:00:00+00:00,104600.203125,104622.78125,104114.4140625,104114.4140625,0
2025-01-18 01:00:00+00:00,104273.6953125,104628.7734375,104152.4296875,104628.7734375,0
2025-01-18 02:00:00+00:00,104288.03125,104469.6015625,104251.3203125,104288.5625,0
2025-01-18 03:00:00+00:00,103564.0078125,104446.2265625,103278.28125,104305.7734375,824365056
2025-01-18 04:00:00+00:00,103510.8515625,103620.8828125,102672.7734375,103502.1953125,1210699776
2025-01-18 05:00:00+00:00,102874.640625,103690.7109375,102874.640625,103583.90625,192204800
2025-01-18 06:00:00+00:00,103429.6171875,103522.0234375,102802.796875,102802.796875,1556447232
2025-01-18 07:00:00+00:00,102774.015625,103415.2109375,102592.2109375,103412.203125,0
2025-01-18 08:00:00+00:00,103208.453125,103247.6796875,102263.453125,102736.6328125,0
2025-01-18 09:00:00+00:00,103099.0703125,103377.03125,103030.828125,103190.4609375,0
2025-01-18 10:00:00+00:00,103186.3359375,103194.171875,102793.5703125,103069.5078125,0
2025-01-18 11:00:00+00:00,103525.5859375,103760.3125,102895.2890625,103109.3828125,579932160
2025-01-18 12:00:00+00:00,103442.3203125,103921.6875,103343.4140625,103540.3359375,0
2025-01-18 13:00:00+00:00,104212.421875,104212.421875,103132.703125,103416.5625,0
2025-01-18 14:00:00+00:00,103957.78125,104418.0390625,103731.0390625,104307.5,0
2025-01-18 15:00:00+00:00,104723.6953125,104885.96875,103753.046875,103932.2265625,0
2025-01-18 16:00:00+00:00,103278.828125,104618.0625,103120.921875,104543.6328125,0
2025-01-18 17:00:00+00:00,103801.171875,104084.6328125,103176.5625,103176.5625,0
2025-01-18 18:00:00+00:00,104006.515625,104255.421875,103743.5703125,103785.9375,0
2025-01-18 19:00:00+00:00,104281.59375,104392.109375,104006.234375,104013.0859375,0
2025-01-18 20:00:00+00:00,103881.625,104375.2421875,103710.59375,104312.3828125,0
2025-01-18 21:00:00+00:00,103785.0,104139.9375,103784.8359375,103910.9296875,0
2025-01-18 22:00:00+00:00,104181.1796875,104182.1171875,103785.625,103788.7421875,0
2025-01-18 23:00:00+00:00,104385.1171875,104559.734375,104183.125,104183.125,403222528
2025-01-19 00:00:00+00:00,104068.328125,104428.34375,104057.3046875,104428.34375,0
2025-01-19 01:00:00+00:00,104391.5625,104548.65625,103921.40625,104046.9140625,0
2025-01-19 02:00:00+00:00,104780.171875,105290.671875,104385.734375,104385.734375,1261662208
2025-01-19 03:00:00+00:00,104940.7578125,105043.5078125,104495.109375,104771.0546875,0
2025-01-19 04:00:00+00:00,104875.0078125,105036.53125,104590.3359375,104856.4921875,0
2025-01-19 05:00:00+00:00,104976.8984375,104976.8984375,104200.40625,104922.78125,4673536
2025-01-19 06:00:00+00:00,105367.3046875,105367.3046875,104935.5234375,105007.359375,0
2025-01-19 07:00:00+00:00,105045.5390625,105446.453125,104802.7109375,105446.453125,326594560
2025-01-19 08:00:00+00:00,104229.421875,104995.7265625,104196.8046875,104995.7265625,0
2025-01-19 09:00:00+00:00,105110.125,105218.6953125,103405.140625,104249.609375,3486867456
2025-01-19 10:00:00+00:00,104700.5859375,105017.375,104299.34375,105017.375,968806400
2025-01-19 11:00:00+00:00,104220.9375,105147.8984375,104092.6484375,104644.0390625,937820160
2025-01-19 12:00:00+00:00,104803.8515625,104803.8515625,104220.4375,104233.5703125,1159933952
2025-01-19 13:00:00+00:00,104919.7421875,105161.3203125,104729.546875,104778.609375,677564416
2025-01-19 14:00:00+00:00,105025.3125,105376.7890625,104666.3671875,104704.65625,1872265216
2025-01-19 15:00:00+00:00,104767.3359375,105067.4765625,104433.4765625,105067.4765625,456564736
2025-01-19 16:00:00+00:00,104825.3828125,104988.6328125,104569.296875,104715.71875,0
2025-01-19 17:00:00+00:00,104944.1875,104968.171875,104399.8984375,104814.3828125,0
2025-01-19 18:00:00+00:00,104838.5546875,105111.9375,104790.609375,105031.6484375,0
2025-01-19 19:00:00+00:00,105955.203125,105955.203125,104879.125,104879.125,402513920
2025-01-19 20:00:00+00:00,106209.3203125,106227.5,105494.484375,106037.59375,1637105664
2025-01-19 21:00:00+00:00,103580.71875,106159.0,103580.71875,106159.0,3727130624
2025-01-19 22:00:00+00:00,103094.6328125,104278.109375,101870.5234375,103472.390625,5885726720
2025-01-19 23:00:00+00:00,100968.796875,102608.9765625,99622.890625,102608.9765625,8172294144
2025-01-20 00:00:00+00:00,99771.75,101424.3203125,99664.6640625,100853.953125,5548957696
2025-01-20 01:00:00+00:00,100463.078125,100792.9921875,99651.46875,99821.953125,4262215680
2025-01-20 02:00:00+00:00,101797.6640625,101990.90625,100611.5546875,100611.5546875,2446163968
2025-01-20 03:00:00+00:00,101674.65625,101965.125,101371.8203125,101804.5703125,1666826240
2025-01-20 04:00:00+00:00,102159.34375,102448.9375,101495.8515625,101765.4765625,446283776
2025-01-20 05:00:00+00:00,102232.4609375,102640.875,102113.6796875,102113.6796875,238469120
2025-01-20 06:00:00+00:00,107157.2109375,109110.390625,102158.9453125,102246.9609375,7216791552
2025-01-20 07:00:00+00:00,107023.7890625,108939.234375,107023.7890625,107157.2109375,10928267264
2025-01-20 08:00:00+00:00,108181.09375,108181.09375,107042.421875,107042.421875,1942790144
2025-01-20 09:00:00+00:00,108018.796875,108969.9765625,107500.375,108156.4140625,0
2025-01-20 10:00:00+00:00,107810.40625,108469.421875,107669.7421875,107996.6328125,89784320
2025-01-20 11:00:00+00:00,108097.4375,108353.0859375,107747.59375,107841.7265625,0
2025-01-20 12:00:00+00:00,106841.9453125,108499.40625,105573.1328125,108146.6875,3419717632
2025-01-20 13:00:00+00:00,107791.046875,107827.265625,106562.6640625,106797.890625,1669464064
2025-01-20 14:00:00+00:00,107769.453125,107875.3515625,107290.7578125,107813.0703125,0
2025-01-20 15:00:00+00:00,104849.1015625,107840.640625,104628.484375,107559.3359375,819707904
2025-01-20 16:00:00+00:00,106671.5390625,106671.5390625,104324.6796875,104951.78125,5198151680
2025-01-20 17:00:00+00:00,102875.953125,106560.609375,100768.6328125,106560.609375,14703935488
2025-01-20 18:00:00+00:00,104016.875,104334.1953125,102797.1640625,102797.1640625,5403484160
2025-01-20 19:00:00+00:00,103685.234375,103842.640625,102698.1015625,103842.640625,1328742400
2025-01-20 20:00:00+00:00,103739.0,104139.1796875,103325.28125,103596.734375,0
2025-01-20 21:00:00+00:00,102695.25,103913.1953125,102695.25,103556.9609375,0
2025-01-20 22:00:00+00:00,103548.734375,103622.078125,101956.078125,102489.765625,0
2025-01-20 23:00:00+00:00,102082.0234375,103493.3671875,101684.484375,103493.3671875,0
2025-01-21 00:00:00+00:00,101252.34375,102456.28125,101252.34375,102130.6484375,0
2025-01-21 01:00:00+00:00,101432.71875,101983.15625,100103.953125,101040.765625,966918144
2025-01-21 02:00:00+00:00,102435.6484375,102529.0390625,101139.4921875,101356.5859375,65585152
2025-01-21 03:00:00+00:00,102892.5703125,103027.453125,102196.78125,102305.375,0
2025-01-21 04:00:00+00:00,102118.53125,102823.25,101921.5625,102823.25,72712192
2025-01-21 05:00:00+00:00,101279.3671875,102358.46875,101271.671875,102200.390625,0
2025-01-21 06:00:00+00:00,101962.828125,101999.5859375,101137.6328125,101260.0859375,0
2025-01-21 07:00:00+00:00,101834.875,102319.5078125,101833.1328125,101993.9609375,0
2025-01-21 08:00:00+00:00,102272.609375,102298.0546875,101719.3203125,101882.546875,0
2025-01-21 09:00:00+00:00,102555.796875,102678.9453125,102039.1484375,102350.3046875,0
2025-01-21 10:00:00+00:00,103060.0546875,103160.53125,102525.4921875,102573.09375,0
2025-01-21 11:00:00+00:00,103665.421875,103838.5703125,103036.90625,103036.90625,615112704
2025-01-21 12:00:00+00:00,104366.015625,104598.1796875,103582.3359375,103671.9453125,0
2025-01-21 13:00:00+00:00,104327.2421875,104868.25,104105.0234375,104412.9375,0
2025-01-21 14:00:00+00:00,102967.671875,105042.1953125,102967.671875,104372.9609375,1202520064
2025-01-21 15:00:00+00:00,103862.4765625,103862.4765625,102822.71875,103243.140625,0
2025-01-21 16:00:00+00:00,104911.2578125,106302.28125,103813.890625,103813.890625,678281216
2025-01-21 17:00:00+00:00,106106.2265625,106243.1640625,104895.140625,104900.703125,0
2025-01-21 18:00:00+00:00,106913.3984375,107156.8828125,105928.2421875,106148.09375,0
2025-01-21 19:00:00+00:00,107096.109375,107096.109375,106389.25,106848.0859375,0
2025-01-21 20:00:00+00:00,106168.4765625,107098.890625,106011.859375,107044.3515625,806838272
2025-01-21 21:00:00+00:00,106760.9609375,106760.9609375,105865.5859375,106144.4921875,685965312
2025-01-21 22:00:00+00:00,106036.78125,106790.015625,106036.78125,106790.015625,0
2025-01-21 23:00:00+00:00,106193.625,106193.625,105511.453125,106003.53125,0
2025-01-22 00:00:00+00:00,105926.640625,106234.6640625,105837.2890625,106153.734375,0
2025-01-22 01:00:00+00:00,105727.65625,106294.34375,105498.109375,105954.03125,0
2025-01-22 02:00:00+00:00,105728.46875,106100.75,105722.3515625,105763.015625,0
2025-01-22 03:00:00+00:00,105647.3984375,105881.4609375,105638.796875,105638.796875,0
2025-01-22 04:00:00+00:00,105484.1484375,105776.34375,105418.578125,105607.78125,0
2025-01-22 05:00:00+00:00,105703.953125,105813.2265625,105515.328125,105563.7265625,0
2025-01-22 06:00:00+00:00,105364.1640625,105904.421875,105250.7890625,105679.1484375,0
2025-01-22 07:00:00+00:00,105113.1484375,105570.640625,105078.0625,105358.4921875,0
2025-01-22 08:00:00+00:00,105247.2734375,105261.78125,104740.84375,105088.171875,187580416
2025-01-22 09:00:00+00:00,104958.328125,105248.234375,104939.515625,105248.234375,0
2025-01-22 10:00:00+00:00,105086.234375,105105.0859375,104694.40625,104961.046875,0
2025-01-22 11:00:00+00:00,105291.171875,105392.8515625,104786.0390625,105096.84375,0
2025-01-22 12:00:00+00:00,105309.3046875,105544.875,105040.6875,105040.6875,0
2025-01-22 13:00:00+00:00,104068.5390625,105275.2109375,103920.234375,105268.28125,0
2025-01-22 14:00:00+00:00,104500.1328125,104690.9140625,103691.5859375,104022.7265625,0
2025-01-22 15:00:00+00:00,104398.2265625,105064.1953125,104048.8984375,104242.9296875,0
2025-01-22 16:00:00+00:00,103699.265625,104297.1015625,103370.234375,104297.1015625,0
2025-01-22 17:00:00+00:00,104290.5703125,104542.5546875,103711.34375,103731.0078125,0
2025-01-22 18:00:00+00:00,103921.2578125,104622.6796875,103842.7578125,104341.8671875,0
2025-01-22 19:00:00+00:00,104611.3359375,104696.6328125,103903.0234375,103903.0234375,0
2025-01-22 20:00:00+00:00,104391.625,104754.25,104082.1875,104514.5078125,0
2025-01-22 21:00:00+00:00,104071.296875,104270.1796875,103682.3046875,104270.1796875,0
2025-01-22 22:00:00+00:00,104029.3359375,104411.453125,103783.28125,104075.8828125,0
2025-01-22 23:00:00+00:00,103670.3125,104081.2890625,103654.1171875,103816.96875,0
2025-01-23 00:00:00+00:00,103312.1796875,103724.546875,103064.859375,103654.8125,0
2025-01-23 01:00:00+00:00,102839.5703125,103559.3671875,102649.984375,103263.828125,159162368
2025-01-23 02:00:00+00:00,102645.40625,102878.9453125,102079.8984375,102878.9453125,1772613632
2025-01-23 03:00:00+00:00,102320.21875,102906.5546875,102176.2421875,102598.4140625,412205056
2025-01-23 04:00:00+00:00,102008.6015625,102391.828125,101534.4140625,102379.7421875,1770446848
2025-01-23 05:00:00+00:00,102386.546875,102513.7109375,101926.875,101926.875,1207611392
2025-01-23 06:00:00+00:00,102205.6796875,102837.328125,102205.6796875,102431.8125,386801664
2025-01-23 07:00:00+00:00,102654.4921875,102654.4921875,102031.703125,102181.859375,756781056
2025-01-23 08:00:00+00:00,102169.453125,102587.40625,102052.5078125,102539.2890625,0
2025-01-23 09:00:00+00:00,101663.4453125,102396.296875,101606.546875,102183.2421875,1091112960
2025-01-23 10:00:00+00:00,101611.203125,101949.828125,101259.078125,101654.703125,1410387968
2025-01-23 11:00:00+00:00,101931.96875,102137.125,101715.625,101752.703125,567984128
2025-01-23 12:00:00+00:00,101606.21875,102054.953125,101411.171875,101927.0859375,1045676032
2025-01-23 13:00:00+00:00,102563.6953125,102563.6953125,101321.1015625,101585.515625,713461760
2025-01-23 14:00:00+00:00,104813.5,105870.7421875,102048.7421875,102480.6171875,3854176256
2025-01-23 15:00:00+00:00,105050.21875,105737.2109375,103048.8515625,104992.0234375,9395929088
2025-01-23 16:00:00+00:00,105175.953125,106737.7109375,105127.2734375,105197.0078125,4664188928
2025-01-23 17:00:00+00:00,105912.9140625,106208.5,104535.265625,104589.0546875,1872945152
2025-01-23 18:00:00+00:00,105548.78125,106055.265625,105202.46875,105945.1953125,530341888
2025-01-23 19:00:00+00:00,103811.0,105478.109375,103524.671875,105418.640625,841375744
2025-01-23 20:00:00+00:00,103547.2421875,106213.1875,102881.640625,103785.2890625,11646795776
2025-01-23 21:00:00+00:00,103189.125,103291.4453125,102523.4921875,103092.6015625,3628859392
2025-01-23 22:00:00+00:00,103909.8125,104410.4609375,103126.3046875,103126.3046875,2324307968
2025-01-23 23:00:00+00:00,104064.984375,104511.125,103870.984375,103987.9296875,398524416
2025-01-24 00:00:00+00:00,103470.09375,104150.9921875,103449.0,103925.5625,0
2025-01-24 01:00:00+00:00,103118.1796875,103837.4140625,103070.53125,103445.40625,0
2025-01-24 02:00:00+00:00,103023.953125,103480.171875,102979.3125,103220.75,0
2025-01-24 03:00:00+00:00,103895.8359375,104179.2890625,102816.359375,103024.5859375,1181835264
2025-01-24 04:00:00+00:00,104653.6015625,104685.078125,103810.3046875,103895.1484375,0
2025-01-24 05:00:00+00:00,105206.6875,105206.6875,104570.9765625,104571.28125,0
2025-01-24 06:00:00+00:00,104950.78125,105237.140625,104647.1875,105202.484375,0
2025-01-24 07:00:00+00:00,105000.6796875,105113.9296875,104661.6796875,104977.3828125,0
2025-01-24 08:00:00+00:00,105499.265625,105547.640625,104932.546875,105111.8359375,0
2025-01-24 09:00:00+00:00,105152.515625,105736.1796875,105120.0078125,105490.3125,0
2025-01-24 10:00:00+00:00,105372.921875,105385.421875,105095.4296875,105176.421875,0
2025-01-24 11:00:00+00:00,105441.671875,105479.1875,105228.4140625,105400.0703125,0
2025-01-24 12:00:00+00:00,105486.2265625,105547.8046875,105227.5703125,105452.21875,0
2025-01-24 13:00:00+00:00,105135.9375,105652.1796875,105003.09375,105491.2578125,0
2025-01-24 14:00:00+00:00,105850.40625,106137.015625,104819.109375,105087.453125,0
2025-01-24 15:00:00+00:00,105906.8984375,105935.5859375,105323.7421875,105776.8359375,0
2025-01-24 16:00:00+00:00,105790.4921875,106147.4765625,105790.4921875,105879.5,0
2025-01-24 17:00:00+00:00,106437.4453125,106700.078125,105673.4453125,105673.4453125,0
2025-01-24 18:00:00+00:00,106176.8828125,107057.9140625,106161.6484375,106476.03125,435208192
2025-01-24 19:00:00+00:00,105853.03125,106461.0390625,105763.9921875,106307.8203125,0
2025-01-24 20:00:00+00:00,105250.4296875,105800.1953125,104848.2265625,105800.1953125,0
2025-01-24 21:00:00+00:00,105082.625,105336.3203125,104820.03125,104820.03125,0
2025-01-24 22:00:00+00:00,104861.6484375,105323.0546875,104861.6484375,105090.03125,0
2025-01-24 23:00:00+00:00,104840.0625,104855.328125,104470.03125,104776.96875,0
2025-01-25 00:00:00+00:00,104415.6875,104839.46875,104402.9140625,104839.46875,0
2025-01-25 01:00:00+00:00,104719.0859375,104784.3515625,104404.4375,104416.640625,0
2025-01-25 02:00:00+00:00,104501.3828125,104755.875,104476.6953125,104619.921875,0
2025-01-25 03:00:00+00:00,105169.0,105169.0,104455.0703125,104517.28125,0
2025-01-25 04:00:00+00:00,104632.546875,105142.84375,104621.5234375,105142.84375,0
2025-01-25 05:00:00+00:00,104305.5390625,104649.0703125,104280.6953125,104604.2578125,0
2025-01-25 06:00:00+00:00,104270.453125,104412.734375,104193.8515625,104293.625,0
2025-01-25 07:00:00+00:00,104345.328125,104451.0,104266.0,104266.0,0
2025-01-25 08:00:00+00:00,104281.875,104455.5859375,104148.515625,104343.359375,0
2025-01-25 09:00:00+00:00,104350.6015625,104410.171875,104253.703125,104308.3359375,0
2025-01-25 10:00:00+00:00,104531.2890625,104565.1953125,104130.703125,104342.4921875,0
2025-01-25 11:00:00+00:00,104650.4921875,104666.4375,104382.0,104519.5546875,0
2025-01-25 12:00:00+00:00,104729.0625,104751.40625,104448.8046875,104615.3359375,0
2025-01-25 13:00:00+00:00,104694.3359375,104824.5234375,104626.1796875,104731.9140625,0
2025-01-25 14:00:00+00:00,104585.796875,104686.59375,104486.3984375,104686.59375,0
2025-01-25 15:00:00+00:00,104913.484375,105023.1484375,104583.2734375,104583.2734375,0
2025-01-25 16:00:00+00:00,104629.8828125,104962.0234375,104595.5703125,104904.8359375,0
2025-01-25 17:00:00+00:00,104777.1484375,104810.125,104484.2890625,104638.3984375,0
2025-01-25 18:00:00+00:00,104942.3046875,105232.34375,104839.78125,104889.953125,0
2025-01-25 19:00:00+00:00,105052.140625,105156.3515625,104938.8203125,104994.0546875,0
2025-01-25 20:00:00+00:00,104953.7578125,105163.8515625,104953.7578125,105052.140625,0
2025-01-25 21:00:00+00:00,105077.09375,105086.53125,104880.1796875,104937.125,0
2025-01-25 22:00:00+00:00,105068.9453125,105217.6484375,104991.421875,105083.109375,0
2025-01-25 23:00:00+00:00,104696.578125,105061.828125,104684.4140625,105061.828125,0
2025-01-26 00:00:00+00:00,104586.59375,104804.078125,104543.6328125,104720.7578125,0
2025-01-26 01:00:00+00:00,104597.0625,104723.109375,104516.9765625,104576.21875,0
2025-01-26 02:00:00+00:00,104630.6796875,104670.5078125,104512.65625,104542.0390625,0
2025-01-26 03:00:00+00:00,104985.0859375,105176.078125,104645.8984375,104645.8984375,0
2025-01-26 04:00:00+00:00,105147.5078125,105360.6875,104971.796875,105029.0625,82051072
2025-01-26 05:00:00+00:00,105078.9296875,105159.125,104978.6796875,105159.125,0
2025-01-26 06:00:00+00:00,104961.3984375,105071.1171875,104959.140625,105068.0625,0
2025-01-26 07:00:00+00:00,104971.078125,105046.25,104919.0234375,104959.1015625,0
2025-01-26 08:00:00+00:00,105010.65625,105144.53125,104846.1640625,104969.0703125,0
2025-01-26 09:00:00+00:00,104611.765625,105002.1640625,104445.6328125,105002.1640625,444450816
2025-01-26 10:00:00+00:00,104662.75,104680.7734375,104494.140625,104618.796875,0
2025-01-26 11:00:00+00:00,104809.2421875,104814.5859375,104664.2421875,104677.921875,0
2025-01-26 12:00:00+00:00,104828.265625,104828.265625,104692.078125,104800.4765625,0
2025-01-26 13:00:00+00:00,104940.7578125,105008.8203125,104846.1640625,104868.46875,11986944
2025-01-26 14:00:00+00:00,104949.390625,104980.8671875,104802.25,104863.921875,0
2025-01-26 15:00:00+00:00,104976.484375,105036.640625,104890.78125,104934.984375,0
2025-01-26 16:00:00+00:00,104933.890625,105003.0078125,104895.1171875,104976.28125,0
2025-01-26 17:00:00+00:00,104960.421875,105027.0078125,104910.5625,104921.265625,0
2025-01-26 18:00:00+00:00,105129.765625,105227.3046875,104933.8671875,104939.1484375,0
2025-01-26 19:00:00+00:00,105065.9296875,105205.6328125,105032.5546875,105174.8359375,0
2025-01-26 20:00:00+00:00,104905.5234375,105165.3125,104905.5234375,105071.9375,0
2025-01-26 21:00:00+00:00,104713.5625,104965.6015625,104589.65625,104935.03125,205416448
2025-01-26 22:00:00+00:00,104312.359375,104682.1953125,104312.359375,104630.8046875,418101248
2025-01-26 23:00:00+00:00,102545.53125,104335.9140625,102545.53125,104335.9140625,3674683392
2025-01-27 00:00:00+00:00,101615.4765625,103186.03125,101615.4765625,102614.0078125,2631344128
2025-01-27 01:00:00+00:00,101345.8203125,102013.6484375,101299.8046875,101696.7578125,3793553408
2025-01-27 02:00:00+00:00,100905.171875,101503.6484375,100876.125,101350.2890625,3164534784
2025-01-27 03:00:00+00:00,101343.9296875,101753.3671875,100836.75,100934.390625,1701525504
2025-01-27 04:00:00+00:00,100370.75,101348.5703125,100261.71875,101348.5703125,2068961280
2025-01-27 05:00:00+00:00,100339.5546875,100650.2109375,99707.296875,100336.6875,2821771264
2025-01-27 06:00:00+00:00,98859.171875,100408.625,98855.03125,100294.46875,4449525760
2025-01-27 07:00:00+00:00,99010.265625,99321.8359375,97906.9765625,98934.3984375,5705945088
2025-01-27 08:00:00+00:00,98964.0703125,99289.3515625,98744.5078125,99024.9453125,2738073600
2025-01-27 09:00:00+00:00,99352.8828125,99432.1484375,98797.9296875,99016.34375,1613090816
2025-01-27 10:00:00+00:00,98325.734375,99365.5390625,98272.921875,99365.5390625,2204934144
2025-01-27 11:00:00+00:00,98816.921875,99261.578125,98362.2890625,98362.2890625,2582937600
2025-01-27 12:00:00+00:00,100622.7578125,100671.515625,98776.7265625,98776.7265625,2981806080
2025-01-27 13:00:00+00:00,100558.4609375,101566.5,100155.6875,100639.7578125,4708003840
2025-01-27 14:00:00+00:00,102057.0546875,102267.6953125,100171.9921875,100489.8515625,5270949888
2025-01-27 15:00:00+00:00,101333.484375,102037.625,100954.7578125,101994.6875,3791159296
2025-01-27 16:00:00+00:00,99639.59375,101205.9921875,99639.59375,101128.15625,3429982208
2025-01-27 17:00:00+00:00,99204.6484375,99922.515625,99121.125,99691.96875,3010912256
2025-01-27 18:00:00+00:00,99047.5234375,99607.2890625,99005.7421875,99127.7890625,1805041664
2025-01-27 19:00:00+00:00,99603.0390625,99847.96875,99121.1171875,99121.1171875,2390401024
2025-01-27 20:00:00+00:00,101646.875,101686.96875,99643.859375,99674.4453125,2924568576
2025-01-27 21:00:00+00:00,101373.21875,102251.3984375,100986.5,101426.3671875,2830057472
2025-01-27 22:00:00+00:00,101685.4921875,101891.1171875,101365.328125,101365.328125,499728384
2025-01-27 23:00:00+00:00,102143.265625,102143.265625,101740.171875,101836.3203125,0
2025-01-28 00:00:00+00:00,101935.21875,102789.421875,101860.2109375,102097.46875,0
2025-01-28 01:00:00+00:00,101472.609375,101924.4296875,101472.609375,101857.1640625,0
2025-01-28 02:00:00+00:00,102319.28125,102358.8515625,101363.5625,101363.5625,0
2025-01-28 03:00:00+00:00,102624.1640625,102786.5234375,102059.796875,102388.1171875,0
2025-01-28 04:00:00+00:00,102930.1015625,103339.625,102612.4375,102623.421875,0
2025-01-28 05:00:00+00:00,102981.2890625,103318.75,102847.6640625,102927.2578125,0
2025-01-28 06:00:00+00:00,102746.09375,103160.859375,102640.7734375,103022.5390625,0
2025-01-28 07:00:00+00:00,102731.328125,103315.484375,102553.1328125,102749.34375,0
2025-01-28 08:00:00+00:00,102807.875,102997.5078125,102664.6484375,102779.3125,0
2025-01-28 09:00:00+00:00,102897.9609375,102916.640625,102456.7734375,102815.8671875,0
2025-01-28 10:00:00+00:00,102726.8046875,103144.3359375,102618.5703125,102920.0625,0
2025-01-28 11:00:00+00:00,102774.9609375,102904.203125,102600.328125,102726.515625,0
2025-01-28 12:00:00+00:00,102579.8125,102955.4140625,102496.0859375,102719.1640625,0
2025-01-28 13:00:00+00:00,102597.1015625,102916.90625,102531.9140625,102619.7109375,0
2025-01-28 14:00:00+00:00,102725.4921875,102805.3046875,101884.0,102571.515625,0
2025-01-28 15:00:00+00:00,102661.8203125,103730.8203125,102661.8203125,102777.3671875,0
2025-01-28 16:00:00+00:00,102166.453125,102778.9609375,101999.875,102778.9609375,0
2025-01-28 17:00:00+00:00,102669.5859375,103087.5546875,102278.6015625,102278.6015625,0
2025-01-28 18:00:00+00:00,102183.1484375,102997.6875,102183.1484375,102582.484375,0
2025-01-28 19:00:00+00:00,102446.234375,102611.4296875,101859.1171875,102162.4140625,0
2025-01-28 20:00:00+00:00,101185.9140625,102456.09375,101185.9140625,102416.5859375,0
2025-01-28 21:00:00+00:00,100285.8828125,101430.7578125,100285.8828125,101217.890625,0
2025-01-28 22:00:00+00:00,101137.1171875,101242.1484375,100265.703125,100265.703125,680923136
2025-01-28 23:00:00+00:00,101327.4140625,101351.7578125,100768.546875,101007.015625,0
2025-01-29 00:00:00+00:00,101642.265625,101763.0,101287.8359375,101287.8359375,0
2025-01-29 01:00:00+00:00,101779.859375,101873.921875,101438.75,101656.96875,0
2025-01-29 02:00:00+00:00,101733.28125,102209.0390625,101662.75,101777.1171875,0
2025-01-29 03:00:00+00:00,102027.8515625,102088.4765625,101734.921875,101734.921875,0
2025-01-29 04:00:00+00:00,101973.09375,102154.6015625,101971.421875,102021.9296875,0
2025-01-29 05:00:00+00:00,102202.078125,102304.1875,101959.890625,101970.609375,0
2025-01-29 06:00:00+00:00,102702.5546875,102712.96875,102212.46875,102212.46875,175525888
2025-01-29 07:00:00+00:00,102663.0546875,102772.4765625,102461.5625,102772.4765625,0
2025-01-29 08:00:00+00:00,102675.328125,102928.484375,102666.421875,102699.46875,41369600
2025-01-29 09:00:00+00:00,102304.0703125,102718.46875,102304.0703125,102694.6484375,0
2025-01-29 10:00:00+00:00,102509.9296875,102643.296875,102192.7265625,102293.078125,0
2025-01-29 11:00:00+00:00,102541.5,102710.2109375,102400.953125,102495.5859375,0
2025-01-29 12:00:00+00:00,102202.7578125,102733.671875,102202.7578125,102586.8671875,107413504
2025-01-29 13:00:00+00:00,101741.5078125,102227.0234375,101693.453125,102227.0234375,1568694272
2025-01-29 14:00:00+00:00,102004.390625,102155.125,101596.1328125,101779.9765625,0
2025-01-29 15:00:00+00:00,101957.0625,102389.6484375,101785.5546875,102066.75,0
2025-01-29 16:00:00+00:00,101994.890625,102074.1796875,101711.7109375,101931.6484375,0
2025-01-29 17:00:00+00:00,102530.140625,102646.7109375,102051.9765625,102051.9765625,0
2025-01-29 18:00:00+00:00,102956.609375,102979.7890625,102057.5390625,102456.6953125,0
2025-01-29 19:00:00+00:00,103615.125,103777.2734375,101499.03125,102725.90625,5004869632
2025-01-29 20:00:00+00:00,104304.0234375,104730.4375,102921.9921875,103340.2109375,4151955456
2025-01-29 21:00:00+00:00,103826.3515625,104317.53125,103826.3515625,104276.5390625,649564160
2025-01-29 22:00:00+00:00,103569.09375,103951.390625,103450.9609375,103750.65625,0
2025-01-29 23:00:00+00:00,103736.0078125,104274.65625,103468.3515625,103468.3515625,60850176
2025-01-30 00:00:00+00:00,104037.984375,104078.875,103425.5546875,103718.0546875,546762752
2025-01-30 01:00:00+00:00,104262.9765625,104471.296875,103969.1484375,104028.953125,625119232
2025-01-30 02:00:00+00:00,104486.0703125,104486.9453125,104070.765625,104250.2109375,574758912
2025-01-30 03:00:00+00:00,105099.7421875,105262.390625,104545.7734375,104627.1015625,1768480768
2025-01-30 04:00:00+00:00,105505.59375,105515.2421875,104881.75,105210.359375,930430976
2025-01-30 05:00:00+00:00,105311.1640625,105499.6875,105056.3125,105499.6875,804028416
2025-01-30 06:00:00+00:00,105186.6875,105579.8046875,105177.53125,105355.8828125,64352256
2025-01-30 07:00:00+00:00,105124.4609375,105250.7578125,104828.6015625,105196.7265625,176373760
2025-01-30 08:00:00+00:00,105115.921875,105300.6640625,104947.046875,105232.0703125,0
2025-01-30 09:00:00+00:00,105445.6953125,105515.9296875,105058.09375,105090.125,0
2025-01-30 10:00:00+00:00,105312.265625,105361.3046875,105100.703125,105361.3046875,0
2025-01-30 11:00:00+00:00,105330.8515625,105378.9375,105089.1171875,105255.90625,0
2025-01-30 12:00:00+00:00,105043.5703125,105322.1796875,104905.2734375,105322.1796875,0
2025-01-30 13:00:00+00:00,104866.6796875,105303.6484375,104866.6796875,104993.2265625,0
2025-01-30 14:00:00+00:00,105820.5546875,106196.765625,104707.40625,104859.53125,1344184320
2025-01-30 15:00:00+00:00,105574.7890625,106281.8984375,105491.359375,105892.9140625,1948921856
2025-01-30 16:00:00+00:00,105770.90625,105975.7421875,105586.6328125,105614.7890625,650043392
2025-01-30 17:00:00+00:00,105281.765625,105638.34375,104961.2265625,105638.34375,0
2025-01-30 18:00:00+00:00,105560.4765625,105560.4765625,104794.6875,105360.171875,0
2025-01-30 19:00:00+00:00,105766.171875,105767.7734375,105294.5859375,105596.6328125,0
2025-01-30 20:00:00+00:00,105103.5859375,105807.375,104936.6171875,105749.328125,0
2025-01-30 21:00:00+00:00,105093.7109375,105215.6640625,104878.9765625,104992.890625,0
2025-01-30 22:00:00+00:00,105096.4140625,105332.1640625,105034.140625,105048.7421875,0
2025-01-30 23:00:00+00:00,104748.6953125,105240.15625,104748.6953125,105128.921875,0
2025-01-31 00:00:00+00:00,104893.0859375,104992.7109375,104439.953125,104758.4609375,0
2025-01-31 01:00:00+00:00,104733.4453125,104889.734375,104458.359375,104889.734375,0
2025-01-31 02:00:00+00:00,104419.28125,104826.859375,104280.3515625,104742.546875,0
2025-01-31 03:00:00+00:00,104320.0078125,104372.859375,103973.2734375,104372.859375,0
2025-01-31 04:00:00+00:00,104002.546875,104495.8046875,104001.203125,104321.0234375,0
2025-01-31 05:00:00+00:00,104267.2109375,104430.75,103997.4765625,103997.4765625,0
2025-01-31 06:00:00+00:00,104517.734375,104687.171875,104292.515625,104292.515625,0
2025-01-31 07:00:00+00:00,104223.8828125,104775.734375,104056.4921875,104512.765625,79560704
2025-01-31 08:00:00+00:00,104056.5546875,104290.984375,104042.9609375,104195.2109375,70852608
2025-01-31 09:00:00+00:00,104220.046875,104285.0625,103925.125,104047.265625,88535040
2025-01-31 10:00:00+00:00,104293.4765625,104376.1875,104088.90625,104238.21875,0
2025-01-31 11:00:00+00:00,104751.8515625,104791.0625,104292.6328125,104292.6328125,401100800
2025-01-31 12:00:00+00:00,104692.0546875,104872.4921875,104606.234375,104689.2109375,300773376
2025-01-31 13:00:00+00:00,104618.0859375,105006.828125,104592.1015625,104708.5078125,0
2025-01-31 14:00:00+00:00,104414.3828125,104757.234375,104161.5234375,104638.9921875,0
2025-01-31 15:00:00+00:00,105502.8203125,105863.7734375,104413.3125,104413.3125,0
2025-01-31 16:00:00+00:00,105050.8359375,105549.84375,104807.1015625,105451.9296875,339415040
2025-01-31 17:00:00+00:00,104669.6640625,105060.546875,104669.6640625,105060.546875,0
2025-01-31 18:00:00+00:00,102670.0859375,104802.03125,102661.6875,104578.03125,2292105216
2025-01-31 19:00:00+00:00,102305.5234375,102882.6640625,102145.8984375,102643.0625,2652954624
2025-01-31 20:00:00+00:00,101603.8828125,102207.109375,101603.8828125,102185.984375,1543172096
2025-01-31 21:00:00+00:00,102110.6015625,102110.6015625,101566.3203125,101644.7109375,1091346432
2025-01-31 22:00:00+00:00,102198.46875,102451.7734375,101948.375,102113.875,843288576
2025-01-31 23:00:00+00:00,102390.9296875,102390.9296875,102010.875,102213.9765625,373903360
2025-02-01 00:00:00+00:00,102466.0078125,102541.28125,102249.765625,102405.390625,0
2025-02-01 01:00:00+00:00,102553.6015625,102754.0546875,102455.3046875,102462.703125,131158016
2025-02-01 02:00:00+00:00,102448.1796875,102734.6484375,102448.1796875,102551.3671875,0
2025-02-01 03:00:00+00:00,102246.7734375,102487.1796875,102246.7734375,102450.5078125,0
2025-02-01 04:00:00+00:00,102313.7421875,102475.0,102167.453125,102225.9609375,0
2025-02-01 05:00:00+00:00,102484.046875,102550.8515625,102263.8671875,102268.421875,0
2025-02-01 06:00:00+00:00,102383.1015625,102553.7734375,102200.625,102484.3828125,0
2025-02-01 07:00:00+00:00,102166.9921875,102471.53125,102166.9921875,102386.6484375,0
2025-02-01 08:00:00+00:00,102008.09375,102252.546875,101859.4453125,102155.8828125,0
2025-02-01 09:00:00+00:00,101613.1796875,101993.7265625,101497.71875,101993.7265625,94035968
2025-02-01 10:00:00+00:00,101645.8359375,101938.8125,101645.8359375,101647.8203125,283643904
2025-02-01 11:00:00+00:00,101978.8359375,102008.65625,101620.9140625,101620.9140625,0
2025-02-01 12:00:00+00:00,102264.28125,102281.6171875,101984.2421875,101995.71875,0
2025-02-01 13:00:00+00:00,101830.9375,102249.3203125,101830.9375,102228.3046875,0
2025-02-01 14:00:00+00:00,101817.0390625,102147.96875,101800.3203125,101800.3203125,0
2025-02-01 15:00:00+00:00,102069.8046875,102132.9296875,101724.109375,101849.3125,0
2025-02-01 16:00:00+00:00,101868.6796875,102191.765625,101868.6796875,102070.71875,0
2025-02-01 17:00:00+00:00,102238.734375,102263.8515625,101883.4609375,101883.4609375,0
2025-02-01 18:00:00+00:00,101987.9375,102260.0703125,101987.3203125,102248.015625,0
2025-02-01 19:00:00+00:00,101632.171875,102004.96875,101470.0234375,102004.96875,0
2025-02-01 20:00:00+00:00,101377.6875,101654.234375,100982.296875,101654.234375,0
2025-02-01 21:00:00+00:00,101292.2890625,101540.2109375,101020.5078125,101218.4921875,0
2025-02-01 22:00:00+00:00,100604.015625,101385.296875,100572.6015625,101142.078125,323446784
2025-02-01 23:00:00+00:00,100644.203125,100834.7265625,100309.859375,100643.5859375,1100316672
2025-02-02 00:00:00+00:00,101240.390625,101278.53125,100506.703125,100624.8984375,406321152
2025-02-02 01:00:00+00:00,101233.125,101399.921875,101174.7109375,101249.7578125,0
2025-02-02 02:00:00+00:00,100527.875,101209.7578125,100480.0390625,101209.7578125,486780928
2025-02-02 03:00:00+00:00,99195.28125,100677.25,99195.28125,100468.65625,3206397952
2025-02-02 04:00:00+00:00,99591.5625,99767.0546875,99094.8359375,99199.71875,1782198272
2025-02-02 05:00:00+00:00,100304.8671875,100332.8984375,99497.609375,99546.3515625,956436480
2025-02-02 06:00:00+00:00,100268.3828125,100459.2421875,100122.1953125,100262.34375,662437888
2025-02-02 07:00:00+00:00,99687.96875,100253.3515625,99646.90625,100253.3515625,747737088
2025-02-02 08:00:00+00:00,99820.5859375,100053.65625,99337.3828125,99624.7578125,559042560
2025-02-02 09:00:00+00:00,99655.7578125,99829.2578125,99410.109375,99814.0546875,25120768
2025-02-02 10:00:00+00:00,99389.6484375,99674.8203125,99278.4453125,99674.8203125,546484224
2025-02-02 11:00:00+00:00,98986.8515625,99547.3203125,98679.0703125,99388.6796875,1343549440
2025-02-02 12:00:00+00:00,98228.625,99100.7734375,98223.890625,98823.0234375,1456144384
2025-02-02 13:00:00+00:00,98749.1953125,98751.546875,98153.0078125,98153.0078125,1910644736
2025-02-02 14:00:00+00:00,99215.03125,99388.984375,98746.125,98748.3984375,1112567808
2025-02-02 15:00:00+00:00,99272.9921875,99343.4453125,98828.046875,99079.640625,738373632
2025-02-02 16:00:00+00:00,98135.9375,99314.421875,98129.2421875,99314.421875,1584062464
2025-02-02 17:00:00+00:00,97080.8828125,98423.7734375,96982.6796875,98235.2265625,4058542080
2025-02-02 18:00:00+00:00,96952.5078125,97781.546875,96819.53125,97112.2109375,4275515392
2025-02-02 19:00:00+00:00,98197.5546875,98595.7890625,96891.328125,96891.328125,3257475072
2025-02-02 20:00:00+00:00,97771.3125,98559.2578125,97661.8203125,98215.2578125,0
2025-02-02 21:00:00+00:00,96831.3984375,97897.3828125,96646.671875,97586.3046875,1763770368
2025-02-02 22:00:00+00:00,97948.375,97948.375,96308.921875,96945.375,1805524992
2025-02-02 23:00:00+00:00,97682.859375,97869.859375,96576.8828125,97869.859375,2837680128
2025-02-03 00:00:00+00:00,96686.703125,97663.9140625,95702.59375,97663.9140625,5771182080
2025-02-03 01:00:00+00:00,93261.2265625,96719.4453125,92081.734375,96684.484375,9532194816
2025-02-03 02:00:00+00:00,93667.0859375,94810.75,91496.1953125,93335.4609375,12517908480
2025-02-03 03:00:00+00:00,94098.046875,94664.265625,93699.25,93699.25,1919664128
2025-02-03 04:00:00+00:00,92996.28125,94403.3984375,92996.28125,94101.78125,613638144
2025-02-03 05:00:00+00:00,94274.9765625,94274.9765625,92791.640625,92791.640625,1691459584
2025-02-03 06:00:00+00:00,93900.828125,94618.3984375,93816.953125,94236.109375,1612709888
2025-02-03 07:00:00+00:00,95407.0234375,95472.046875,93933.25,93973.953125,1829904384
2025-02-03 08:00:00+00:00,95417.09375,95652.3671875,95049.109375,95419.5703125,1369800704
2025-02-03 09:00:00+00:00,95421.4296875,95999.6484375,95401.5,95401.5,1680121856
2025-02-03 10:00:00+00:00,95755.890625,95755.890625,94924.1796875,95498.0,838737920
2025-02-03 11:00:00+00:00,95160.6953125,95772.234375,95030.4609375,95772.234375,0
2025-02-03 12:00:00+00:00,94854.8359375,95598.03125,94854.8359375,95193.9140625,267550720
2025-02-03 13:00:00+00:00,94947.703125,95392.9453125,94461.5390625,94866.359375,288079872
2025-02-03 14:00:00+00:00,96702.8359375,96702.8359375,94267.5390625,94633.9921875,4651237376
2025-02-03 15:00:00+00:00,99271.7109375,99510.4453125,96375.34375,96681.5390625,7985201152
2025-02-03 16:00:00+00:00,98696.1796875,99141.671875,98368.984375,99054.5859375,2093867008
2025-02-03 17:00:00+00:00,99010.7421875,99244.4453125,98200.7421875,98674.890625,0
2025-02-03 18:00:00+00:00,99995.4140625,100049.9609375,99163.8515625,99275.7578125,0
2025-02-03 19:00:00+00:00,102005.890625,102005.890625,99915.328125,100026.90625,1335795712
2025-02-03 20:00:00+00:00,101230.265625,102005.03125,101230.265625,102005.03125,1997807616
2025-02-03 21:00:00+00:00,101937.140625,102034.671875,101078.46875,101192.5625,191717376
2025-02-03 22:00:00+00:00,101774.7109375,102514.171875,101629.8828125,101907.15625,0
2025-02-03 23:00:00+00:00,101403.09375,101845.0546875,101403.09375,101743.4609375,0
2025-02-04 00:00:00+00:00,101181.90625,101726.609375,101171.6875,101469.5859375,0
2025-02-04 01:00:00+00:00,101462.703125,101731.59375,100822.515625,101172.1953125,0
2025-02-04 02:00:00+00:00,100919.2578125,101472.84375,100919.2578125,101459.1953125,0
2025-02-04 03:00:00+00:00,100684.984375,101088.0625,100641.296875,100910.1640625,0
2025-02-04 04:00:00+00:00,100134.8984375,100796.2734375,100134.8984375,100702.375,0
2025-02-04 05:00:00+00:00,99007.703125,100146.5859375,98382.7578125,100146.5859375,1118322688
2025-02-04 06:00:00+00:00,99426.484375,99638.2890625,98975.7421875,98994.765625,0
2025-02-04 07:00:00+00:00,98556.3359375,99540.6328125,98452.265625,99414.109375,0
2025-02-04 08:00:00+00:00,98269.2265625,98741.765625,97963.3046875,98488.5703125,68706304
2025-02-04 09:00:00+00:00,98442.4140625,98825.8671875,98360.0078125,98360.0078125,0
2025-02-04 10:00:00+00:00,98861.3203125,98996.5390625,98393.4296875,98393.4296875,0
2025-02-04 11:00:00+00:00,99059.7890625,99414.109375,98882.0546875,98882.0546875,158375936
2025-02-04 12:00:00+00:00,99528.1796875,99646.421875,99037.421875,99037.421875,0
2025-02-04 13:00:00+00:00,99167.203125,99579.0625,99167.203125,99451.9296875,0
2025-02-04 14:00:00+00:00,100056.96875,100343.1796875,98726.328125,99086.296875,0
2025-02-04 15:00:00+00:00,99442.078125,100204.9140625,98596.046875,100066.2421875,0
2025-02-04 16:00:00+00:00,99140.2734375,99902.4765625,99116.671875,99416.734375,0
2025-02-04 17:00:00+00:00,99237.453125,99568.6328125,98921.6953125,99151.1640625,0
2025-02-04 18:00:00+00:00,99453.8203125,99601.515625,98856.34375,99182.6953125,0
2025-02-04 19:00:00+00:00,99188.7109375,100737.46875,99036.1484375,99461.734375,0
2025-02-04 20:00:00+00:00,98747.2109375,99211.3125,98036.15625,99040.7109375,1662803968
2025-02-04 21:00:00+00:00,96732.2890625,98506.546875,96596.3984375,98506.546875,1782308864
2025-02-04 22:00:00+00:00,97602.9921875,97884.125,96223.234375,96524.609375,748208128
2025-02-04 23:00:00+00:00,97887.1875,98098.671875,97555.5234375,97661.5703125,188825600
2025-02-05 00:00:00+00:00,98336.546875,98362.421875,97780.078125,97807.84375,414416896
2025-02-05 01:00:00+00:00,97801.5546875,98933.5703125,97774.0,98418.9453125,0
2025-02-05 02:00:00+00:00,98043.0234375,98161.8828125,97251.8046875,97880.0078125,562626560
2025-02-05 03:00:00+00:00,98079.8203125,98277.125,97842.5703125,98028.625,0
2025-02-05 04:00:00+00:00,98029.5546875,98308.828125,97941.125,98064.625,0
2025-02-05 05:00:00+00:00,98166.96875,98313.703125,97753.84375,98072.3984375,0
2025-02-05 06:00:00+00:00,97655.8046875,98208.765625,97639.046875,98170.390625,340377600
2025-02-05 07:00:00+00:00,97920.8046875,97974.359375,97436.5703125,97673.6875,0
2025-02-05 08:00:00+00:00,97661.109375,98049.1953125,97637.4609375,97909.1875,0
2025-02-05 09:00:00+00:00,97460.2734375,97945.4765625,97317.171875,97665.71875,365510656
2025-02-05 10:00:00+00:00,97863.09375,98014.3984375,97436.1953125,97452.953125,320524288
2025-02-05 11:00:00+00:00,98232.234375,98242.7265625,97762.2578125,97801.9453125,0
2025-02-05 12:00:00+00:00,98053.09375,98702.8359375,98053.09375,98229.9921875,585404416
2025-02-05 13:00:00+00:00,98594.3359375,98684.609375,98027.2578125,98089.734375,518574080
2025-02-05 14:00:00+00:00,98219.3828125,99081.859375,98219.3828125,98613.1640625,0
2025-02-05 15:00:00+00:00,98071.8671875,98511.0859375,97850.4609375,98461.890625,0
2025-02-05 16:00:00+00:00,98053.6875,98225.03125,97417.09375,98123.1328125,0
2025-02-05 17:00:00+00:00,97633.5546875,98237.125,97437.0,98009.515625,277663744
2025-02-05 18:00:00+00:00,96674.140625,97672.328125,96562.6640625,97581.7734375,0
2025-02-05 19:00:00+00:00,97390.765625,97480.3125,96527.2890625,96728.625,0
2025-02-05 20:00:00+00:00,97493.890625,97711.953125,96979.7109375,97375.21875,0
2025-02-05 21:00:00+00:00,96880.28125,97496.96875,96880.28125,97326.015625,0
2025-02-05 22:00:00+00:00,96426.5078125,97018.7734375,96306.8984375,96928.2578125,0
2025-02-05 23:00:00+00:00,96619.953125,96794.375,96184.8984375,96458.484375,492777472
2025-02-06 00:00:00+00:00,96854.921875,96914.9921875,96517.765625,96547.3203125,162570240
2025-02-06 01:00:00+00:00,97187.7265625,97187.7265625,96674.0546875,96827.7890625,0
2025-02-06 02:00:00+00:00,97388.2421875,97388.2421875,97133.0703125,97156.7890625,0
2025-02-06 03:00:00+00:00,97363.1875,97475.890625,97162.640625,97372.03125,0
2025-02-06 04:00:00+00:00,97633.6484375,97811.484375,97299.1484375,97351.6328125,0
2025-02-06 05:00:00+00:00,97845.890625,97866.4765625,97620.3984375,97650.3515625,0
2025-02-06 06:00:00+00:00,98414.234375,98425.375,97777.1015625,97852.1796875,512249856
2025-02-06 07:00:00+00:00,98219.3046875,98406.3828125,98074.7421875,98406.3828125,0
2025-02-06 08:00:00+00:00,98185.734375,98306.234375,98042.796875,98222.0546875,103153664
2025-02-06 09:00:00+00:00,98682.8359375,98749.5,98189.546875,98189.546875,0
2025-02-06 10:00:00+00:00,98959.6640625,99041.9375,98674.0234375,98674.0234375,304664576
2025-02-06 11:00:00+00:00,98930.5078125,99168.609375,98468.78125,99071.7578125,543510528
2025-02-06 12:00:00+00:00,98365.484375,99036.609375,98365.484375,98975.9375,0
2025-02-06 13:00:00+00:00,98683.7109375,98776.8203125,98224.0703125,98362.09375,778539008
2025-02-06 14:00:00+00:00,97908.109375,98773.3203125,97876.2421875,98667.7421875,655278080
2025-02-06 15:00:00+00:00,97276.6875,98019.015625,97013.6953125,97848.3046875,1080352768
2025-02-06 16:00:00+00:00,96486.609375,97549.1171875,96486.609375,97320.578125,753233920
2025-02-06 17:00:00+00:00,96834.6171875,97147.15625,96527.8046875,96527.8046875,0
2025-02-06 18:00:00+00:00,96334.78125,96796.2265625,96010.40625,96608.015625,723906560
2025-02-06 19:00:00+00:00,96043.4453125,96892.5703125,95792.171875,96240.8359375,431894528
2025-02-06 20:00:00+00:00,96842.25,97057.59375,95927.078125,95927.078125,0
2025-02-06 21:00:00+00:00,96750.4921875,96914.8828125,96167.1328125,96876.3671875,0
2025-02-06 22:00:00+00:00,96857.75,96867.703125,96212.90625,96801.8984375,0
2025-02-06 23:00:00+00:00,96614.6796875,96931.2734375,96236.015625,96931.2734375,0
2025-02-07 00:00:00+00:00,96553.25,96916.4609375,96428.53125,96647.3515625,1724919808
2025-02-07 01:00:00+00:00,97477.90625,97722.734375,96524.9296875,96524.9296875,0
2025-02-07 02:00:00+00:00,97516.8203125,97609.40625,97120.2578125,97442.6953125,1750650880
2025-02-07 03:00:00+00:00,97454.28125,97735.828125,97285.1171875,97558.15625,0
2025-02-07 04:00:00+00:00,97486.15625,97845.8046875,97450.8359375,97450.8359375,649064448
2025-02-07 05:00:00+00:00,97315.9453125,97522.8984375,97227.2421875,97461.390625,0
2025-02-07 06:00:00+00:00,96734.8515625,97362.7578125,96636.375,97362.7578125,146198528
2025-02-07 07:00:00+00:00,96743.6484375,97155.5703125,96733.34375,96906.8359375,0
2025-02-07 08:00:00+00:00,97048.4609375,97254.5546875,96672.3203125,96763.5625,1268408320
2025-02-07 09:00:00+00:00,97349.1484375,97382.8046875,97037.4921875,97037.4921875,0
2025-02-07 10:00:00+00:00,97320.375,97500.9296875,97296.0859375,97320.5234375,0
2025-02-07 11:00:00+00:00,97755.171875,97773.578125,97292.0078125,97292.0078125,0
2025-02-07 12:00:00+00:00,97949.1328125,98007.28125,97572.65625,97779.1953125,0
2025-02-07 13:00:00+00:00,98851.0546875,98851.0546875,97532.65625,97971.4765625,62578688
2025-02-07 14:00:00+00:00,99764.6796875,100153.921875,98757.9140625,98951.0,4134793216
2025-02-07 15:00:00+00:00,98169.3828125,99535.7578125,97741.375,99535.7578125,0
2025-02-07 16:00:00+00:00,97905.2421875,98388.1484375,97785.109375,98303.5234375,3157065728
2025-02-07 17:00:00+00:00,97483.7109375,98059.25,97324.953125,97861.890625,1657937920
2025-02-07 18:00:00+00:00,97769.4609375,98304.8359375,97377.640625,97450.0703125,0
2025-02-07 19:00:00+00:00,96981.5546875,97761.796875,96937.8046875,97761.796875,0
2025-02-07 20:00:00+00:00,95800.640625,96932.625,95800.640625,96932.625,3358236672
2025-02-07 21:00:00+00:00,95993.8359375,96153.421875,95741.59375,95765.421875,0
2025-02-07 22:00:00+00:00,96061.5078125,96061.5078125,95713.8828125,95993.4375,0
2025-02-07 23:00:00+00:00,96508.671875,96564.984375,95927.375,95954.4453125,1037004800
2025-02-08 00:00:00+00:00,96686.3984375,96853.5859375,96442.3671875,96541.4921875,0
2025-02-08 01:00:00+00:00,96536.796875,96761.515625,96479.6953125,96663.9609375,512790528
2025-02-08 02:00:00+00:00,96781.9453125,96813.78125,96489.9296875,96598.640625,0
2025-02-08 03:00:00+00:00,96728.46875,96871.734375,96602.3359375,96779.34375,0
2025-02-08 04:00:00+00:00,96333.9375,96724.234375,96288.453125,96724.234375,0
2025-02-08 05:00:00+00:00,96196.5078125,96339.796875,96120.3125,96322.8984375,754040832
2025-02-08 06:00:00+00:00,95972.5,96221.1015625,95972.5,96221.1015625,0
2025-02-08 07:00:00+00:00,96238.3984375,96294.390625,95834.046875,95998.3984375,627101696
2025-02-08 08:00:00+00:00,95928.78125,96262.203125,95908.4765625,96262.203125,0
2025-02-08 09:00:00+00:00,96148.2578125,96178.6640625,95918.9375,95918.9375,0
2025-02-08 10:00:00+00:00,96056.0078125,96277.640625,96037.6171875,96153.90625,0
2025-02-08 11:00:00+00:00,96086.25,96099.2890625,95880.1640625,96042.1328125,0
2025-02-08 12:00:00+00:00,96070.71875,96225.578125,95933.453125,96128.2109375,370393088
2025-02-08 13:00:00+00:00,96221.46875,96419.96875,96045.5859375,96060.9375,0
2025-02-08 14:00:00+00:00,96067.4609375,96339.171875,95984.5234375,96243.578125,0
2025-02-08 15:00:00+00:00,95823.4296875,96192.4296875,95716.0390625,96080.1953125,0
2025-02-08 16:00:00+00:00,96119.0,96119.0,95774.4765625,95820.09375,0
2025-02-08 17:00:00+00:00,96357.59375,96358.078125,96123.484375,96123.484375,0
2025-02-08 18:00:00+00:00,96490.5390625,96490.5390625,96249.0,96364.203125,0
2025-02-08 19:00:00+00:00,96567.375,96723.6484375,96449.1796875,96505.34375,0
2025-02-08 20:00:00+00:00,96478.3125,96637.328125,96387.6328125,96587.84375,0
2025-02-08 21:00:00+00:00,96517.8046875,96587.5,96389.3359375,96464.703125,0
2025-02-08 22:00:00+00:00,96488.859375,96679.1796875,96433.1015625,96546.8515625,0
2025-02-08 23:00:00+00:00,96504.9609375,96711.484375,96490.0,96506.7578125,0
2025-02-09 00:00:00+00:00,96583.59375,96599.046875,96422.140625,96473.75,0
2025-02-09 01:00:00+00:00,96982.4140625,96982.4140625,96552.2578125,96601.359375,629530624
2025-02-09 02:00:00+00:00,96782.125,97007.84375,96720.515625,97006.046875,0
2025-02-09 03:00:00+00:00,97245.0390625,97268.8125,96747.7265625,96762.9140625,0
2025-02-09 04:00:00+00:00,97239.078125,97318.9140625,97009.875,97293.0546875,31834112
2025-02-09 05:00:00+00:00,97056.5078125,97254.265625,97051.96875,97245.015625,451334144
2025-02-09 06:00:00+00:00,97029.421875,97066.6640625,96848.3203125,97061.5625,0
2025-02-09 07:00:00+00:00,97082.8046875,97137.96875,96975.59375,97003.1484375,0
2025-02-09 08:00:00+00:00,97175.734375,97265.6796875,97113.5625,97265.6796875,0
2025-02-09 09:00:00+00:00,96966.5234375,97129.9375,96935.484375,97129.9375,975452160
2025-02-09 10:00:00+00:00,96807.578125,96932.296875,96732.109375,96932.296875,0
2025-02-09 11:00:00+00:00,96664.265625,96979.890625,96664.1171875,96783.21875,1165926400
2025-02-09 12:00:00+00:00,96526.671875,96716.90625,96440.65625,96544.2265625,95993856
2025-02-09 13:00:00+00:00,95922.46875,96534.1015625,95850.125,96534.1015625,0
2025-02-09 14:00:00+00:00,96130.875,96215.484375,95814.5078125,95814.5078125,1019566080
2025-02-09 15:00:00+00:00,96479.4609375,96634.265625,96163.96875,96163.96875,111898624
2025-02-09 16:00:00+00:00,96517.6953125,96555.984375,96404.9453125,96495.6953125,0
2025-02-09 17:00:00+00:00,96205.796875,96568.46875,96019.046875,96481.15625,6283264
2025-02-09 18:00:00+00:00,96223.265625,96272.765625,96024.1796875,96191.65625,0
2025-02-09 19:00:00+00:00,96072.5234375,96278.65625,95938.125,96158.484375,0
2025-02-09 20:00:00+00:00,96263.515625,96694.1953125,96109.4453125,96109.4453125,0
2025-02-09 21:00:00+00:00,95246.8515625,96336.0234375,94780.5,96336.0234375,2628800512
2025-02-09 22:00:00+00:00,95875.609375,96411.4921875,94850.4453125,94850.4453125,2039580672
2025-02-09 23:00:00+00:00,96505.203125,96544.0234375,95838.984375,95876.4453125,0
2025-02-10 00:00:00+00:00,96743.8125,97098.9765625,96488.453125,96488.453125,2252394496
2025-02-10 01:00:00+00:00,95521.4921875,96797.09375,95400.0,96797.09375,0
2025-02-10 02:00:00+00:00,95813.84375,95897.2109375,95520.4609375,95574.265625,3027441664
2025-02-10 03:00:00+00:00,96770.8515625,97091.328125,95811.921875,95811.921875,283131904
2025-02-10 04:00:00+00:00,96911.328125,97118.4140625,96675.1953125,96793.296875,1296562176
2025-02-10 05:00:00+00:00,97005.6796875,97586.2890625,96840.65625,96936.4609375,1243217920
2025-02-10 06:00:00+00:00,97148.75,97190.3515625,96820.953125,97169.6640625,300220416
2025-02-10 07:00:00+00:00,97453.515625,97483.8515625,97132.140625,97233.453125,1347588096
2025-02-10 08:00:00+00:00,97727.5390625,97885.3125,97403.2109375,97463.9140625,1455943680
2025-02-10 09:00:00+00:00,97679.53125,97869.3125,97510.8515625,97703.7890625,0
2025-02-10 10:00:00+00:00,97764.0234375,97948.1484375,97647.640625,97677.9765625,1373650944
2025-02-10 11:00:00+00:00,97691.328125,97915.6875,97685.34375,97752.2578125,0
2025-02-10 12:00:00+00:00,97348.171875,97794.7109375,97234.5625,97720.875,191369216
2025-02-10 13:00:00+00:00,98311.4140625,98311.4140625,97376.390625,97376.390625,40345600
2025-02-10 14:00:00+00:00,97347.1953125,98242.8046875,97203.3671875,98242.8046875,2371768320
2025-02-10 15:00:00+00:00,97230.6640625,97532.0546875,96928.2109375,97351.3203125,427470848
2025-02-10 16:00:00+00:00,97366.6640625,97372.1328125,96950.765625,97250.359375,1024241664
2025-02-10 17:00:00+00:00,97479.953125,97494.03125,96957.984375,97339.15625,393961472
2025-02-10 18:00:00+00:00,97506.8203125,97531.8828125,97226.75,97506.9609375,1399341056
2025-02-10 19:00:00+00:00,97417.1875,97626.78125,97308.21875,97578.7265625,493350912
2025-02-10 20:00:00+00:00,97362.6171875,97518.0390625,97269.90625,97407.1171875,139841536
2025-02-10 21:00:00+00:00,97375.4921875,97375.4921875,97181.8984375,97370.265625,0
2025-02-10 22:00:00+00:00,97375.2578125,97502.3515625,97307.8671875,97391.4453125,0
2025-02-10 23:00:00+00:00,97434.1796875,97436.7265625,97282.5390625,97382.2578125,0
2025-02-11 00:00:00+00:00,97843.3671875,98107.140625,97443.0859375,97443.0859375,0
2025-02-11 01:00:00+00:00,98063.078125,98101.109375,97811.25,97811.25,0
2025-02-11 02:00:00+00:00,97788.65625,98080.109375,97523.5859375,98048.6015625,0
2025-02-11 03:00:00+00:00,97622.28125,97787.6796875,97516.2734375,97787.6796875,0
2025-02-11 04:00:00+00:00,98095.4296875,98168.96875,97588.328125,97627.265625,0
2025-02-11 05:00:00+00:00,98457.2890625,98470.7421875,98038.78125,98108.0625,0
2025-02-11 06:00:00+00:00,98450.6015625,98470.2109375,98185.4140625,98342.96875,0
2025-02-11 07:00:00+00:00,98307.6328125,98464.125,98307.0078125,98439.828125,369741824
2025-02-11 08:00:00+00:00,98236.5234375,98327.3671875,98130.390625,98298.1796875,0
2025-02-11 09:00:00+00:00,98072.109375,98314.5,97979.4140625,98243.7890625,372322304
2025-02-11 10:00:00+00:00,98005.5546875,98148.4140625,97929.8671875,98014.703125,0
2025-02-11 11:00:00+00:00,98164.1640625,98209.75,97927.4296875,97987.28125,0
2025-02-11 12:00:00+00:00,97827.5,98163.703125,97729.8046875,98163.703125,657750016
2025-02-11 13:00:00+00:00,96896.2265625,97854.328125,96782.0,97807.0078125,0
2025-02-11 14:00:00+00:00,96998.9375,97261.3046875,96673.2109375,96673.2109375,421181440
2025-02-11 15:00:00+00:00,97030.46875,97232.390625,96730.421875,96985.125,0
2025-02-11 16:00:00+00:00,96344.03125,97037.6484375,96344.03125,97016.03125,230895616
2025-02-11 17:00:00+00:00,96099.7734375,96370.71875,96017.953125,96345.9140625,1153454080
2025-02-11 18:00:00+00:00,95507.0234375,96154.796875,95431.1796875,96154.796875,0
2025-02-11 19:00:00+00:00,95099.53125,95618.3203125,94893.171875,95449.8359375,1422061568
2025-02-11 20:00:00+00:00,95241.0625,95410.0546875,94985.9453125,95061.90625,1284599808
2025-02-11 21:00:00+00:00,96247.796875,96400.375,95251.0390625,95251.0390625,321191936
2025-02-11 22:00:00+00:00,95506.3046875,96470.1875,95506.3046875,96341.0703125,326344704
2025-02-11 23:00:00+00:00,95740.734375,95952.6171875,95548.796875,95564.1953125,846569472
2025-02-12 00:00:00+00:00,96075.5703125,96075.5703125,95699.7265625,95756.109375,0
2025-02-12 01:00:00+00:00,96161.03125,96206.3828125,95832.53125,96038.4921875,0
2025-02-12 02:00:00+00:00,95481.8125,96172.7421875,95429.6796875,96172.7421875,0
2025-02-12 03:00:00+00:00,95355.5078125,95693.640625,95125.9296875,95543.3828125,1016594432
2025-02-12 04:00:00+00:00,95496.1484375,95569.0078125,95281.578125,95281.578125,877510656
2025-02-12 05:00:00+00:00,95867.5703125,95871.109375,95498.34375,95515.2421875,0
2025-02-12 06:00:00+00:00,95806.0,95907.6328125,95736.15625,95878.03125,241672192
2025-02-12 07:00:00+00:00,96051.9765625,96148.9140625,95809.0,95822.0546875,119066624
2025-02-12 08:00:00+00:00,96325.3515625,96433.6484375,96060.2734375,96060.2734375,216997888
2025-02-12 09:00:00+00:00,96167.140625,96352.4296875,96055.8671875,96352.4296875,0
2025-02-12 10:00:00+00:00,95962.484375,96190.03125,95923.6875,96138.9140625,157736960
2025-02-12 11:00:00+00:00,96065.9375,96341.7109375,95972.828125,95972.828125,167464960
2025-02-12 12:00:00+00:00,96090.0859375,96333.953125,96087.8203125,96087.8203125,309661696
2025-02-12 13:00:00+00:00,95096.5234375,96564.8828125,94145.7890625,95993.9453125,3842019328
2025-02-12 14:00:00+00:00,95572.625,95594.203125,94564.6640625,94817.4609375,2344566784
2025-02-12 15:00:00+00:00,95778.6875,95825.7421875,94783.3046875,95355.71875,2326253568
2025-02-12 16:00:00+00:00,96952.40625,96952.40625,95154.46875,95799.2890625,0
2025-02-12 17:00:00+00:00,97347.0703125,97613.5546875,96856.65625,96990.7578125,3808825344
2025-02-12 18:00:00+00:00,96930.75,97240.2109375,96679.0234375,97240.2109375,0
2025-02-12 19:00:00+00:00,97193.6484375,97250.25,96370.046875,96930.4609375,0
2025-02-12 20:00:00+00:00,97034.890625,97583.1171875,96987.828125,97200.71875,1728679936
2025-02-12 21:00:00+00:00,97695.609375,97862.5,96900.4375,96981.65625,15933440
2025-02-12 22:00:00+00:00,97900.7265625,98079.484375,97446.0078125,97667.2734375,1026949120
2025-02-12 23:00:00+00:00,97866.640625,98003.171875,97600.8359375,97830.8515625,230301696
2025-02-13 00:00:00+00:00,97810.3359375,97867.46875,97575.25,97867.46875,0
2025-02-13 01:00:00+00:00,98020.3203125,98086.703125,97769.765625,97817.140625,0
2025-02-13 02:00:00+00:00,97478.359375,97985.203125,97426.03125,97985.203125,0
2025-02-13 03:00:00+00:00,97502.5390625,97618.421875,97467.6015625,97469.453125,0
2025-02-13 04:00:00+00:00,96862.84375,97533.6171875,96826.1953125,97514.9375,0
2025-02-13 05:00:00+00:00,96679.1796875,96947.875,96528.984375,96947.875,1344307200
2025-02-13 06:00:00+00:00,95980.6875,96698.625,95817.078125,96659.9375,59428864
2025-02-13 07:00:00+00:00,96034.5625,96191.140625,95926.453125,96024.53125,868605952
2025-02-13 08:00:00+00:00,95942.09375,96157.015625,95784.5234375,96078.6015625,16203776
2025-02-13 09:00:00+00:00,96243.484375,96265.21875,95878.5390625,95942.078125,522895360
2025-02-13 10:00:00+00:00,96152.9140625,96332.078125,96152.9140625,96262.421875,24805376
2025-02-13 11:00:00+00:00,95910.921875,96263.8828125,95691.6328125,96168.1484375,0
2025-02-13 12:00:00+00:00,95818.515625,96064.1875,95773.5546875,95925.2265625,511164416
2025-02-13 13:00:00+00:00,96139.5,96268.6015625,95752.640625,95823.8671875,0
2025-02-13 14:00:00+00:00,95906.03125,96105.6875,95463.8984375,96105.6875,0
2025-02-13 15:00:00+00:00,95925.8671875,96436.78125,95622.0546875,95777.7578125,0
2025-02-13 16:00:00+00:00,95294.9765625,95917.484375,95294.9765625,95917.484375,0
2025-02-13 17:00:00+00:00,95708.2109375,95997.65625,95422.03125,95422.03125,0
2025-02-13 18:00:00+00:00,95927.1796875,95942.984375,95381.3671875,95694.78125,0
2025-02-13 19:00:00+00:00,95656.7265625,96338.9609375,95628.4375,95970.65625,2053320704
2025-02-13 20:00:00+00:00,96261.8359375,96279.765625,95631.8046875,95631.8046875,0
2025-02-13 21:00:00+00:00,96459.5390625,96758.71875,96294.8515625,96294.8515625,0
2025-02-13 22:00:00+00:00,96426.03125,96606.4140625,96307.3515625,96475.9375,0
2025-02-13 23:00:00+00:00,96635.0234375,96635.0234375,96348.046875,96398.4375,0
2025-02-14 00:00:00+00:00,96768.0546875,96904.4609375,96598.671875,96619.46875,174026752
2025-02-14 01:00:00+00:00,96528.9921875,96874.921875,96410.453125,96771.515625,0
2025-02-14 02:00:00+00:00,96611.65625,96800.921875,96496.953125,96546.3046875,0
2025-02-14 03:00:00+00:00,97135.3046875,97163.3828125,96565.796875,96565.796875,0
2025-02-14 04:00:00+00:00,96777.7421875,97196.390625,96777.7421875,97128.875,0
2025-02-14 05:00:00+00:00,96718.59375,96887.8515625,96606.828125,96762.328125,251568128
2025-02-14 06:00:00+00:00,96852.765625,96852.765625,96637.140625,96691.8984375,0
2025-02-14 07:00:00+00:00,96987.0625,97068.9140625,96840.71875,96840.71875,0
2025-02-14 08:00:00+00:00,96881.6328125,97036.578125,96819.8828125,96959.125,0
2025-02-14 09:00:00+00:00,97125.2421875,97144.6953125,96869.1875,96882.3046875,488927232
2025-02-14 10:00:00+00:00,97033.7109375,97190.4609375,97007.9453125,97133.296875,128049152
2025-02-14 11:00:00+00:00,96908.1484375,97117.3203125,96850.2578125,97023.015625,0
2025-02-14 12:00:00+00:00,96649.3359375,96899.21875,96578.5078125,96899.21875,179136512
2025-02-14 13:00:00+00:00,96816.3984375,96963.0,96491.5078125,96659.71875,0
2025-02-14 14:00:00+00:00,97286.3125,97576.1171875,96622.0078125,96807.546875,0
2025-02-14 15:00:00+00:00,96957.0390625,97304.5,96385.234375,97304.5,224151552
2025-02-14 16:00:00+00:00,97517.9375,97517.9375,96585.59375,96946.6328125,0
2025-02-14 17:00:00+00:00,98700.9453125,98803.4921875,97182.59375,97654.90625,2136637440
2025-02-14 18:00:00+00:00,98278.984375,98694.6171875,98268.0234375,98557.3203125,1712160768
2025-02-14 19:00:00+00:00,97927.0,98446.6953125,97778.40625,98232.140625,0
2025-02-14 20:00:00+00:00,97062.3046875,98237.5625,97062.3046875,97971.6640625,88965120
2025-02-14 21:00:00+00:00,97487.7890625,97487.7890625,96774.5703125,97221.5234375,1486901248
2025-02-14 22:00:00+00:00,97098.171875,97563.03125,97016.3203125,97491.8828125,0
2025-02-14 23:00:00+00:00,97524.21875,97524.21875,97066.5546875,97132.53125,649467904
2025-02-15 00:00:00+00:00,97457.2109375,97502.3671875,97277.6484375,97502.3671875,141225984
2025-02-15 01:00:00+00:00,97812.96875,97813.6953125,97466.84375,97471.046875,0
2025-02-15 02:00:00+00:00,97839.375,97905.7421875,97656.984375,97807.7265625,0
2025-02-15 03:00:00+00:00,97699.7265625,97967.2734375,97666.6640625,97845.8984375,514560000
2025-02-15 04:00:00+00:00,97509.3046875,97783.59375,97509.3046875,97697.5234375,0
2025-02-15 05:00:00+00:00,97602.203125,97648.375,97491.1328125,97532.984375,0
2025-02-15 06:00:00+00:00,97488.203125,97661.3125,97466.09375,97604.9140625,0
2025-02-15 07:00:00+00:00,97391.671875,97530.515625,97390.5625,97493.484375,0
2025-02-15 08:00:00+00:00,97521.625,97558.09375,97333.7890625,97380.78125,589467648
2025-02-15 09:00:00+00:00,97559.6953125,97593.125,97460.2421875,97528.296875,0
2025-02-15 10:00:00+00:00,97694.234375,97724.453125,97465.6875,97567.0390625,0
2025-02-15 11:00:00+00:00,97623.078125,97674.109375,97508.7109375,97674.109375,481648640
2025-02-15 12:00:00+00:00,97779.9296875,97832.40625,97581.6953125,97625.125,0
2025-02-15 13:00:00+00:00,97758.671875,97909.6171875,97683.6015625,97784.375,0
2025-02-15 14:00:00+00:00,97621.984375,97742.4453125,97484.6796875,97742.4453125,0
2025-02-15 15:00:00+00:00,97640.9921875,97712.6640625,97595.0859375,97613.953125,0
2025-02-15 16:00:00+00:00,97533.25,97704.515625,97499.421875,97641.4921875,0
2025-02-15 17:00:00+00:00,97403.1171875,97571.9765625,97353.421875,97538.4140625,0
2025-02-15 18:00:00+00:00,97554.2265625,97598.0078125,97410.0625,97411.765625,0
2025-02-15 19:00:00+00:00,97574.125,97657.6171875,97552.1796875,97564.4453125,0
2025-02-15 20:00:00+00:00,97521.4765625,97637.3203125,97450.7578125,97562.640625,0
2025-02-15 21:00:00+00:00,97673.296875,97695.703125,97513.7734375,97513.7734375,0
2025-02-15 22:00:00+00:00,97531.109375,97743.703125,97465.3203125,97687.375,398751744
2025-02-15 23:00:00+00:00,97579.46875,97641.6015625,97464.0546875,97537.6328125,90080256
2025-02-16 00:00:00+00:00,97626.84375,97717.9140625,97586.359375,97586.359375,0
2025-02-16 01:00:00+00:00,97659.6171875,97669.0859375,97574.328125,97617.953125,0
2025-02-16 02:00:00+00:00,97534.625,97656.5625,97503.796875,97656.5625,645299200
2025-02-16 03:00:00+00:00,97558.046875,97560.921875,97472.5234375,97530.6875,0
2025-02-16 04:00:00+00:00,97536.15625,97573.3125,97497.953125,97559.0078125,600890368
2025-02-16 05:00:00+00:00,97618.9921875,97648.3515625,97493.84375,97539.375,0
2025-02-16 06:00:00+00:00,97500.890625,97625.2265625,97500.890625,97616.484375,0
2025-02-16 07:00:00+00:00,97243.625,97501.5234375,97234.515625,97501.5234375,0
2025-02-16 08:00:00+00:00,97176.921875,97333.859375,97167.5234375,97258.953125,860876800
2025-02-16 09:00:00+00:00,97370.4921875,97370.4921875,97086.625,97200.4296875,0
2025-02-16 10:00:00+00:00,97200.03125,97375.765625,97200.03125,97355.0390625,1209800704
2025-02-16 11:00:00+00:00,97338.5703125,97338.5703125,97190.859375,97205.5546875,0
2025-02-16 12:00:00+00:00,97133.28125,97343.0,97129.2109375,97343.0,603999232
2025-02-16 13:00:00+00:00,96888.46875,97205.0078125,96836.9375,97136.375,0
2025-02-16 14:00:00+00:00,96975.265625,97040.9609375,96696.9609375,96871.046875,582150144
2025-02-16 15:00:00+00:00,96984.8046875,97079.1953125,96962.515625,96978.2578125,0
2025-02-16 16:00:00+00:00,97050.1875,97118.984375,96921.3984375,96951.65625,0
2025-02-16 17:00:00+00:00,96954.6328125,97154.7265625,96954.6328125,97052.03125,0
2025-02-16 18:00:00+00:00,96919.5234375,96981.015625,96772.15625,96979.140625,0
2025-02-16 19:00:00+00:00,97065.0078125,97110.71875,96824.640625,96896.9296875,1290348544
2025-02-16 20:00:00+00:00,96927.671875,97152.484375,96898.65625,97068.1953125,0
2025-02-16 21:00:00+00:00,97159.875,97208.984375,96888.765625,96916.578125,161660928
2025-02-16 22:00:00+00:00,96878.7421875,97180.4765625,96656.0703125,97172.75,87073792
2025-02-16 23:00:00+00:00,96201.59375,96876.203125,96069.96875,96876.203125,1539189760
2025-02-17 00:00:00+00:00,96289.2890625,96414.9609375,96092.5078125,96092.5078125,684758016
2025-02-17 01:00:00+00:00,96508.5078125,96508.5078125,96154.0703125,96319.5,0
2025-02-17 02:00:00+00:00,96187.4375,96586.1484375,96187.4375,96510.25,19106816
2025-02-17 03:00:00+00:00,96230.0546875,96243.6875,96094.0625,96234.125,796747776
2025-02-17 04:00:00+00:00,96094.65625,96249.453125,96061.578125,96217.7578125,391282688
2025-02-17 05:00:00+00:00,96241.78125,96314.7265625,95865.640625,96052.0234375,112130048
2025-02-17 06:00:00+00:00,96371.0546875,96417.6328125,96243.546875,96252.8671875,1310777344
2025-02-17 07:00:00+00:00,96078.15625,96431.6875,95914.03125,96390.71875,566769664
2025-02-17 08:00:00+00:00,96156.5625,96293.5859375,95973.2890625,96080.671875,557676544
2025-02-17 09:00:00+00:00,96198.5,96304.15625,96113.890625,96154.84375,188229632
2025-02-17 10:00:00+00:00,96137.0546875,96387.421875,96073.6015625,96175.546875,0
2025-02-17 11:00:00+00:00,96065.359375,96277.875,96015.03125,96117.3828125,987707392
2025-02-17 12:00:00+00:00,96451.7578125,96480.7109375,96058.3671875,96058.3671875,0
2025-02-17 13:00:00+00:00,96390.5859375,96453.890625,96276.9140625,96453.890625,0
2025-02-17 14:00:00+00:00,96767.375,96990.8515625,96403.953125,96403.953125,2005573632
2025-02-17 15:00:00+00:00,95600.3515625,96886.78125,95600.3515625,96806.609375,385988608
2025-02-17 16:00:00+00:00,95394.640625,95936.0546875,95342.7734375,95675.4765625,2946060288
2025-02-17 17:00:00+00:00,95580.140625,95700.9140625,95327.359375,95343.5703125,107716608
2025-02-17 18:00:00+00:00,95334.546875,95757.546875,95281.796875,95567.6796875,1128994816
2025-02-17 19:00:00+00:00,95568.09375,95578.2578125,95243.546875,95328.78125,498837504
2025-02-17 20:00:00+00:00,96026.6015625,96245.7578125,95539.1171875,95554.03125,497520640
2025-02-17 21:00:00+00:00,96386.9765625,96386.9765625,95975.34375,96013.0625,0
2025-02-17 22:00:00+00:00,95936.9375,96403.34375,95866.609375,96403.34375,12853248
2025-02-17 23:00:00+00:00,95765.453125,96007.7578125,95738.75,95896.359375,0
2025-02-18 00:00:00+00:00,95595.15625,96014.375,95567.7734375,95839.125,546478080
2025-02-18 01:00:00+00:00,96265.6796875,96265.6796875,95613.6328125,95613.6328125,0
2025-02-18 02:00:00+00:00,96054.390625,96311.9375,96037.515625,96261.15625,685152256
2025-02-18 03:00:00+00:00,96192.21875,96284.421875,96046.2265625,96046.2265625,0
2025-02-18 04:00:00+00:00,96056.078125,96287.5390625,95987.5390625,96186.234375,538640384
2025-02-18 05:00:00+00:00,95592.453125,96084.9609375,95591.265625,96048.265625,0
2025-02-18 06:00:00+00:00,95306.8671875,95631.125,95293.2734375,95598.0546875,1798959104
2025-02-18 07:00:00+00:00,95475.21875,95658.34375,95326.6484375,95342.8671875,62337024
2025-02-18 08:00:00+00:00,95228.6484375,95524.640625,95146.3125,95446.0234375,195129344
2025-02-18 09:00:00+00:00,95702.375,95707.28125,95206.3515625,95209.140625,0
2025-02-18 10:00:00+00:00,95733.3984375,95839.5625,95638.375,95758.4375,0
2025-02-18 11:00:00+00:00,95607.7265625,95746.25,95554.859375,95722.0546875,568115200
2025-02-18 12:00:00+00:00,96193.4375,96216.2265625,95606.1875,95620.4140625,148576256
2025-02-18 13:00:00+00:00,96216.2265625,96364.7109375,96132.7890625,96173.6796875,668819456
2025-02-18 14:00:00+00:00,95646.015625,96695.375,95469.2890625,96211.0859375,399593472
2025-02-18 15:00:00+00:00,95501.640625,95662.0234375,95292.8203125,95555.4296875,267593728
2025-02-18 16:00:00+00:00,94643.3984375,95576.09375,94636.359375,95513.6640625,0
2025-02-18 17:00:00+00:00,94095.6640625,94765.2734375,94084.515625,94619.0546875,1020100608
2025-02-18 18:00:00+00:00,93873.125,94262.46875,93591.609375,93827.203125,1683660800
2025-02-18 19:00:00+00:00,94083.1953125,94270.9765625,93410.84375,93908.8828125,2123788288
2025-02-18 20:00:00+00:00,94214.4453125,94393.03125,93739.703125,93985.1484375,0
2025-02-18 21:00:00+00:00,94915.5546875,95231.1796875,94117.421875,94117.421875,1983064064
2025-02-18 22:00:00+00:00,95234.3828125,95418.609375,94878.515625,94986.0625,1434935296
2025-02-18 23:00:00+00:00,95524.3046875,95524.3046875,95242.3828125,95276.578125,319275008
2025-02-19 00:00:00+00:00,95269.75,95709.4453125,95262.734375,95607.8671875,228749312
2025-02-19 01:00:00+00:00,95403.3984375,95403.3984375,95015.7109375,95275.3359375,380502016
2025-02-19 02:00:00+00:00,95735.453125,95891.9140625,95429.359375,95429.359375,1045356544
2025-02-19 03:00:00+00:00,95655.0078125,95747.7421875,95568.375,95747.7421875,0
2025-02-19 04:00:00+00:00,95249.1171875,95715.203125,95249.1171875,95715.203125,234881024
2025-02-19 05:00:00+00:00,95238.6953125,95293.3203125,95030.28125,95194.5234375,1076674560
2025-02-19 06:00:00+00:00,95576.34375,95576.34375,95212.171875,95260.5546875,0
2025-02-19 07:00:00+00:00,95731.9609375,95790.3359375,95565.8359375,95590.2578125,402067456
2025-02-19 08:00:00+00:00,95621.4921875,95810.375,95621.4921875,95648.7109375,0
2025-02-19 09:00:00+00:00,95947.8046875,95947.8046875,95605.9296875,95605.9296875,0
2025-02-19 10:00:00+00:00,96304.671875,96396.5625,95893.265625,95893.265625,1451675648
2025-02-19 11:00:00+00:00,96359.7890625,96373.4296875,96225.140625,96304.7578125,123822080
2025-02-19 12:00:00+00:00,96187.515625,96477.3046875,96187.515625,96391.0078125,0
2025-02-19 13:00:00+00:00,96303.8515625,96452.875,96168.1875,96168.1875,202031104
2025-02-19 14:00:00+00:00,95855.46875,96686.515625,95855.46875,96313.109375,0
2025-02-19 15:00:00+00:00,95955.5859375,96362.2265625,95603.1328125,95744.4453125,0
2025-02-19 16:00:00+00:00,96245.8359375,96333.7734375,95929.3046875,95929.3046875,0
2025-02-19 17:00:00+00:00,96432.1640625,96461.5390625,96157.40625,96282.640625,0
2025-02-19 18:00:00+00:00,95661.71875,96382.4921875,95646.140625,96382.4921875,0
2025-02-19 19:00:00+00:00,96116.8984375,96134.859375,95469.34375,95648.2890625,134600704
2025-02-19 20:00:00+00:00,96208.5390625,96456.609375,96141.8984375,96173.3203125,0
2025-02-19 21:00:00+00:00,96292.7734375,96446.1640625,96053.90625,96109.453125,0
2025-02-19 22:00:00+00:00,96537.15625,96593.5390625,96279.0,96279.0,0
2025-02-19 23:00:00+00:00,96636.1015625,96820.328125,96536.1484375,96536.1484375,601972736
2025-02-20 00:00:00+00:00,96837.078125,96837.078125,96447.5,96624.4140625,0
2025-02-20 01:00:00+00:00,96720.0078125,96918.640625,96643.0234375,96807.734375,692264960
2025-02-20 02:00:00+00:00,97201.8671875,97230.4609375,96747.8515625,96747.8515625,0
2025-02-20 03:00:00+00:00,97083.515625,97317.1796875,96985.21875,97146.7421875,1534529536
2025-02-20 04:00:00+00:00,97218.125,97326.8125,97059.7578125,97067.046875,340649984
2025-02-20 05:00:00+00:00,96919.109375,97219.8359375,96919.109375,97219.8359375,0
2025-02-20 06:00:00+00:00,96907.9609375,96989.7890625,96816.453125,96915.9765625,90304512
2025-02-20 07:00:00+00:00,96971.84375,97067.9453125,96820.375,96911.859375,0
2025-02-20 08:00:00+00:00,97174.8515625,97207.765625,96821.203125,96874.21875,0
2025-02-20 09:00:00+00:00,97177.8046875,97272.4140625,97163.6875,97163.6875,660498432
2025-02-20 10:00:00+00:00,97372.9765625,97372.9765625,97114.6796875,97193.109375,0
2025-02-20 11:00:00+00:00,97206.3984375,97372.1015625,97168.8984375,97372.1015625,0
2025-02-20 12:00:00+00:00,97430.5078125,97539.109375,97204.3125,97204.3125,945913856
2025-02-20 13:00:00+00:00,97546.59375,97546.59375,97303.0859375,97437.1640625,0
2025-02-20 14:00:00+00:00,97054.9765625,98037.09375,96958.65625,97567.1796875,928319488
2025-02-20 15:00:00+00:00,96919.6640625,97313.1328125,96900.9296875,96973.6640625,382717952
2025-02-20 16:00:00+00:00,97556.765625,97955.34375,96908.984375,96908.984375,786679808
2025-02-20 17:00:00+00:00,98005.625,98005.625,97555.34375,97555.34375,510427136
2025-02-20 18:00:00+00:00,98337.1328125,98423.015625,97990.8671875,97990.8671875,1691473920
2025-02-20 19:00:00+00:00,98443.15625,98516.453125,98312.453125,98328.8828125,0
2025-02-20 20:00:00+00:00,98423.5,98744.1484375,98382.9609375,98457.296875,0
2025-02-20 21:00:00+00:00,98136.078125,98513.578125,98062.7890625,98513.578125,1125087232
2025-02-20 22:00:00+00:00,98201.84375,98362.453125,98114.4375,98123.0546875,152301568
2025-02-20 23:00:00+00:00,98337.09375,98523.765625,98170.2578125,98170.2578125,0
2025-02-21 00:00:00+00:00,98252.2890625,98513.1875,98139.4453125,98338.84375,189640704
2025-02-21 01:00:00+00:00,98369.3828125,98369.3828125,98178.328125,98268.9921875,0
2025-02-21 02:00:00+00:00,98160.890625,98385.28125,98159.78125,98346.1328125,472440832
2025-02-21 03:00:00+00:00,98177.390625,98306.5859375,98142.5625,98152.3984375,0
2025-02-21 04:00:00+00:00,98228.5859375,98303.3515625,98172.65625,98172.65625,0
2025-02-21 05:00:00+00:00,98361.609375,98390.1953125,98212.1640625,98250.171875,0
2025-02-21 06:00:00+00:00,98412.4140625,98449.4921875,98340.453125,98366.09375,0
2025-02-21 07:00:00+00:00,98206.9453125,98605.90625,98206.9453125,98430.265625,286978048
2025-02-21 08:00:00+00:00,98243.5234375,98272.8203125,98173.75,98219.5,122910720
2025-02-21 09:00:00+00:00,98355.3515625,98903.5859375,98232.265625,98237.046875,1197033472
2025-02-21 10:00:00+00:00,98603.6171875,98652.4296875,98293.484375,98369.0,530479104
2025-02-21 11:00:00+00:00,98658.140625,98787.4375,98548.125,98623.46875,598716416
2025-02-21 12:00:00+00:00,98944.734375,98976.8515625,98559.0546875,98656.6953125,0
2025-02-21 13:00:00+00:00,99392.0,99473.7265625,98844.078125,98927.8984375,2466197504
2025-02-21 14:00:00+00:00,98839.71875,99392.78125,98557.6484375,99374.125,0
2025-02-21 15:00:00+00:00,98071.1015625,99293.9765625,97269.3359375,98809.140625,3873384448
2025-02-21 16:00:00+00:00,98245.6640625,98756.734375,97891.1640625,98107.578125,3151556608
2025-02-21 17:00:00+00:00,97009.53125,98401.9375,96885.609375,98229.265625,1825988608
2025-02-21 18:00:00+00:00,96547.625,97164.671875,96547.625,96968.1171875,1677185024
2025-02-21 19:00:00+00:00,95375.4140625,96692.6640625,95240.9375,96520.3515625,1941266432
2025-02-21 20:00:00+00:00,94966.3125,95523.546875,94918.8359375,95265.703125,2098737152
2025-02-21 21:00:00+00:00,95339.3671875,95372.234375,94939.2109375,94939.2109375,540016640
2025-02-21 22:00:00+00:00,95803.28125,95847.7421875,95193.3046875,95321.34375,862916608
2025-02-21 23:00:00+00:00,96134.921875,96148.875,95630.7109375,95796.0078125,750792704
2025-02-22 00:00:00+00:00,96161.015625,96188.34375,95781.3203125,96117.0703125,279121920
2025-02-22 01:00:00+00:00,96223.53125,96458.5078125,96131.859375,96187.265625,16863232
2025-02-22 02:00:00+00:00,96315.7890625,96439.34375,96105.078125,96231.0,0
2025-02-22 03:00:00+00:00,96290.859375,96338.1796875,96163.5546875,96269.7734375,0
2025-02-22 04:00:00+00:00,96402.3046875,96448.03125,96291.625,96291.625,0
2025-02-22 05:00:00+00:00,96491.34375,96507.1796875,96351.3203125,96398.78125,0
2025-02-22 06:00:00+00:00,96399.2265625,96570.6640625,96350.4375,96509.984375,0
2025-02-22 07:00:00+00:00,96344.3828125,96488.0859375,96340.8828125,96393.09375,0
2025-02-22 08:00:00+00:00,96214.171875,96328.2734375,96136.5625,96297.8046875,0
2025-02-22 09:00:00+00:00,96468.9375,96482.109375,96175.8984375,96201.734375,0
2025-02-22 10:00:00+00:00,96488.84375,96570.2734375,96447.421875,96485.546875,500469760
2025-02-22 11:00:00+00:00,96590.453125,96599.1015625,96476.8984375,96476.8984375,0
2025-02-22 12:00:00+00:00,96856.4453125,96893.484375,96556.9375,96591.28125,0
2025-02-22 13:00:00+00:00,96558.0078125,96873.1015625,96558.0078125,96837.1953125,0
2025-02-22 14:00:00+00:00,96557.2109375,96704.5078125,96555.4296875,96574.7265625,0
2025-02-22 15:00:00+00:00,96638.5390625,96674.96875,96509.1015625,96542.453125,0
2025-02-22 16:00:00+00:00,96537.1015625,96787.90625,96537.1015625,96610.8046875,0
2025-02-22 17:00:00+00:00,96629.7734375,96665.9921875,96501.6875,96510.6875,0
2025-02-22 18:00:00+00:00,96442.296875,96772.453125,96442.296875,96635.6875,0
2025-02-22 19:00:00+00:00,96627.0703125,96660.640625,96383.890625,96455.984375,0
2025-02-22 20:00:00+00:00,96585.5625,96649.4609375,96537.1328125,96625.40625,0
2025-02-22 21:00:00+00:00,96677.328125,96677.328125,96534.984375,96580.1171875,0
2025-02-22 22:00:00+00:00,96638.1015625,96700.234375,96617.09375,96672.796875,0
2025-02-22 23:00:00+00:00,96580.2578125,96669.0078125,96543.0,96640.5390625,0
2025-02-23 00:00:00+00:00,96648.234375,96648.234375,96524.4921875,96571.046875,0
2025-02-23 01:00:00+00:00,96484.4609375,96657.171875,96431.5546875,96657.171875,406853632
2025-02-23 02:00:00+00:00,96428.8515625,96512.703125,96421.8359375,96481.46875,0
2025-02-23 03:00:00+00:00,96453.9375,96587.9921875,96426.0625,96426.0625,579642368
2025-02-23 04:00:00+00:00,96418.375,96532.4765625,96418.375,96440.796875,0
2025-02-23 05:00:00+00:00,96239.4921875,96422.8203125,96239.4921875,96422.8203125,32309248
2025-02-23 06:00:00+00:00,96351.59375,96361.6796875,96192.765625,96231.703125,0
2025-02-23 07:00:00+00:00,96557.984375,96580.109375,96316.28125,96355.109375,20264960
2025-02-23 08:00:00+00:00,96375.4296875,96561.6640625,96340.6171875,96558.4375,0
2025-02-23 09:00:00+00:00,96320.21875,96456.765625,96286.9921875,96384.984375,236633088
2025-02-23 10:00:00+00:00,96177.2109375,96320.53125,96138.7421875,96320.53125,0
2025-02-23 11:00:00+00:00,96135.6328125,96252.40625,96120.1953125,96177.28125,0
2025-02-23 12:00:00+00:00,95727.046875,96143.1171875,95698.21875,96124.6640625,120037376
2025-02-23 13:00:00+00:00,95948.7109375,95953.765625,95741.7109375,95742.7734375,159641600
2025-02-23 14:00:00+00:00,95696.2109375,96038.765625,95692.3984375,95938.984375,0
2025-02-23 15:00:00+00:00,95469.6484375,95724.5703125,95469.6484375,95580.9375,0
2025-02-23 16:00:00+00:00,95500.34375,95622.03125,95450.5625,95450.5625,560153600
2025-02-23 17:00:00+00:00,95665.6484375,95732.828125,95280.578125,95457.015625,35622912
2025-02-23 18:00:00+00:00,95745.34375,95879.8671875,95644.5703125,95664.78125,0
2025-02-23 19:00:00+00:00,95751.15625,95859.7265625,95739.5703125,95749.8671875,0
2025-02-23 20:00:00+00:00,95787.8671875,95813.9765625,95704.046875,95772.375,0
2025-02-23 21:00:00+00:00,95768.4921875,95795.8671875,95686.2109375,95795.8671875,0
2025-02-23 22:00:00+00:00,95865.2265625,95924.3125,95572.515625,95759.4296875,883510272
2025-02-23 23:00:00+00:00,96277.328125,96304.7265625,95813.1796875,95813.1796875,71481344
2025-02-24 00:00:00+00:00,96296.4140625,96476.515625,96188.2109375,96267.8515625,1270552576
2025-02-24 01:00:00+00:00,95980.046875,96334.828125,95834.2265625,96254.140625,514816000
2025-02-24 02:00:00+00:00,95807.921875,96176.6484375,95807.921875,95983.8125,1310318592
2025-02-24 03:00:00+00:00,95527.703125,95823.4375,95332.796875,95823.4375,288432128
2025-02-24 04:00:00+00:00,95288.125,95558.203125,95125.3828125,95478.3125,1832683520
2025-02-24 05:00:00+00:00,95730.8203125,95750.265625,95268.859375,95293.2578125,682344448
2025-02-24 06:00:00+00:00,95800.0546875,95887.8828125,95663.3046875,95715.265625,262068224
2025-02-24 07:00:00+00:00,95889.6796875,95948.5859375,95723.5078125,95868.34375,228610048
2025-02-24 08:00:00+00:00,95504.3203125,95915.578125,95436.7109375,95898.1953125,0
2025-02-24 09:00:00+00:00,95790.734375,96150.0703125,95525.6640625,95525.6640625,1482668032
2025-02-24 10:00:00+00:00,95649.984375,95894.6171875,95415.5859375,95762.65625,31733760
2025-02-24 11:00:00+00:00,95831.7265625,95866.1640625,95425.9375,95654.4609375,972570624
2025-02-24 12:00:00+00:00,95774.625,95942.1015625,95712.6875,95827.7578125,0
2025-02-24 13:00:00+00:00,95601.734375,96062.9375,95383.390625,95789.9375,693639168
2025-02-24 14:00:00+00:00,94637.4921875,95691.8046875,94608.828125,95612.0,1601986560
2025-02-24 15:00:00+00:00,94246.828125,94874.7265625,93901.578125,94637.96875,4021092352
2025-02-24 16:00:00+00:00,94355.0703125,94945.90625,94190.4375,94301.5703125,1412022272
2025-02-24 17:00:00+00:00,94658.1875,95150.75,94370.703125,94400.015625,1079117824
2025-02-24 18:00:00+00:00,94135.8203125,94833.4453125,94135.8203125,94635.5,681553920
2025-02-24 19:00:00+00:00,93894.8671875,94523.9921875,93743.8671875,94155.7890625,1650999296
2025-02-24 20:00:00+00:00,94042.59375,94515.7265625,93889.203125,93889.203125,1193791488
2025-02-24 21:00:00+00:00,93997.890625,94275.1171875,93677.65625,93989.5234375,1370865664
2025-02-24 22:00:00+00:00,92523.1796875,93959.84375,92523.1796875,93959.84375,3285151744
2025-02-24 23:00:00+00:00,91393.390625,92728.8046875,91393.390625,92445.1171875,2725085184
2025-02-25 00:00:00+00:00,91813.9765625,92065.796875,91029.2265625,91496.140625,3140804608
2025-02-25 01:00:00+00:00,91970.921875,92354.2578125,91225.40625,91819.453125,2476904448
2025-02-25 02:00:00+00:00,92326.171875,92458.0390625,91626.609375,92168.9296875,992305152
2025-02-25 03:00:00+00:00,92197.296875,92498.59375,91973.9375,92343.8125,488419328
2025-02-25 04:00:00+00:00,91987.8515625,92294.921875,91871.609375,92152.765625,0
2025-02-25 05:00:00+00:00,92003.671875,92068.1015625,91723.8359375,91918.03125,1170288640
2025-02-25 06:00:00+00:00,91227.8203125,92037.7734375,91227.8203125,92037.7734375,0
2025-02-25 07:00:00+00:00,89398.484375,91319.7578125,88355.9453125,91293.9375,7821660160
2025-02-25 08:00:00+00:00,89376.8203125,89958.46875,89140.734375,89266.65625,3941507072
2025-02-25 09:00:00+00:00,88284.1796875,89508.9375,88284.1796875,89374.734375,1963458560
2025-02-25 10:00:00+00:00,88192.28125,88666.1015625,87190.7734375,88268.3359375,6348173312
2025-02-25 11:00:00+00:00,89198.6328125,89292.828125,87651.234375,88137.5,3444531200
2025-02-25 12:00:00+00:00,89261.984375,89463.6484375,88905.3671875,89198.71875,1959886848
2025-02-25 13:00:00+00:00,88818.2109375,89447.3984375,88747.3984375,89238.4765625,2214944768
2025-02-25 14:00:00+00:00,87084.9765625,89293.6484375,87084.9765625,88696.40625,1276043264
2025-02-25 15:00:00+00:00,87301.0390625,87605.53125,86138.2734375,87003.078125,2926256128
2025-02-25 16:00:00+00:00,87449.515625,87620.515625,86128.4375,87007.546875,3844669440
2025-02-25 17:00:00+00:00,87117.859375,87694.015625,86837.296875,87341.5546875,341843968
2025-02-25 18:00:00+00:00,86978.6875,87636.265625,86835.734375,87152.171875,31965184
2025-02-25 19:00:00+00:00,87863.0859375,87924.3828125,86448.5078125,86978.359375,1868382208
2025-02-25 20:00:00+00:00,88076.6484375,88873.140625,87594.2734375,87816.71875,2607030272
2025-02-25 21:00:00+00:00,88598.2109375,88637.609375,87775.640625,88187.0859375,0
2025-02-25 22:00:00+00:00,88737.1953125,89344.90625,88446.0390625,88692.203125,102842368
2025-02-25 23:00:00+00:00,88701.9140625,89029.0390625,88623.359375,88762.703125,0
2025-02-26 00:00:00+00:00,88059.8046875,88512.78125,88059.8046875,88491.3359375,0
2025-02-26 01:00:00+00:00,88691.546875,88711.40625,88054.53125,88054.53125,0
2025-02-26 02:00:00+00:00,88931.640625,89044.21875,88355.8828125,88609.4140625,0
2025-02-26 03:00:00+00:00,88822.1015625,89260.65625,88822.1015625,88974.78125,133988352
2025-02-26 04:00:00+00:00,88737.6328125,89089.84375,88727.5390625,88797.0390625,0
2025-02-26 05:00:00+00:00,88421.0546875,88772.2109375,88421.0546875,88609.8515625,0
2025-02-26 06:00:00+00:00,88800.7734375,88800.7734375,88345.0234375,88345.0234375,2232434688
2025-02-26 07:00:00+00:00,88659.96875,89015.40625,88388.1953125,88814.6875,0
2025-02-26 08:00:00+00:00,88450.0390625,88705.78125,88178.828125,88641.875,0
2025-02-26 09:00:00+00:00,89055.546875,89208.5078125,88422.328125,88422.328125,0
2025-02-26 10:00:00+00:00,89222.5390625,89222.5390625,88848.34375,89059.828125,0
2025-02-26 11:00:00+00:00,88611.8515625,89193.125,88611.8515625,89193.125,0
2025-02-26 12:00:00+00:00,87811.6484375,88573.2265625,87584.6796875,88550.4609375,0
2025-02-26 13:00:00+00:00,87053.234375,87940.3203125,87053.234375,87886.1875,0
2025-02-26 14:00:00+00:00,87432.484375,87563.078125,85422.9375,87072.828125,1632796672
2025-02-26 15:00:00+00:00,87413.8359375,88288.6484375,87374.875,87661.421875,0
2025-02-26 16:00:00+00:00,86805.0390625,87614.5078125,86253.3046875,87454.171875,0
2025-02-26 17:00:00+00:00,85626.4609375,87145.1328125,85626.4609375,86723.578125,0
2025-02-26 18:00:00+00:00,83982.5859375,86317.1484375,83829.2109375,86165.1171875,4174999552
2025-02-26 19:00:00+00:00,83755.3671875,84843.0703125,83683.5703125,84084.6640625,4787310592
2025-02-26 20:00:00+00:00,84382.9453125,84402.953125,82242.9921875,83783.140625,0
2025-02-26 21:00:00+00:00,84336.375,84807.203125,83421.3359375,84272.078125,3264200704
2025-02-26 22:00:00+00:00,84275.34375,85122.9375,84123.4375,84439.328125,2340999168
2025-02-26 23:00:00+00:00,83993.6328125,84621.8359375,83836.8515625,84375.5703125,0
2025-02-27 00:00:00+00:00,84642.90625,84648.640625,83977.671875,84136.3046875,1022881792
2025-02-27 01:00:00+00:00,84706.546875,85265.8984375,84278.9609375,84582.4140625,2845286400
2025-02-27 02:00:00+00:00,84233.265625,85040.5625,84233.265625,84641.421875,0
2025-02-27 03:00:00+00:00,85164.9921875,85228.046875,84222.7578125,84222.7578125,2459906048
2025-02-27 04:00:00+00:00,85017.7109375,85212.8828125,84637.1875,85134.2265625,32808960
2025-02-27 05:00:00+00:00,85825.984375,85825.984375,85011.8125,85047.5703125,6201344
2025-02-27 06:00:00+00:00,86169.8125,86478.65625,85646.515625,85809.0703125,743981056
2025-02-27 07:00:00+00:00,86256.140625,86472.0,86064.96875,86189.9453125,955465728
2025-02-27 08:00:00+00:00,85981.296875,86354.3515625,85866.421875,86210.6171875,394551296
2025-02-27 09:00:00+00:00,86044.6171875,86232.765625,85848.9609375,85997.0234375,0
2025-02-27 10:00:00+00:00,86892.7734375,86892.7734375,85984.9921875,86091.75,300687360
2025-02-27 11:00:00+00:00,86640.7734375,86939.5859375,86373.1015625,86939.5859375,0
2025-02-27 12:00:00+00:00,86222.9375,86690.9453125,86201.6953125,86625.2265625,0
2025-02-27 13:00:00+00:00,86042.0703125,86605.21875,85830.1484375,86238.9140625,549568512
2025-02-27 14:00:00+00:00,84982.125,86308.4765625,84982.125,86045.0078125,0
2025-02-27 15:00:00+00:00,85580.4296875,85850.3203125,84633.4375,84909.34375,413724672
2025-02-27 16:00:00+00:00,84347.984375,85571.2421875,84347.984375,85452.5625,0
2025-02-27 17:00:00+00:00,84459.4609375,84819.015625,84315.375,84394.3515625,0
2025-02-27 18:00:00+00:00,84702.921875,84865.40625,84440.21875,84607.59375,0
2025-02-27 19:00:00+00:00,84054.6875,84500.671875,83514.484375,84500.671875,0
2025-02-27 20:00:00+00:00,83613.7578125,84011.53125,82745.171875,84011.53125,0
2025-02-27 21:00:00+00:00,84168.375,84283.9296875,83188.109375,83392.7734375,0
2025-02-27 22:00:00+00:00,84515.703125,84515.703125,83801.3828125,84263.1171875,0
2025-02-27 23:00:00+00:00,84763.90625,84818.4453125,84366.4140625,84614.5078125,0
2025-02-28 00:00:00+00:00,84250.6875,84780.2265625,84219.453125,84671.1640625,881909760
2025-02-28 01:00:00+00:00,82081.1875,84300.234375,81298.96875,84209.5546875,3071598592
2025-02-28 02:00:00+00:00,80687.6015625,82737.0078125,79691.9921875,81728.8515625,5966905344
2025-02-28 03:00:00+00:00,80283.3203125,81467.140625,80283.3203125,80741.4296875,1235210240
2025-02-28 04:00:00+00:00,80266.171875,80767.7890625,79489.53125,80326.78125,3540869120
2025-02-28 05:00:00+00:00,79616.3828125,80351.6015625,79269.7890625,80301.6015625,1543233536
2025-02-28 06:00:00+00:00,79398.234375,80258.7421875,79083.984375,79828.8203125,5525696512
2025-02-28 07:00:00+00:00,79049.0703125,79941.53125,78790.59375,79287.9609375,1653325824
2025-02-28 08:00:00+00:00,78942.5703125,79297.09375,78260.9453125,79098.65625,0
2025-02-28 09:00:00+00:00,80267.109375,80598.0234375,78900.1171875,78900.1171875,5479399424
2025-02-28 10:00:00+00:00,79929.0703125,80317.921875,79612.2578125,80307.71875,186572800
2025-02-28 11:00:00+00:00,80416.671875,80701.8828125,79961.3203125,79965.75,0
2025-02-28 12:00:00+00:00,80705.6328125,80705.6328125,80095.1484375,80365.3671875,1861361664
2025-02-28 13:00:00+00:00,81466.1328125,81659.5390625,80579.0703125,80654.8125,1068294144
2025-02-28 14:00:00+00:00,81949.625,82387.6328125,81163.875,81461.2578125,1399799808
2025-02-28 15:00:00+00:00,83971.3203125,84298.5859375,82041.2734375,82041.2734375,1526767616
2025-02-28 16:00:00+00:00,84407.1640625,84853.7734375,83516.125,83973.015625,1399037952
2025-02-28 17:00:00+00:00,83610.40625,84353.734375,83602.4453125,84353.734375,0
2025-02-28 18:00:00+00:00,84385.390625,84907.5703125,83197.3515625,83613.265625,1585643520
2025-02-28 19:00:00+00:00,84374.546875,84744.3203125,84261.5546875,84632.5,971931648
2025-02-28 20:00:00+00:00,84320.7578125,84730.734375,83612.28125,84421.984375,0
2025-02-28 21:00:00+00:00,84189.390625,84514.078125,84016.125,84142.3359375,0
2025-02-28 22:00:00+00:00,84134.265625,84361.265625,83874.7734375,84231.65625,0
2025-02-28 23:00:00+00:00,84374.015625,84467.6171875,83975.6640625,84078.8515625,0
2025-03-01 00:00:00+00:00,83832.046875,84510.8984375,83794.234375,84330.8515625,692592640
2025-03-01 01:00:00+00:00,84626.71875,84741.8984375,83809.5390625,83809.5390625,0
2025-03-01 02:00:00+00:00,85215.453125,85482.8515625,84341.359375,84609.890625,0
2025-03-01 03:00:00+00:00,85235.5546875,85415.6015625,84944.71875,85207.03125,0
2025-03-01 04:00:00+00:00,86208.6953125,86501.0625,85302.6328125,85321.8203125,0
2025-03-01 05:00:00+00:00,85599.203125,86199.703125,85599.203125,86176.78125,0
2025-03-01 06:00:00+00:00,85017.71875,85614.6484375,84933.65625,85592.25,0
2025-03-01 07:00:00+00:00,84726.09375,85024.578125,84726.09375,85024.578125,0
2025-03-01 08:00:00+00:00,85285.6953125,85296.125,84719.984375,84719.984375,0
2025-03-01 09:00:00+00:00,85324.2734375,85458.3203125,85097.1484375,85273.578125,0
2025-03-01 10:00:00+00:00,84791.40625,85368.859375,84786.90625,85343.6640625,0
2025-03-01 11:00:00+00:00,84591.546875,84864.890625,84371.1875,84864.890625,0
2025-03-01 12:00:00+00:00,84754.9609375,84855.1015625,84452.90625,84591.2578125,0
2025-03-01 13:00:00+00:00,84457.3203125,84862.359375,84344.234375,84732.5859375,0
2025-03-01 14:00:00+00:00,84664.78125,84707.7578125,84416.390625,84477.421875,0
2025-03-01 15:00:00+00:00,84757.4921875,84797.265625,84584.6484375,84659.640625,0
2025-03-01 16:00:00+00:00,85178.40625,85178.40625,84671.75,84759.65625,0
2025-03-01 17:00:00+00:00,85179.8828125,85279.7421875,84945.5,85186.6796875,0
2025-03-01 18:00:00+00:00,85269.2578125,85269.2578125,85055.7421875,85171.2734375,0
2025-03-01 19:00:00+00:00,85425.2734375,85439.1015625,85192.28125,85263.9140625,0
2025-03-01 20:00:00+00:00,85453.6015625,85516.71875,85359.0234375,85439.9765625,0
2025-03-01 21:00:00+00:00,85966.1484375,86096.625,85307.3828125,85527.7890625,0
2025-03-01 22:00:00+00:00,86079.546875,86158.0546875,85685.125,86033.0390625,942098432
2025-03-01 23:00:00+00:00,86039.7578125,86104.1484375,85650.8984375,86086.1171875,0
2025-03-02 00:00:00+00:00,85988.0859375,86237.3046875,85795.5625,86024.3515625,171909120
2025-03-02 01:00:00+00:00,86305.265625,86305.265625,85990.8515625,85990.8515625,0
2025-03-02 02:00:00+00:00,85671.1640625,86443.1015625,85671.1640625,86311.03125,0
2025-03-02 03:00:00+00:00,85876.8125,86088.765625,85743.15625,85754.71875,224946176
2025-03-02 04:00:00+00:00,85680.6953125,85832.9765625,85523.25,85832.9765625,0
2025-03-02 05:00:00+00:00,85900.9765625,85970.875,85647.2734375,85701.421875,0
2025-03-02 06:00:00+00:00,86237.953125,86448.6484375,85907.3125,85954.640625,0
2025-03-02 07:00:00+00:00,86202.1796875,86277.0234375,86067.6015625,86240.5703125,0
2025-03-02 08:00:00+00:00,85747.6796875,86207.8046875,85709.0,86207.8046875,0
2025-03-02 09:00:00+00:00,85966.28125,86026.5546875,85687.28125,85721.7578125,112064512
2025-03-02 10:00:00+00:00,85953.0546875,85953.0546875,85780.1796875,85870.0546875,0
2025-03-02 11:00:00+00:00,86088.3046875,86152.9375,85941.8671875,85954.9296875,0
2025-03-02 12:00:00+00:00,85935.671875,86072.5078125,85719.671875,86072.5078125,0
2025-03-02 13:00:00+00:00,85609.3125,85953.4140625,85502.3125,85953.4140625,0
2025-03-02 14:00:00+00:00,85058.875,85793.8671875,85058.875,85651.078125,0
2025-03-02 15:00:00+00:00,87533.5859375,88340.078125,85079.203125,85145.9140625,6875162624
2025-03-02 16:00:00+00:00,91515.8515625,91733.6640625,87428.8984375,87428.8984375,8749033472
2025-03-02 17:00:00+00:00,94013.328125,95026.0703125,90746.5234375,91371.0078125,9698570240
2025-03-02 18:00:00+00:00,92928.203125,94334.9921875,92431.09375,94334.9921875,4785913856
2025-03-02 19:00:00+00:00,93525.1015625,93548.0625,92711.9140625,92747.109375,2039693312
2025-03-02 20:00:00+00:00,94421.734375,94421.734375,93585.9765625,93585.9765625,2380861440
2025-03-02 21:00:00+00:00,94161.7890625,94424.3515625,93726.53125,94385.1875,1693671424
2025-03-02 22:00:00+00:00,94450.453125,94450.453125,93960.6640625,94261.5,1183977472
2025-03-02 23:00:00+00:00,94247.1171875,94827.9609375,94024.0859375,94288.296875,1403568128
2025-03-03 00:00:00+00:00,93371.1328125,94339.484375,93371.1328125,94292.2421875,2272235520
2025-03-03 01:00:00+00:00,93088.609375,93359.5,92675.1796875,93305.1875,3145031680
2025-03-03 02:00:00+00:00,93272.4140625,93401.65625,92519.609375,93069.6484375,390270976
2025-03-03 03:00:00+00:00,92698.84375,93379.7578125,92473.046875,93276.4296875,2321981440
2025-03-03 04:00:00+00:00,92818.953125,92899.4375,92594.5859375,92711.625,679452672
2025-03-03 05:00:00+00:00,93231.8203125,93298.859375,92817.40625,92825.7578125,915214336
2025-03-03 06:00:00+00:00,91387.09375,93280.8515625,91326.078125,93280.8515625,0
2025-03-03 07:00:00+00:00,92395.4609375,92486.28125,91229.96875,91399.859375,1701994496
2025-03-03 08:00:00+00:00,91341.0703125,92348.125,91260.4609375,92348.125,1488658432
2025-03-03 09:00:00+00:00,91879.140625,91978.0078125,91212.109375,91424.125,2380922880
2025-03-03 10:00:00+00:00,92493.390625,92493.390625,91551.8125,91861.0859375,1207525376
2025-03-03 11:00:00+00:00,92667.03125,92769.8046875,92404.8671875,92480.0859375,666451968
2025-03-03 12:00:00+00:00,92971.6171875,93205.2265625,92768.5703125,92768.5703125,599531520
2025-03-03 13:00:00+00:00,93450.296875,93611.7265625,92888.796875,92968.3984375,856317952
2025-03-03 14:00:00+00:00,89657.6796875,93657.9765625,89387.890625,93394.1875,1696849920
2025-03-03 15:00:00+00:00,90045.546875,91145.15625,89251.515625,89251.515625,2234048512
2025-03-03 16:00:00+00:00,90150.109375,90637.2734375,89689.953125,90016.3359375,0
2025-03-03 17:00:00+00:00,90238.265625,90887.7890625,89933.1015625,89933.1015625,0
2025-03-03 18:00:00+00:00,87175.28125,90224.3046875,86833.9921875,90211.15625,81858560
2025-03-03 19:00:00+00:00,85657.0546875,87468.203125,85657.0546875,87053.8828125,1890635776
2025-03-03 20:00:00+00:00,85929.8828125,86130.953125,85174.3984375,85509.328125,2980102144
2025-03-03 21:00:00+00:00,85105.40625,86436.1171875,85105.40625,86002.8515625,0
2025-03-03 22:00:00+00:00,86709.2109375,86916.234375,85279.1796875,85279.1796875,1734221824
2025-03-03 23:00:00+00:00,86016.4140625,86702.8515625,85961.734375,86326.6484375,0
2025-03-04 00:00:00+00:00,86025.7265625,86654.75,85849.375,86054.0859375,138305536
2025-03-04 01:00:00+00:00,83278.0390625,86073.765625,82873.3828125,85959.5859375,3026313216
2025-03-04 02:00:00+00:00,83974.6015625,84192.6015625,82499.4375,83301.390625,631521280
2025-03-04 03:00:00+00:00,84031.1875,84319.7109375,83599.71875,83873.8359375,2407030784
2025-03-04 04:00:00+00:00,83537.5859375,83919.765625,83511.5546875,83919.765625,0
2025-03-04 05:00:00+00:00,84237.296875,84422.0546875,83356.859375,83356.859375,1778712576
2025-03-04 06:00:00+00:00,83824.1015625,84306.2265625,83592.0625,84199.8125,0
2025-03-04 07:00:00+00:00,83106.3828125,83901.3984375,83106.3828125,83793.2109375,0
2025-03-04 08:00:00+00:00,83836.3125,83836.3125,83135.375,83135.375,506363904
2025-03-04 09:00:00+00:00,83712.28125,84075.59375,83627.21875,83846.625,0
2025-03-04 10:00:00+00:00,83910.578125,83951.296875,83497.9609375,83741.515625,1177010176
2025-03-04 11:00:00+00:00,83919.5859375,84204.0234375,83699.625,83914.90625,0
2025-03-04 12:00:00+00:00,83773.7734375,83890.4609375,83328.609375,83831.8046875,0
2025-03-04 13:00:00+00:00,82667.4921875,83703.9453125,82531.5546875,83703.9453125,369909760
2025-03-04 14:00:00+00:00,83668.90625,84527.5859375,82039.875,82716.390625,628817920
2025-03-04 15:00:00+00:00,82764.75,83182.1796875,81727.140625,83109.4296875,0
2025-03-04 16:00:00+00:00,83612.578125,83612.578125,82022.4140625,82918.7734375,0
2025-03-04 17:00:00+00:00,85285.953125,85439.9765625,83411.6015625,83411.6015625,2973409280
2025-03-04 18:00:00+00:00,86832.3359375,86866.4609375,85161.0078125,85382.3359375,0
2025-03-04 19:00:00+00:00,88205.2109375,88386.1796875,86664.4453125,86764.53125,63504384
2025-03-04 20:00:00+00:00,86717.046875,88775.9921875,86717.046875,88222.8671875,0
2025-03-04 21:00:00+00:00,87414.578125,88817.5546875,86619.328125,86902.21875,986300416
2025-03-04 22:00:00+00:00,87487.8828125,87886.2109375,87487.8828125,87488.734375,0
2025-03-04 23:00:00+00:00,87257.0625,87694.265625,87124.875,87518.21875,1079480320
2025-03-05 00:00:00+00:00,86752.53125,87213.328125,86420.6484375,87137.171875,0
2025-03-05 01:00:00+00:00,87596.6015625,87705.1796875,86631.53125,86756.6328125,0
2025-03-05 02:00:00+00:00,87499.7890625,87852.875,87076.4296875,87633.3515625,0
2025-03-05 03:00:00+00:00,87157.25,87802.1015625,87157.25,87395.765625,0
2025-03-05 04:00:00+00:00,86871.109375,87308.4609375,86814.0078125,86814.0078125,11972608
2025-03-05 05:00:00+00:00,87125.46875,87184.9296875,86846.515625,86900.875,0
2025-03-05 06:00:00+00:00,87489.7109375,87543.5390625,87013.640625,87117.515625,0
2025-03-05 07:00:00+00:00,87645.96875,87674.078125,87360.9765625,87493.328125,0
2025-03-05 08:00:00+00:00,87704.8984375,87872.75,87603.2578125,87603.2578125,0
2025-03-05 09:00:00+00:00,88472.4609375,88761.953125,87722.3359375,87722.3359375,156962816
2025-03-05 10:00:00+00:00,89995.8046875,90529.8125,88388.109375,88483.6171875,1906745344
2025-03-05 11:00:00+00:00,89764.7734375,90080.3359375,89571.6640625,89907.4140625,680325120
2025-03-05 12:00:00+00:00,90336.7109375,90717.359375,89939.6875,89939.6875,1415434240
2025-03-05 13:00:00+00:00,89484.78125,90539.765625,89118.96875,90437.9609375,1023467520
2025-03-05 14:00:00+00:00,88451.25,89762.734375,88281.65625,89519.3203125,0
2025-03-05 15:00:00+00:00,88401.6484375,89124.9453125,88037.046875,89027.7265625,0
2025-03-05 16:00:00+00:00,89027.859375,89027.859375,87635.90625,88260.9140625,0
2025-03-05 17:00:00+00:00,89736.671875,90396.796875,88872.5234375,88919.8203125,0
2025-03-05 18:00:00+00:00,89727.0234375,89879.2109375,88971.9375,89493.328125,0
2025-03-05 19:00:00+00:00,89806.296875,89973.28125,89510.4375,89740.8125,0
2025-03-05 20:00:00+00:00,90299.5390625,90485.625,89684.0390625,89903.8515625,0
2025-03-05 21:00:00+00:00,90385.6328125,90514.1328125,90010.8046875,90514.1328125,0
2025-03-05 22:00:00+00:00,90503.2578125,90503.2578125,90038.046875,90444.1953125,0
2025-03-05 23:00:00+00:00,90589.9453125,90971.359375,90329.8203125,90532.125,904544256
2025-03-06 00:00:00+00:00,90014.40625,90793.2890625,90014.40625,90613.234375,0
2025-03-06 01:00:00+00:00,91088.4453125,91825.0625,90057.2265625,90057.2265625,1270988800
2025-03-06 02:00:00+00:00,91830.125,91968.515625,91044.7578125,91097.4375,1176858624
2025-03-06 03:00:00+00:00,91573.2578125,91968.609375,91428.625,91844.078125,920969216
2025-03-06 04:00:00+00:00,92298.1171875,92454.5234375,91569.125,91613.8203125,0
2025-03-06 05:00:00+00:00,92790.6953125,92790.6953125,92162.6328125,92300.6953125,674365440
2025-03-06 06:00:00+00:00,91927.28125,92760.453125,91845.875,92760.453125,1501085696
2025-03-06 07:00:00+00:00,91348.1953125,91977.5703125,91296.7890625,91914.21875,0
2025-03-06 08:00:00+00:00,91263.921875,91558.28125,91199.40625,91376.328125,16502784
2025-03-06 09:00:00+00:00,90729.6015625,91108.4375,90692.484375,91079.0078125,0
2025-03-06 10:00:00+00:00,91305.640625,91654.5,90652.21875,90728.7265625,0
2025-03-06 11:00:00+00:00,91345.90625,91463.8828125,91008.4765625,91304.3515625,0
2025-03-06 12:00:00+00:00,90213.734375,91345.125,89868.2578125,91345.125,0
2025-03-06 13:00:00+00:00,89744.9140625,90399.0390625,89739.2890625,90093.0390625,0
2025-03-06 14:00:00+00:00,89676.4375,90229.703125,89317.0390625,89484.1953125,868216832
2025-03-06 15:00:00+00:00,90799.7734375,91301.0859375,89721.0,89721.0,0
2025-03-06 16:00:00+00:00,89384.546875,91020.8671875,89384.546875,90861.84375,0
2025-03-06 17:00:00+00:00,88692.0,89263.1015625,88091.46875,89263.1015625,814784512
2025-03-06 18:00:00+00:00,88398.8984375,88907.3046875,88224.140625,88622.34375,0
2025-03-06 19:00:00+00:00,88649.78125,89312.828125,87877.71875,88401.6171875,0
2025-03-06 20:00:00+00:00,89151.0859375,89248.5,88639.53125,88639.53125,341921792
2025-03-06 21:00:00+00:00,89535.140625,89806.3203125,89061.8984375,89061.8984375,1146499072
2025-03-06 22:00:00+00:00,90371.9296875,90751.953125,89693.46875,90050.75,0
2025-03-06 23:00:00+00:00,89978.21875,90538.359375,89960.765625,90186.90625,903745536
2025-03-07 00:00:00+00:00,85555.5703125,91160.8203125,85159.578125,89959.1640625,6247034880
2025-03-07 01:00:00+00:00,88077.8828125,88763.1953125,85383.765625,85383.765625,3863216128
2025-03-07 02:00:00+00:00,87352.15625,88396.703125,87352.15625,88240.4375,229388288
2025-03-07 03:00:00+00:00,87044.4921875,87607.3515625,86859.4296875,87335.3203125,1051316224
2025-03-07 04:00:00+00:00,87725.75,87835.2421875,86947.3828125,86947.3828125,60424192
2025-03-07 05:00:00+00:00,88194.0390625,88351.9765625,87623.625,87623.625,124510208
2025-03-07 06:00:00+00:00,88185.34375,88304.59375,87881.6015625,88225.03125,0
2025-03-07 07:00:00+00:00,88309.765625,88569.796875,88131.7734375,88197.390625,476745728
2025-03-07 08:00:00+00:00,88398.953125,88419.109375,88034.25,88362.4765625,0
2025-03-07 09:00:00+00:00,88965.375,89554.8828125,88410.765625,88449.8359375,1606164480
2025-03-07 10:00:00+00:00,89211.1875,89281.3828125,88852.65625,88875.140625,0
2025-03-07 11:00:00+00:00,88943.453125,89414.7890625,88881.3125,89217.8125,0
2025-03-07 12:00:00+00:00,89111.40625,89235.6328125,88375.078125,89023.0546875,0
2025-03-07 13:00:00+00:00,89316.9609375,90157.0390625,89047.3359375,89047.3359375,1119588352
2025-03-07 14:00:00+00:00,90461.6328125,91070.7421875,88941.8359375,89195.1484375,0
2025-03-07 15:00:00+00:00,88445.3125,90683.9296875,88088.3828125,90396.03125,6803640320
2025-03-07 16:00:00+00:00,87027.671875,88709.609375,86656.8515625,88447.5625,2668081152
2025-03-07 17:00:00+00:00,87475.8359375,88508.1328125,86751.8046875,87192.9296875,0
2025-03-07 18:00:00+00:00,88522.3203125,88942.0546875,87655.828125,87655.828125,4094480384
2025-03-07 19:00:00+00:00,87831.1328125,88808.9296875,87470.9921875,88788.828125,249978880
2025-03-07 20:00:00+00:00,87073.0859375,88194.9296875,86739.0625,87772.1328125,560779264
2025-03-07 21:00:00+00:00,86367.4453125,87171.7890625,85881.21875,87073.4609375,1958899712
2025-03-07 22:00:00+00:00,86755.3359375,86803.734375,85688.6796875,86304.8671875,0
2025-03-07 23:00:00+00:00,86745.3359375,86753.828125,86034.875,86564.03125,0
2025-03-08 00:00:00+00:00,86751.8203125,86835.4765625,86542.90625,86713.375,0
2025-03-08 01:00:00+00:00,86018.5859375,86693.28125,85270.2265625,86693.28125,0
2025-03-08 02:00:00+00:00,86179.609375,86273.421875,85946.4453125,86046.6328125,0
2025-03-08 03:00:00+00:00,85973.9140625,86145.0,85463.78125,86145.0,0
2025-03-08 04:00:00+00:00,86432.28125,86449.71875,85683.9296875,85889.4375,0
2025-03-08 05:00:00+00:00,86260.0859375,86426.25,86004.3515625,86426.25,0
2025-03-08 06:00:00+00:00,86439.421875,86599.8203125,86261.6484375,86261.6484375,251752448
2025-03-08 07:00:00+00:00,86158.4375,86508.7734375,86158.4375,86445.4921875,0
2025-03-08 08:00:00+00:00,86055.0703125,86281.5859375,86033.0078125,86180.0390625,0
2025-03-08 09:00:00+00:00,85883.7734375,86414.34375,85859.4375,86055.1953125,0
2025-03-08 10:00:00+00:00,86113.2734375,86209.6484375,85925.34375,85925.34375,118697984
2025-03-08 11:00:00+00:00,85908.1796875,86104.2578125,85780.2265625,86104.2578125,0
2025-03-08 12:00:00+00:00,86201.09375,86329.671875,85794.1796875,85926.3671875,0
2025-03-08 13:00:00+00:00,86302.4296875,86469.2421875,86121.875,86180.40625,0
2025-03-08 14:00:00+00:00,86320.015625,86556.625,86221.4375,86327.578125,0
2025-03-08 15:00:00+00:00,86357.7734375,86572.1484375,86224.375,86278.6640625,0
2025-03-08 16:00:00+00:00,86081.6171875,86412.6328125,85859.53125,86369.515625,0
2025-03-08 17:00:00+00:00,85918.03125,86106.3828125,85783.515625,86106.3828125,0
2025-03-08 18:00:00+00:00,86011.6328125,86055.9921875,85843.640625,85843.640625,0
2025-03-08 19:00:00+00:00,86203.9453125,86410.5859375,85807.0,86027.0234375,0
2025-03-08 20:00:00+00:00,86266.25,86345.4296875,86191.3828125,86199.9296875,0
2025-03-08 21:00:00+00:00,86204.2109375,86475.3828125,86198.6328125,86270.6171875,0
2025-03-08 22:00:00+00:00,86190.875,86211.75,85879.4921875,86201.9453125,0
2025-03-08 23:00:00+00:00,86141.828125,86342.15625,86051.6015625,86296.8359375,0
2025-03-09 00:00:00+00:00,86417.125,86417.125,86118.5703125,86186.640625,0
2025-03-09 01:00:00+00:00,86154.484375,86462.125,86099.09375,86393.515625,0
2025-03-09 02:00:00+00:00,85995.40625,86239.59375,85995.40625,86170.1171875,0
2025-03-09 03:00:00+00:00,86132.6953125,86180.75,85967.9140625,86016.3203125,0
2025-03-09 04:00:00+00:00,86056.6953125,86104.3828125,85937.28125,86104.3828125,0
2025-03-09 05:00:00+00:00,86008.6328125,86109.9375,85960.8984375,86027.265625,0
2025-03-09 06:00:00+00:00,85871.8671875,86006.015625,85794.7890625,86006.015625,0
2025-03-09 07:00:00+00:00,85966.078125,86099.5390625,85863.1015625,85863.1015625,0
2025-03-09 08:00:00+00:00,85802.2734375,86028.65625,85802.2734375,85973.40625,0
2025-03-09 09:00:00+00:00,85505.1640625,85830.234375,85505.1640625,85782.046875,0
2025-03-09 10:00:00+00:00,84854.5859375,85568.2265625,84759.4296875,85501.7265625,921392128
2025-03-09 11:00:00+00:00,85021.28125,85021.28125,84647.6640625,84894.6328125,466832384
2025-03-09 12:00:00+00:00,84537.2109375,85004.2421875,84275.2109375,85004.2421875,532456448
2025-03-09 13:00:00+00:00,83788.1953125,84660.7578125,83788.1953125,84575.5078125,375040000
2025-03-09 14:00:00+00:00,83594.875,83736.078125,83139.9921875,83587.734375,1619479552
2025-03-09 15:00:00+00:00,83052.2109375,83720.9609375,82901.25,83614.9296875,1006800896
2025-03-09 16:00:00+00:00,82535.21875,83604.15625,82382.2578125,83072.875,1368598528
2025-03-09 17:00:00+00:00,82289.1640625,82795.0625,82247.1796875,82497.75,1367234560
2025-03-09 18:00:00+00:00,82697.8125,83270.1875,82330.546875,82440.6484375,1798801408
2025-03-09 19:00:00+00:00,82561.703125,82916.765625,82331.46875,82648.65625,1098450944
2025-03-09 20:00:00+00:00,83050.171875,83454.203125,82606.859375,82606.859375,787079168
2025-03-09 21:00:00+00:00,81810.59375,83054.796875,81766.1015625,83051.40625,1348114432
2025-03-09 22:00:00+00:00,80552.4140625,81928.5,80552.4140625,81810.984375,1783588864
2025-03-09 23:00:00+00:00,80646.7421875,80982.2109375,80052.484375,80530.8828125,2519666688
2025-03-10 00:00:00+00:00,81258.703125,81374.3671875,80126.015625,80770.46875,1717096448
2025-03-10 01:00:00+00:00,81737.1796875,81792.8671875,80909.1171875,81312.0703125,2399090688
2025-03-10 02:00:00+00:00,82169.421875,82626.8828125,81610.078125,81748.78125,1491763200
2025-03-10 03:00:00+00:00,82018.3359375,82301.96875,81817.453125,82204.5390625,1205800960
2025-03-10 04:00:00+00:00,82623.59375,82623.59375,82028.390625,82028.390625,528031744
2025-03-10 05:00:00+00:00,82306.625,82712.0078125,82170.796875,82622.4140625,283750400
2025-03-10 06:00:00+00:00,82358.8515625,82360.65625,82041.6640625,82310.2578125,529981440
2025-03-10 07:00:00+00:00,82315.0234375,82633.34375,82092.859375,82331.265625,435720192
2025-03-10 08:00:00+00:00,81329.359375,82351.6015625,81272.6328125,82351.6015625,1109688320
2025-03-10 09:00:00+00:00,82369.4375,83733.84375,81348.4375,81348.4375,1881096192
2025-03-10 10:00:00+00:00,82315.109375,82659.84375,81780.0703125,82480.7421875,692523008
2025-03-10 11:00:00+00:00,83615.34375,83616.3984375,82145.921875,82415.5703125,542367744
2025-03-10 12:00:00+00:00,83314.4375,83740.6640625,82658.0078125,83552.71875,1020637184
2025-03-10 13:00:00+00:00,81565.6796875,83265.9140625,81517.265625,83234.71875,790757376
2025-03-10 14:00:00+00:00,79592.9609375,81451.265625,79359.875,81451.265625,3608076288
2025-03-10 15:00:00+00:00,80071.046875,81033.9453125,79865.078125,79865.078125,946548736
2025-03-10 16:00:00+00:00,79143.328125,80183.703125,79058.65625,80183.703125,165666816
2025-03-10 17:00:00+00:00,78535.3828125,79250.046875,78339.2109375,78972.859375,1977315328
2025-03-10 18:00:00+00:00,77535.15625,78910.515625,77535.15625,78412.4765625,986411008
2025-03-10 19:00:00+00:00,78910.546875,79365.3046875,77524.5390625,77814.1484375,2298781696
2025-03-10 20:00:00+00:00,79364.0078125,79586.5859375,78406.3125,78939.75,1650933760
2025-03-10 21:00:00+00:00,79573.90625,79798.0546875,78937.578125,79277.578125,0
2025-03-10 22:00:00+00:00,79502.7421875,79766.28125,79182.21875,79472.25,0
2025-03-10 23:00:00+00:00,78668.078125,79650.3359375,78668.078125,79504.7734375,0
2025-03-11 00:00:00+00:00,77467.640625,79143.609375,76653.53125,78582.15625,655245312
2025-03-11 01:00:00+00:00,78985.453125,78985.453125,76930.3203125,77492.8828125,2930946048
2025-03-11 02:00:00+00:00,79343.046875,79534.8046875,78953.375,79066.78125,29810688
2025-03-11 03:00:00+00:00,79451.7734375,79708.5234375,79310.40625,79449.1796875,112443392
2025-03-11 04:00:00+00:00,79742.3984375,80105.6015625,79446.1875,79485.09375,1039548416
2025-03-11 05:00:00+00:00,80213.359375,80298.7109375,79706.9375,79733.796875,536588288
2025-03-11 06:00:00+00:00,80145.7734375,80482.71875,80145.7734375,80244.46875,0
2025-03-11 07:00:00+00:00,80423.3125,80525.34375,80093.0234375,80102.8046875,233230336
2025-03-11 08:00:00+00:00,81117.4765625,81483.25,80342.4921875,80449.15625,1389555712
2025-03-11 09:00:00+00:00,81494.078125,81803.2109375,81143.90625,81143.90625,0
2025-03-11 10:00:00+00:00,81781.625,81823.9453125,81300.96875,81333.40625,769753088
2025-03-11 11:00:00+00:00,81693.25,81938.7265625,81475.9921875,81762.6171875,0
2025-03-11 12:00:00+00:00,81272.6015625,81874.59375,81078.109375,81725.5703125,0
2025-03-11 13:00:00+00:00,81030.8203125,81749.5859375,80567.5546875,81231.203125,2057674752
2025-03-11 14:00:00+00:00,79742.0,81064.6171875,79082.2265625,80699.609375,0
2025-03-11 15:00:00+00:00,81285.9140625,81432.5,79827.59375,79827.59375,0
2025-03-11 16:00:00+00:00,81315.65625,81782.1640625,80635.65625,81206.703125,418308096
2025-03-11 17:00:00+00:00,81263.265625,81615.3515625,80839.734375,81358.2265625,0
2025-03-11 18:00:00+00:00,83191.734375,83402.046875,81305.203125,81305.203125,0
2025-03-11 19:00:00+00:00,82996.8828125,83525.40625,82891.953125,83296.5234375,0
2025-03-11 20:00:00+00:00,82848.078125,83118.8046875,82603.8828125,83118.8046875,0
2025-03-11 21:00:00+00:00,83045.484375,83188.8203125,82789.0390625,82789.0390625,0
2025-03-11 22:00:00+00:00,83200.3203125,83265.4921875,83012.2890625,83118.46875,0
2025-03-11 23:00:00+00:00,82833.953125,83113.6015625,82574.3515625,83113.6015625,0
2025-03-12 00:00:00+00:00,82737.0234375,83100.2890625,82603.9609375,82902.7890625,0
2025-03-12 01:00:00+00:00,83278.796875,83737.453125,82782.40625,82782.40625,0
2025-03-12 02:00:00+00:00,82378.8203125,83298.28125,82280.390625,83298.28125,0
2025-03-12 03:00:00+00:00,82135.1953125,82535.890625,82135.1953125,82413.4765625,0
2025-03-12 04:00:00+00:00,81761.1015625,82095.0078125,81610.6953125,82061.4375,260124672
2025-03-12 05:00:00+00:00,81972.265625,81972.265625,81619.625,81779.453125,0
2025-03-12 06:00:00+00:00,81459.2421875,81945.71875,81371.3515625,81945.71875,0
2025-03-12 07:00:00+00:00,82402.3671875,82463.9921875,81344.078125,81390.6875,1150636032
2025-03-12 08:00:00+00:00,82666.53125,82740.8671875,82083.2421875,82400.9140625,0
2025-03-12 09:00:00+00:00,82632.7734375,82873.171875,82266.6328125,82681.5078125,0
2025-03-12 10:00:00+00:00,82461.5390625,82720.984375,82124.5234375,82666.046875,156532736
2025-03-12 11:00:00+00:00,82992.484375,82992.484375,82460.046875,82506.8828125,0
2025-03-12 12:00:00+00:00,83981.4921875,84230.234375,82867.5234375,82995.28125,1886887936
2025-03-12 13:00:00+00:00,82637.3515625,84098.0078125,82405.8046875,84096.3046875,0
2025-03-12 14:00:00+00:00,81583.140625,82845.453125,81518.5546875,82597.171875,0
2025-03-12 15:00:00+00:00,81690.6796875,81946.3671875,80809.8125,81532.859375,0
2025-03-12 16:00:00+00:00,82039.328125,82197.4765625,81665.5390625,81703.8359375,184537088
2025-03-12 17:00:00+00:00,81872.828125,82847.671875,81804.5234375,81987.65625,0
2025-03-12 18:00:00+00:00,82514.015625,82770.4609375,81877.4921875,81902.6640625,0
2025-03-12 19:00:00+00:00,83055.46875,83055.46875,82501.203125,82602.3046875,0
2025-03-12 20:00:00+00:00,83108.7109375,83146.9375,82732.375,82908.828125,86810624
2025-03-12 21:00:00+00:00,82980.1796875,83293.8984375,82894.71875,83101.0859375,0
2025-03-12 22:00:00+00:00,83653.953125,83655.125,83212.9375,83214.2578125,131297280
2025-03-12 23:00:00+00:00,83746.859375,83825.421875,83425.2578125,83648.0859375,0
2025-03-13 00:00:00+00:00,83463.96875,83946.078125,83463.96875,83672.03125,0
2025-03-13 01:00:00+00:00,83950.2265625,84106.40625,83317.5703125,83435.28125,0
2025-03-13 02:00:00+00:00,83776.1796875,84259.671875,83776.1796875,83944.5546875,0
2025-03-13 03:00:00+00:00,83572.59375,84124.8046875,83572.59375,83856.8671875,410984448
2025-03-13 04:00:00+00:00,83270.6796875,83648.2890625,83230.0390625,83557.53125,0
2025-03-13 05:00:00+00:00,83152.875,83497.828125,83091.203125,83288.328125,84410368
2025-03-13 06:00:00+00:00,83294.515625,83294.84375,82905.40625,83173.875,0
2025-03-13 07:00:00+00:00,83177.5625,83486.859375,83159.9609375,83269.0,94195712
2025-03-13 08:00:00+00:00,83020.7421875,83215.03125,82470.828125,83137.734375,0
2025-03-13 09:00:00+00:00,83399.921875,83450.71875,82985.9609375,82985.9609375,694329344
2025-03-13 10:00:00+00:00,83138.2734375,83418.25,83020.0625,83416.9921875,0
2025-03-13 11:00:00+00:00,82837.328125,83168.875,82745.609375,83168.875,612470784
2025-03-13 12:00:00+00:00,82444.0859375,83289.3203125,82358.8828125,82920.5703125,0
2025-03-13 13:00:00+00:00,81725.8359375,82903.4375,81671.8359375,82487.546875,0
2025-03-13 14:00:00+00:00,81962.234375,82308.171875,81606.4609375,81606.4609375,0
2025-03-13 15:00:00+00:00,81059.4375,82093.890625,80997.8125,82093.890625,0
2025-03-13 16:00:00+00:00,80760.9140625,81198.6875,80719.5390625,81018.625,0
2025-03-13 17:00:00+00:00,79976.3671875,80748.4765625,79932.3515625,80748.4765625,480040960
2025-03-13 18:00:00+00:00,80788.4296875,80893.984375,80026.421875,80026.421875,563146752
2025-03-13 19:00:00+00:00,80251.234375,80948.859375,80148.3125,80768.6484375,0
2025-03-13 20:00:00+00:00,80332.5234375,80651.7421875,80147.9765625,80147.9765625,227926016
2025-03-13 21:00:00+00:00,80737.2578125,80815.7734375,80257.859375,80327.546875,144480256
2025-03-13 22:00:00+00:00,81337.1484375,81337.1484375,80732.109375,80732.109375,0
2025-03-13 23:00:00+00:00,81075.5234375,81408.6171875,81045.6640625,81334.390625,0
2025-03-14 00:00:00+00:00,81578.796875,81634.9765625,80858.3359375,80988.4921875,139757568
2025-03-14 01:00:00+00:00,81566.78125,81833.0078125,81231.40625,81471.5625,0
2025-03-14 02:00:00+00:00,82075.71875,82108.203125,81579.921875,81591.5859375,0
2025-03-14 03:00:00+00:00,81852.265625,82136.2578125,81742.734375,82136.2578125,0
2025-03-14 04:00:00+00:00,81944.296875,81997.3671875,81888.390625,81901.4921875,0
2025-03-14 05:00:00+00:00,82131.671875,82138.5,81821.1015625,81932.265625,0
2025-03-14 06:00:00+00:00,82012.125,82113.5234375,81784.3828125,82113.5234375,0
2025-03-14 07:00:00+00:00,82242.9140625,82426.1015625,81903.5703125,81992.8671875,0
2025-03-14 08:00:00+00:00,82581.1796875,82591.9375,82191.2421875,82191.2421875,0
2025-03-14 09:00:00+00:00,82778.734375,82888.765625,82579.65625,82579.65625,0
2025-03-14 10:00:00+00:00,83024.875,83228.0859375,82673.4765625,82789.4609375,0
2025-03-14 11:00:00+00:00,83294.6953125,83297.265625,82987.1953125,83053.21875,153321472
2025-03-14 12:00:00+00:00,83407.578125,83486.7421875,83085.265625,83215.4921875,0
2025-03-14 13:00:00+00:00,83581.6015625,83819.3828125,83181.109375,83416.9140625,0
2025-03-14 14:00:00+00:00,83446.1015625,83446.1015625,82682.328125,83223.7734375,494084096
2025-03-14 15:00:00+00:00,84746.7265625,85160.1796875,83549.6484375,83549.6484375,2711707648
2025-03-14 16:00:00+00:00,84779.875,84884.5546875,84067.921875,84797.484375,479569920
2025-03-14 17:00:00+00:00,84346.9921875,84811.625,84232.2265625,84804.8359375,0
2025-03-14 18:00:00+00:00,84600.0078125,84650.234375,84247.5078125,84490.59375,0
2025-03-14 19:00:00+00:00,84609.84375,84912.21875,84483.1796875,84540.671875,0
2025-03-14 20:00:00+00:00,84184.984375,84522.0078125,83792.546875,84522.0078125,381278208
2025-03-14 21:00:00+00:00,84204.203125,84292.796875,83977.3359375,84149.65625,0
2025-03-14 22:00:00+00:00,84438.4375,84510.6875,84126.71875,84222.9921875,303788032
2025-03-14 23:00:00+00:00,83979.75,84431.9296875,83979.75,84431.1796875,0
2025-03-15 00:00:00+00:00,84326.9765625,84341.5390625,83989.8046875,83989.8046875,0
2025-03-15 01:00:00+00:00,84352.7421875,84525.078125,84157.7578125,84311.375,0
2025-03-15 02:00:00+00:00,84567.4765625,84582.046875,84197.03125,84362.03125,0
2025-03-15 03:00:00+00:00,84468.109375,84672.671875,84447.109375,84565.578125,0
2025-03-15 04:00:00+00:00,84505.234375,84551.1875,84310.296875,84499.9921875,0
2025-03-15 05:00:00+00:00,84297.6875,84479.296875,84297.6875,84479.296875,0
2025-03-15 06:00:00+00:00,84188.578125,84306.765625,84185.921875,84280.75,0
2025-03-15 07:00:00+00:00,83839.515625,84185.1875,83826.9921875,84185.1875,66426880
2025-03-15 08:00:00+00:00,83888.1796875,83997.15625,83657.2890625,83862.0703125,43311104
2025-03-15 09:00:00+00:00,83947.3046875,83965.3046875,83737.5234375,83866.3828125,127668224
2025-03-15 10:00:00+00:00,83917.5,83962.0625,83716.2578125,83948.6484375,0
2025-03-15 11:00:00+00:00,84126.5625,84158.7578125,83904.421875,83921.0234375,0
2025-03-15 12:00:00+00:00,84139.5546875,84260.3203125,84043.65625,84080.2578125,0
2025-03-15 13:00:00+00:00,84463.7578125,84472.65625,84141.0,84141.0,0
2025-03-15 14:00:00+00:00,84151.0390625,84445.6015625,84151.0390625,84445.6015625,0
2025-03-15 15:00:00+00:00,84352.6640625,84388.65625,84189.3125,84190.125,0
2025-03-15 16:00:00+00:00,84346.265625,84471.2421875,84196.3359375,84375.828125,0
2025-03-15 17:00:00+00:00,84414.0625,84477.4296875,84279.109375,84356.875,0
2025-03-15 18:00:00+00:00,84214.15625,84468.7734375,84166.875,84435.0859375,0
2025-03-15 19:00:00+00:00,84284.9609375,84290.703125,84132.34375,84217.21875,0
2025-03-15 20:00:00+00:00,84367.40625,84433.453125,84329.734375,84329.734375,0
2025-03-15 21:00:00+00:00,84398.9609375,84455.8671875,84243.375,84385.109375,0
2025-03-15 22:00:00+00:00,84397.53125,84443.921875,84341.96875,84398.875,0
2025-03-15 23:00:00+00:00,84335.3984375,84414.828125,84297.3828125,84387.515625,0
2025-03-16 00:00:00+00:00,84268.40625,84356.4921875,84240.28125,84348.484375,0
2025-03-16 01:00:00+00:00,83923.203125,84274.0234375,83909.4375,84255.6171875,0
2025-03-16 02:00:00+00:00,83972.4375,84101.7265625,83771.9609375,83903.84375,0
2025-03-16 03:00:00+00:00,84315.3984375,84345.296875,83921.3203125,83947.0546875,0
2025-03-16 04:00:00+00:00,84402.9140625,84402.9140625,84263.8046875,84333.21875,0
2025-03-16 05:00:00+00:00,84370.25,84408.8828125,84336.1015625,84391.9375,35328000
2025-03-16 06:00:00+00:00,84248.8203125,84392.9453125,84248.8203125,84385.8671875,0
2025-03-16 07:00:00+00:00,84268.8515625,84361.8203125,84012.796875,84240.984375,0
2025-03-16 08:00:00+00:00,84269.3984375,84312.59375,84176.71875,84311.25,0
2025-03-16 09:00:00+00:00,83906.2421875,84269.234375,83826.0625,84269.234375,0
2025-03-16 10:00:00+00:00,83695.0,84031.8828125,83695.0,83902.3046875,71579648
2025-03-16 11:00:00+00:00,82430.28125,83594.8828125,82393.5703125,83594.8828125,1121861632
2025-03-16 12:00:00+00:00,82785.9609375,82864.1875,82408.6484375,82408.6484375,554741760
2025-03-16 13:00:00+00:00,82571.0390625,83083.390625,82523.84375,82748.1328125,525875200
2025-03-16 14:00:00+00:00,83325.1015625,83325.1015625,82597.984375,82597.984375,0
2025-03-16 15:00:00+00:00,83346.25,83449.8671875,83053.3515625,83357.0234375,706557952
2025-03-16 16:00:00+00:00,83537.890625,84746.09375,83323.5390625,83323.5390625,2054155264
2025-03-16 17:00:00+00:00,83886.9296875,84036.9921875,83560.078125,83605.59375,991081472
2025-03-16 18:00:00+00:00,83656.34375,84023.3515625,83656.34375,83898.9921875,311980032
2025-03-16 19:00:00+00:00,83061.34375,83691.5546875,82805.671875,83663.5625,921208832
2025-03-16 20:00:00+00:00,83151.4375,83400.6640625,82983.734375,83093.25,405846016
2025-03-16 21:00:00+00:00,82736.6953125,83170.421875,82721.9140625,83170.421875,337106944
2025-03-16 22:00:00+00:00,82135.6796875,82801.65625,82135.6796875,82733.265625,784261120
2025-03-16 23:00:00+00:00,82602.9296875,82603.3125,82024.1015625,82141.4375,916488192
2025-03-17 00:00:00+00:00,83053.0234375,83094.203125,82567.265625,82571.1484375,521535488
2025-03-17 01:00:00+00:00,83217.6328125,83331.1484375,82836.25,83046.9375,272859136
2025-03-17 02:00:00+00:00,83271.90625,83321.0546875,82996.46875,83224.78125,223537152
2025-03-17 03:00:00+00:00,83700.8125,83700.8125,83225.578125,83225.578125,672104448
2025-03-17 04:00:00+00:00,83582.8125,83828.5390625,83532.7421875,83725.4921875,197582848
2025-03-17 05:00:00+00:00,83154.734375,83586.796875,83154.734375,83586.796875,595490816
2025-03-17 06:00:00+00:00,83217.1328125,83271.359375,82723.8046875,83141.2421875,479657984
2025-03-17 07:00:00+00:00,83521.328125,83568.6640625,83200.4140625,83200.4140625,426174464
2025-03-17 08:00:00+00:00,83583.2734375,83677.2578125,83227.2890625,83558.0078125,236101632
2025-03-17 09:00:00+00:00,83634.953125,83746.40625,83448.828125,83557.75,677154816
2025-03-17 10:00:00+00:00,83315.6796875,83665.6796875,83292.7890625,83652.15625,154716160
2025-03-17 11:00:00+00:00,83574.890625,83646.84375,83233.0703125,83351.375,0
2025-03-17 12:00:00+00:00,83112.5,83656.25,83057.5546875,83656.25,864274432
2025-03-17 13:00:00+00:00,83026.0859375,83676.015625,82840.234375,83040.765625,422508544
2025-03-17 14:00:00+00:00,82930.125,83320.71875,82492.15625,83036.8046875,1223094272
2025-03-17 15:00:00+00:00,83540.578125,83671.8046875,82760.9296875,82915.171875,585633792
2025-03-17 16:00:00+00:00,83452.4921875,83811.2890625,83133.21875,83525.4453125,0
2025-03-17 17:00:00+00:00,84228.1796875,84298.578125,83401.5234375,83401.5234375,479576064
2025-03-17 18:00:00+00:00,84517.3359375,84549.28125,84024.1953125,84177.640625,419952640
2025-03-17 19:00:00+00:00,84482.6953125,84708.28125,84334.8046875,84499.625,0
2025-03-17 20:00:00+00:00,83887.921875,84475.2734375,83887.921875,84475.2734375,0
2025-03-17 21:00:00+00:00,84076.0703125,84194.0,83898.46875,83947.5625,206561280
2025-03-17 22:00:00+00:00,84107.6328125,84214.8671875,84038.7890625,84085.515625,0
2025-03-17 23:00:00+00:00,84094.3515625,84119.625,83807.5390625,84077.203125,0
2025-03-18 00:00:00+00:00,83786.703125,84033.265625,83727.875,84033.265625,0
2025-03-18 01:00:00+00:00,83083.734375,83902.390625,83044.3515625,83799.546875,0
2025-03-18 02:00:00+00:00,83445.5,83475.9140625,83134.3984375,83164.0703125,185198592
2025-03-18 03:00:00+00:00,83120.5234375,83297.9609375,83007.6953125,83297.9609375,0
2025-03-18 04:00:00+00:00,82965.6015625,83182.1484375,82888.3984375,83134.6796875,14110720
2025-03-18 05:00:00+00:00,82981.3671875,83101.96875,82919.46875,82973.6171875,66367488
2025-03-18 06:00:00+00:00,82469.5234375,83022.0078125,82285.6484375,83006.1875,514953216
2025-03-18 07:00:00+00:00,83156.2734375,83174.6484375,82421.65625,82453.46875,554625024
2025-03-18 08:00:00+00:00,83248.1953125,83432.578125,83063.640625,83196.5546875,0
2025-03-18 09:00:00+00:00,82831.6171875,83347.9921875,82831.6171875,83271.6640625,154632192
2025-03-18 10:00:00+00:00,82744.7265625,82916.46875,82610.71875,82821.421875,252278784
2025-03-18 11:00:00+00:00,82590.125,82852.2265625,82524.484375,82824.8359375,0
2025-03-18 12:00:00+00:00,82376.7265625,82793.1953125,82373.46875,82541.46875,0
2025-03-18 13:00:00+00:00,81241.859375,82446.0546875,81195.4765625,82388.3046875,627849216
2025-03-18 14:00:00+00:00,81799.0,81934.3203125,81197.75,81373.0234375,143249408
2025-03-18 15:00:00+00:00,81558.828125,82122.34375,81535.3828125,81750.765625,0
2025-03-18 16:00:00+00:00,81846.125,82072.9765625,81544.3359375,81581.9609375,0
2025-03-18 17:00:00+00:00,81379.7734375,81903.609375,81379.7734375,81842.6875,29644800
2025-03-18 18:00:00+00:00,81820.421875,81910.140625,81323.03125,81450.2109375,0
2025-03-18 19:00:00+00:00,82428.3515625,82428.3515625,81754.8046875,81837.7734375,0
2025-03-18 20:00:00+00:00,81996.4375,82315.4453125,81864.796875,82281.984375,196714496
2025-03-18 21:00:00+00:00,81987.9296875,82160.25,81943.9765625,82004.0078125,0
2025-03-18 22:00:00+00:00,82436.15625,82523.84375,81999.640625,81999.640625,740179968
2025-03-18 23:00:00+00:00,82717.046875,82784.3984375,82406.546875,82406.546875,39383040
2025-03-19 00:00:00+00:00,82977.6796875,83204.2421875,82620.40625,82675.2421875,368760832
2025-03-19 01:00:00+00:00,82708.3828125,83149.4453125,82708.3828125,83149.4453125,0
2025-03-19 02:00:00+00:00,82858.40625,82858.40625,82600.421875,82627.109375,38770688
2025-03-19 03:00:00+00:00,83053.9140625,83053.9140625,82769.5546875,82899.796875,0
2025-03-19 04:00:00+00:00,82957.0859375,83051.015625,82797.3671875,83051.015625,140662784
2025-03-19 05:00:00+00:00,83239.0234375,83299.3046875,82930.5,82958.7109375,1157120
2025-03-19 06:00:00+00:00,83190.6796875,83306.8515625,83161.8828125,83244.7734375,0
2025-03-19 07:00:00+00:00,83184.4296875,83345.109375,83131.109375,83203.984375,0
2025-03-19 08:00:00+00:00,83419.5625,83467.75,83207.765625,83207.765625,185782272
2025-03-19 09:00:00+00:00,83528.375,83572.953125,83365.0078125,83445.8359375,114411520
2025-03-19 10:00:00+00:00,83490.3125,83742.9375,83467.015625,83527.4296875,439918592
2025-03-19 11:00:00+00:00,83870.390625,84035.0,83412.140625,83482.5390625,229861376
2025-03-19 12:00:00+00:00,83773.1875,83882.8203125,83568.1640625,83875.796875,737308672
2025-03-19 13:00:00+00:00,84198.3046875,84319.984375,83643.9453125,83756.9140625,0
2025-03-19 14:00:00+00:00,84285.2265625,84378.8984375,83905.6484375,84110.1640625,0
2025-03-19 15:00:00+00:00,84726.921875,84841.0859375,84136.7109375,84305.921875,423798784
2025-03-19 16:00:00+00:00,84595.0,84794.890625,84472.8125,84738.7109375,695758848
2025-03-19 17:00:00+00:00,84153.84375,84687.34375,83850.1171875,84603.4609375,344756224
2025-03-19 18:00:00+00:00,85773.8359375,85773.8359375,83650.09375,84190.765625,3265517568
2025-03-19 19:00:00+00:00,85317.53125,85915.640625,85005.2265625,85683.6171875,2599153664
2025-03-19 20:00:00+00:00,85309.1640625,85849.609375,85251.1796875,85445.6875,475975680
2025-03-19 21:00:00+00:00,85585.96875,85900.703125,85363.9140625,85363.9140625,165337088
2025-03-19 22:00:00+00:00,86191.578125,86492.8515625,85635.7265625,85635.7265625,1616922624
2025-03-19 23:00:00+00:00,86802.453125,87001.984375,86224.4140625,86224.4140625,899186688
2025-03-20 00:00:00+00:00,86173.6640625,87412.5625,86031.0546875,86870.8671875,418316288
2025-03-20 01:00:00+00:00,85861.0,86382.84375,85789.5703125,86017.296875,180056064
2025-03-20 02:00:00+00:00,86084.1640625,86116.109375,85701.515625,85876.796875,580472832
2025-03-20 03:00:00+00:00,85890.8671875,86140.390625,85858.9375,86082.703125,335863808
2025-03-20 04:00:00+00:00,85656.3671875,85928.875,85466.7109375,85894.4453125,519258112
2025-03-20 05:00:00+00:00,85831.9296875,85831.9296875,85492.84375,85670.4296875,0
2025-03-20 06:00:00+00:00,85810.8046875,86000.6875,85667.3671875,85811.765625,290123776
2025-03-20 07:00:00+00:00,85840.359375,85929.0859375,85740.296875,85786.65625,557477888
2025-03-20 08:00:00+00:00,86277.96875,86286.1484375,85724.4296875,85831.3671875,0
2025-03-20 09:00:00+00:00,85850.390625,86262.1484375,85840.1796875,86259.515625,744435712
2025-03-20 10:00:00+00:00,85197.8515625,85939.46875,84882.2265625,85872.4765625,575397888
2025-03-20 11:00:00+00:00,85451.2109375,85466.9140625,85198.0703125,85210.59375,56479744
2025-03-20 12:00:00+00:00,85324.84375,85503.3125,85211.2421875,85477.9765625,0
2025-03-20 13:00:00+00:00,85414.2109375,85796.6875,85110.1875,85300.125,0
2025-03-20 14:00:00+00:00,86020.2265625,86481.3671875,85508.1328125,85508.1328125,172306432
2025-03-20 15:00:00+00:00,84720.1484375,86128.3671875,84666.453125,86128.3671875,1044598784
2025-03-20 16:00:00+00:00,83713.7265625,84764.0859375,83685.1015625,84658.609375,876400640
2025-03-20 17:00:00+00:00,84018.6796875,84285.578125,83713.9609375,83760.6875,0
2025-03-20 18:00:00+00:00,83976.6640625,84250.9921875,83906.2265625,84048.0859375,0
2025-03-20 19:00:00+00:00,84188.125,84356.421875,83923.765625,83996.6796875,0
2025-03-20 20:00:00+00:00,84499.8046875,84554.359375,84124.71875,84124.71875,0
2025-03-20 21:00:00+00:00,84311.0390625,84558.46875,84241.109375,84500.71875,0
2025-03-20 22:00:00+00:00,84097.5,84438.3828125,83990.3671875,84295.859375,0
2025-03-20 23:00:00+00:00,84251.8828125,84278.9453125,83910.2421875,84102.2109375,0
2025-03-21 00:00:00+00:00,84428.0,84479.0859375,84164.03125,84175.25,0
2025-03-21 01:00:00+00:00,84726.2421875,84726.2421875,84344.109375,84443.7578125,0
2025-03-21 02:00:00+00:00,84637.2109375,84768.9140625,84479.25,84724.390625,0
2025-03-21 03:00:00+00:00,84417.5390625,84666.3828125,84263.7421875,84633.65625,0
2025-03-21 04:00:00+00:00,84647.5703125,84778.296875,84416.515625,84416.515625,0
2025-03-21 05:00:00+00:00,84367.3359375,84648.046875,84331.09375,84632.34375,0
2025-03-21 06:00:00+00:00,84150.03125,84431.1796875,84083.5,84419.546875,66021376
2025-03-21 07:00:00+00:00,83877.890625,84242.3828125,83756.0390625,84158.6484375,377729024
2025-03-21 08:00:00+00:00,83972.3046875,84068.21875,83743.9765625,83893.7421875,0
2025-03-21 09:00:00+00:00,84069.890625,84238.3203125,83825.90625,83967.5625,60403712
2025-03-21 10:00:00+00:00,84155.7421875,84240.5,83894.703125,84115.359375,0
2025-03-21 11:00:00+00:00,84026.7890625,84134.21875,83908.984375,84134.21875,0
2025-03-21 12:00:00+00:00,83387.71875,84273.2109375,83387.71875,84007.71875,0
2025-03-21 13:00:00+00:00,83999.9453125,83999.9453125,83189.5234375,83447.1328125,870658048
2025-03-21 14:00:00+00:00,84093.96875,84165.28125,83647.5,83841.1015625,0
2025-03-21 15:00:00+00:00,83559.28125,84213.953125,83546.0546875,84213.953125,0
2025-03-21 16:00:00+00:00,84062.71875,84062.71875,83360.9140625,83541.1953125,0
2025-03-21 17:00:00+00:00,83973.1640625,84098.7734375,83721.328125,84053.9921875,0
2025-03-21 18:00:00+00:00,84111.453125,84325.0,83904.5078125,83980.6328125,0
2025-03-21 19:00:00+00:00,83962.1796875,84120.0859375,83766.9921875,84065.640625,0
2025-03-21 20:00:00+00:00,84184.140625,84200.65625,83833.7890625,83943.96875,0
2025-03-21 21:00:00+00:00,84267.171875,84519.140625,84161.1171875,84188.34375,143124480
2025-03-21 22:00:00+00:00,84156.2578125,84333.53125,84070.140625,84303.078125,0
2025-03-21 23:00:00+00:00,84032.3046875,84178.765625,84023.2578125,84143.6796875,0
2025-03-22 00:00:00+00:00,84174.4296875,84205.2578125,84026.3828125,84038.984375,0
2025-03-22 01:00:00+00:00,84048.125,84279.15625,83984.7421875,84175.609375,0
2025-03-22 02:00:00+00:00,84159.40625,84220.9609375,84002.7421875,84002.7421875,0
2025-03-22 03:00:00+00:00,84231.3046875,84264.4296875,84121.421875,84157.7578125,0
2025-03-22 04:00:00+00:00,84342.1015625,84352.7265625,84200.5546875,84228.1953125,0
2025-03-22 05:00:00+00:00,84274.3046875,84397.78125,84258.3125,84361.6015625,0
2025-03-22 06:00:00+00:00,84296.0546875,84353.40625,84146.3828125,84306.2109375,0
2025-03-22 07:00:00+00:00,84237.8515625,84349.921875,84200.4453125,84302.453125,0
2025-03-22 08:00:00+00:00,84203.7578125,84257.3125,84145.53125,84249.21875,0
2025-03-22 09:00:00+00:00,84372.5,84502.8515625,84208.4140625,84221.984375,0
2025-03-22 10:00:00+00:00,84398.34375,84424.8671875,84334.2734375,84334.2734375,0
2025-03-22 11:00:00+00:00,84221.40625,84393.921875,84215.2578125,84393.921875,0
2025-03-22 12:00:00+00:00,84212.9921875,84266.828125,84167.125,84219.328125,0
2025-03-22 13:00:00+00:00,84144.578125,84213.625,84048.8359375,84212.484375,0
2025-03-22 14:00:00+00:00,84001.359375,84205.90625,84001.359375,84164.359375,0
2025-03-22 15:00:00+00:00,84091.9453125,84116.21875,83972.9921875,83999.2265625,0
2025-03-22 16:00:00+00:00,84128.8515625,84132.40625,84042.0078125,84069.65625,0
2025-03-22 17:00:00+00:00,84248.765625,84248.765625,84116.171875,84129.046875,0
2025-03-22 18:00:00+00:00,84255.7421875,84289.9296875,84188.0234375,84221.6796875,0
2025-03-22 19:00:00+00:00,84174.2734375,84267.3359375,84171.5234375,84257.8125,0
2025-03-22 20:00:00+00:00,84009.46875,84201.078125,84009.46875,84170.5703125,0
2025-03-22 21:00:00+00:00,84030.8125,84075.1796875,83886.46875,83896.1953125,0
2025-03-22 22:00:00+00:00,83952.34375,84058.3515625,83950.8359375,84010.0546875,0
2025-03-22 23:00:00+00:00,83811.0,83960.375,83684.5546875,83960.375,23847936
2025-03-23 00:00:00+00:00,84001.8125,84041.4140625,83803.234375,83831.8359375,0
2025-03-23 01:00:00+00:00,84054.3671875,84125.9609375,83979.3046875,83998.3671875,0
2025-03-23 02:00:00+00:00,84237.625,84257.34375,84006.734375,84055.859375,0
2025-03-23 03:00:00+00:00,84203.9921875,84234.2265625,84134.171875,84231.0,0
2025-03-23 04:00:00+00:00,84094.265625,84221.8515625,84060.296875,84221.8515625,53281792
2025-03-23 05:00:00+00:00,84223.2734375,84226.2421875,84102.03125,84105.609375,0
2025-03-23 06:00:00+00:00,84241.1953125,84278.140625,84189.0546875,84216.6484375,0
2025-03-23 07:00:00+00:00,84279.0703125,84339.9140625,84211.6171875,84242.3125,0
2025-03-23 08:00:00+00:00,84327.765625,84346.375,84269.3203125,84298.015625,0
2025-03-23 09:00:00+00:00,84320.2890625,84363.671875,84312.2734375,84345.96875,0
2025-03-23 10:00:00+00:00,84446.9296875,84492.6328125,84311.8125,84317.0390625,0
2025-03-23 11:00:00+00:00,84657.6328125,84984.34375,84493.1015625,84493.1015625,779089920
2025-03-23 12:00:00+00:00,84716.3359375,84798.46875,84594.1953125,84709.6953125,158745600
2025-03-23 13:00:00+00:00,85010.859375,85010.859375,84654.640625,84715.390625,199523328
2025-03-23 14:00:00+00:00,84944.015625,85155.484375,84872.171875,85059.0390625,563141632
2025-03-23 15:00:00+00:00,85162.8203125,85215.3359375,84898.828125,84898.828125,204193792
2025-03-23 16:00:00+00:00,85271.140625,85346.1953125,84983.65625,85182.9609375,434822144
2025-03-23 17:00:00+00:00,84984.203125,85379.03125,84962.59375,85280.9453125,231146496
2025-03-23 18:00:00+00:00,84988.03125,85020.125,84838.828125,84996.359375,269197312
2025-03-23 19:00:00+00:00,85016.375,85071.9140625,84936.453125,84978.8046875,0
2025-03-23 20:00:00+00:00,85139.90625,85253.2890625,85004.8515625,85004.8515625,0
2025-03-23 21:00:00+00:00,85163.9453125,85163.9453125,84942.4140625,85111.3203125,0
2025-03-23 22:00:00+00:00,85383.0234375,85593.171875,85217.609375,85267.2734375,557082624
2025-03-23 23:00:00+00:00,85944.6171875,85944.6171875,85383.8046875,85383.8046875,346627072
2025-03-24 00:00:00+00:00,86008.2734375,86606.125,85880.5625,86046.8828125,1132201984
2025-03-24 01:00:00+00:00,85555.7578125,85996.1796875,85555.7578125,85996.1796875,788018176
2025-03-24 02:00:00+00:00,85956.2421875,85956.2421875,85541.1953125,85541.1953125,481201152
2025-03-24 03:00:00+00:00,86461.7265625,86467.078125,85894.7109375,85919.5234375,973195264
2025-03-24 04:00:00+00:00,86864.2109375,86941.4375,86538.1953125,86538.1953125,1130924032
2025-03-24 05:00:00+00:00,86892.9609375,87006.21875,86838.015625,86855.9453125,904600576
2025-03-24 06:00:00+00:00,87119.65625,87242.59375,86907.15625,86907.15625,1029953536
2025-03-24 07:00:00+00:00,86898.8359375,87179.15625,86789.203125,87127.5390625,793536512
2025-03-24 08:00:00+00:00,87451.515625,87493.1484375,86899.140625,86899.140625,755103744
2025-03-24 09:00:00+00:00,87161.921875,87482.390625,87161.921875,87482.390625,761692160
2025-03-24 10:00:00+00:00,87788.1328125,87813.671875,87163.4375,87168.8203125,882993152
2025-03-24 11:00:00+00:00,87699.4765625,87818.2890625,87565.3203125,87813.5546875,0
2025-03-24 12:00:00+00:00,87303.8125,87681.7890625,87303.8125,87681.7890625,1024956416
2025-03-24 13:00:00+00:00,87659.21875,87679.109375,87158.4375,87351.6953125,914450432
2025-03-24 14:00:00+00:00,87949.90625,88702.109375,87696.9296875,87704.0546875,2887100416
2025-03-24 15:00:00+00:00,88324.6015625,88335.265625,87785.2421875,87964.140625,1367869440
2025-03-24 16:00:00+00:00,88002.8828125,88493.046875,87734.8203125,88403.78125,1032376320
2025-03-24 17:00:00+00:00,88429.625,88452.78125,87982.765625,88044.046875,881328128
2025-03-24 18:00:00+00:00,88538.6484375,88538.6484375,88187.421875,88459.125,762988544
2025-03-24 19:00:00+00:00,88243.6875,88518.171875,88059.015625,88498.84375,1175947264
2025-03-24 20:00:00+00:00,87913.140625,88510.640625,87869.96875,88284.34375,916082688
2025-03-24 21:00:00+00:00,88157.9375,88260.6171875,87877.578125,87881.703125,1049411584
2025-03-24 22:00:00+00:00,87398.4296875,88160.0859375,87392.25,88160.0859375,585711616
2025-03-24 23:00:00+00:00,87453.65625,87534.3671875,87144.3359375,87534.3671875,0
2025-03-25 00:00:00+00:00,87640.015625,87669.4140625,87293.1171875,87510.625,0
2025-03-25 01:00:00+00:00,87076.015625,87634.28125,86866.03125,87634.28125,0
2025-03-25 02:00:00+00:00,86871.7421875,87094.71875,86871.7421875,87094.71875,89462784
2025-03-25 03:00:00+00:00,86508.71875,87000.1953125,86420.203125,86863.1171875,0
2025-03-25 04:00:00+00:00,86520.875,86645.609375,86370.9765625,86530.4609375,0
2025-03-25 05:00:00+00:00,86696.5234375,86780.6953125,86430.0390625,86504.3359375,236576768
2025-03-25 06:00:00+00:00,86592.9453125,86875.4375,86564.90625,86702.640625,0
2025-03-25 07:00:00+00:00,86449.3203125,86803.015625,86380.3125,86573.734375,0
2025-03-25 08:00:00+00:00,86722.453125,86757.9921875,86463.0703125,86463.0703125,0
2025-03-25 09:00:00+00:00,87244.703125,87330.390625,86686.6484375,86731.9375,348160000
2025-03-25 10:00:00+00:00,87137.1328125,87292.7109375,86991.90625,87244.5234375,0
2025-03-25 11:00:00+00:00,87411.875,87491.9296875,87096.453125,87155.0625,122216448
2025-03-25 12:00:00+00:00,87069.40625,87442.1171875,87000.140625,87442.1171875,0
2025-03-25 13:00:00+00:00,87625.765625,87924.1875,87096.8828125,87096.8828125,633769984
2025-03-25 14:00:00+00:00,87945.421875,88192.2734375,87424.90625,87635.859375,0
2025-03-25 15:00:00+00:00,87877.5,88218.2265625,87755.796875,88016.171875,0
2025-03-25 16:00:00+00:00,87822.28125,87970.734375,87693.140625,87882.3046875,0
2025-03-25 17:00:00+00:00,87990.75,88326.3203125,87838.671875,87838.671875,0
2025-03-25 18:00:00+00:00,87867.4765625,88053.5546875,87646.4140625,87973.71875,0
2025-03-25 19:00:00+00:00,88272.265625,88272.265625,87867.296875,87867.296875,0
2025-03-25 20:00:00+00:00,87874.7578125,88535.40625,87867.6640625,88198.7421875,343998464
2025-03-25 21:00:00+00:00,87779.1875,88216.0390625,87779.1875,87890.1875,0
2025-03-25 22:00:00+00:00,87545.0625,87827.1953125,87266.2578125,87773.96875,0
2025-03-25 23:00:00+00:00,87493.1484375,87527.609375,87205.109375,87522.3359375,85012480
2025-03-26 00:00:00+00:00,87677.734375,87788.8046875,87287.40625,87438.8671875,0
2025-03-26 01:00:00+00:00,87854.8203125,87884.9921875,87606.765625,87681.125,0
2025-03-26 02:00:00+00:00,87377.3515625,87860.453125,87377.3515625,87860.453125,0
2025-03-26 03:00:00+00:00,87159.25,87425.4609375,87117.8515625,87345.765625,0
2025-03-26 04:00:00+00:00,87323.4765625,87451.078125,87129.5234375,87129.5234375,0
2025-03-26 05:00:00+00:00,87536.5,87613.4921875,87259.0859375,87337.5078125,0
2025-03-26 06:00:00+00:00,87921.6015625,87921.6015625,87486.734375,87529.203125,0
2025-03-26 07:00:00+00:00,88172.15625,88288.796875,87805.7578125,87891.0546875,364918784
2025-03-26 08:00:00+00:00,87992.78125,88218.921875,87933.859375,88169.9921875,0
2025-03-26 09:00:00+00:00,87908.0078125,88045.6875,87867.296875,87983.453125,0
2025-03-26 10:00:00+00:00,88247.390625,88275.2421875,87948.5859375,87948.5859375,0
2025-03-26 11:00:00+00:00,88017.3671875,88258.4765625,88014.9609375,88254.1015625,30167040
2025-03-26 12:00:00+00:00,87799.15625,88017.921875,87656.2734375,88000.09375,315447296
2025-03-26 13:00:00+00:00,86875.4296875,87912.125,86875.4296875,87815.4609375,0
2025-03-26 14:00:00+00:00,86828.5859375,87259.5,86487.515625,86965.8125,549201920
2025-03-26 15:00:00+00:00,86724.765625,86985.578125,86608.4296875,86789.3984375,67467264
2025-03-26 16:00:00+00:00,86498.75,87000.890625,86443.6484375,86744.6015625,0
2025-03-26 17:00:00+00:00,86526.0625,86803.1171875,86504.0625,86504.0625,151568384
2025-03-26 18:00:00+00:00,86214.203125,86735.09375,86214.203125,86550.1015625,0
2025-03-26 19:00:00+00:00,86650.890625,86709.765625,85897.734375,86217.6953125,347074560
2025-03-26 20:00:00+00:00,87169.6640625,87391.3046875,86573.3359375,86573.3359375,0
2025-03-26 21:00:00+00:00,87185.8125,87253.0390625,86831.6875,87253.0390625,0
2025-03-26 22:00:00+00:00,86845.8125,87156.15625,86783.15625,87156.15625,0
2025-03-26 23:00:00+00:00,86908.4765625,86958.515625,86585.125,86843.3203125,0
2025-03-27 00:00:00+00:00,87254.890625,87254.890625,86820.3515625,86960.8828125,111826944
2025-03-27 01:00:00+00:00,87386.78125,87492.65625,87207.4453125,87301.1328125,191309824
2025-03-27 02:00:00+00:00,87599.9765625,87770.09375,87404.2734375,87404.2734375,0
2025-03-27 03:00:00+00:00,87692.8046875,87695.1484375,87494.6640625,87598.21875,0
2025-03-27 04:00:00+00:00,87508.2578125,87689.1796875,87464.0,87689.1796875,0
2025-03-27 05:00:00+00:00,87313.0859375,87533.6015625,87300.90625,87533.6015625,0
2025-03-27 06:00:00+00:00,87325.90625,87531.5625,87318.21875,87318.5078125,0
2025-03-27 07:00:00+00:00,87425.8828125,87437.84375,87301.078125,87358.390625,0
2025-03-27 08:00:00+00:00,87444.6640625,87612.6953125,87298.3984375,87426.75,0
2025-03-27 09:00:00+00:00,87492.5546875,87546.1015625,87429.953125,87440.4453125,0
2025-03-27 10:00:00+00:00,87216.546875,87605.8984375,87174.859375,87428.9921875,67723264
2025-03-27 11:00:00+00:00,86971.6171875,87319.3515625,86835.171875,87209.8359375,5296128
2025-03-27 12:00:00+00:00,86759.578125,87112.140625,86748.28125,86872.2265625,0
2025-03-27 13:00:00+00:00,86437.390625,86834.546875,85859.390625,86771.78125,923838464
2025-03-27 14:00:00+00:00,87265.640625,87265.640625,86258.1015625,86380.765625,385531904
2025-03-27 15:00:00+00:00,86969.8046875,87521.609375,86783.265625,87273.2109375,433604608
2025-03-27 16:00:00+00:00,86813.34375,87215.640625,86813.34375,86921.296875,0
2025-03-27 17:00:00+00:00,86942.4765625,87141.9921875,86803.5390625,86853.7421875,40534016
2025-03-27 18:00:00+00:00,87248.7421875,87411.8125,86912.53125,86912.53125,0
2025-03-27 19:00:00+00:00,87150.8359375,87398.453125,87091.1796875,87204.875,0
2025-03-27 20:00:00+00:00,87306.9609375,87327.5078125,86960.3671875,87031.5,0
2025-03-27 21:00:00+00:00,87500.7890625,87694.921875,87247.046875,87303.71875,0
2025-03-27 22:00:00+00:00,87355.875,87599.8203125,87317.0078125,87564.2890625,0
2025-03-27 23:00:00+00:00,87184.421875,87337.734375,87126.8203125,87337.734375,0
2025-03-28 00:00:00+00:00,87333.3984375,87357.59375,86948.859375,87214.2109375,0
2025-03-28 01:00:00+00:00,87228.7890625,87482.96875,87113.359375,87342.1875,0
2025-03-28 02:00:00+00:00,86926.921875,87303.4921875,86926.921875,87219.375,0
2025-03-28 03:00:00+00:00,86820.4921875,86960.9453125,86768.609375,86960.9453125,315947008
2025-03-28 04:00:00+00:00,86183.0703125,86805.84375,85970.3125,86783.8359375,604387328
2025-03-28 05:00:00+00:00,86046.0390625,86194.8515625,85837.3046875,86183.0703125,1156894720
2025-03-28 06:00:00+00:00,85748.46875,86200.9375,85710.8515625,86056.6171875,363012096
2025-03-28 07:00:00+00:00,85196.1015625,85822.6953125,85166.1875,85703.0546875,1427701760
2025-03-28 08:00:00+00:00,85212.0546875,85375.71875,85041.5546875,85178.9375,874278912
2025-03-28 09:00:00+00:00,85112.96875,85330.203125,85024.3984375,85188.9609375,817289216
2025-03-28 10:00:00+00:00,84893.5625,85223.4609375,84893.5625,85122.515625,729696256
2025-03-28 11:00:00+00:00,85199.296875,85202.7890625,84818.9609375,84925.703125,449179648
2025-03-28 12:00:00+00:00,85070.390625,85346.8203125,84881.71875,85212.1953125,742995968
2025-03-28 13:00:00+00:00,84992.0546875,85499.3828125,84922.453125,85015.890625,0
2025-03-28 14:00:00+00:00,84176.015625,85065.28125,84147.2421875,84969.015625,385302528
2025-03-28 15:00:00+00:00,84025.6171875,84448.4765625,83976.4375,84153.8359375,566593536
2025-03-28 16:00:00+00:00,83779.328125,84134.6484375,83689.3046875,84020.3125,835809280
2025-03-28 17:00:00+00:00,83907.9609375,83937.4921875,83580.6171875,83741.515625,482615296
2025-03-28 18:00:00+00:00,83796.4453125,84078.1484375,83704.6171875,83934.8125,48758784
2025-03-28 19:00:00+00:00,83789.859375,83825.625,83593.921875,83825.625,530317312
2025-03-28 20:00:00+00:00,83762.6796875,84011.625,83700.4453125,83733.7421875,412489728
2025-03-28 21:00:00+00:00,83947.0859375,84042.046875,83663.984375,83756.328125,22233088
2025-03-28 22:00:00+00:00,84404.375,84404.375,83989.8671875,83989.8671875,86497280
2025-03-28 23:00:00+00:00,84346.375,84467.8828125,84173.1015625,84420.2734375,316553216
2025-03-29 00:00:00+00:00,84355.78125,84567.3359375,84335.7265625,84370.78125,0
2025-03-29 01:00:00+00:00,84254.4453125,84474.0234375,84182.578125,84360.9609375,0
2025-03-29 02:00:00+00:00,83826.171875,84381.3203125,83826.171875,84242.046875,0
2025-03-29 03:00:00+00:00,84140.6171875,84224.640625,83705.03125,83821.28125,178647040
2025-03-29 04:00:00+00:00,84019.2578125,84195.359375,83959.6953125,84140.484375,0
2025-03-29 05:00:00+00:00,83981.40625,84043.34375,83822.828125,84026.3125,0
2025-03-29 06:00:00+00:00,83756.2109375,83974.078125,83668.3046875,83974.078125,0
2025-03-29 07:00:00+00:00,83715.7578125,83835.8671875,83644.9140625,83753.34375,0
2025-03-29 08:00:00+00:00,83885.6015625,83895.34375,83645.703125,83696.5390625,0
2025-03-29 09:00:00+00:00,83517.90625,83901.7109375,83390.09375,83898.8359375,0
2025-03-29 10:00:00+00:00,82790.0078125,83522.828125,82790.0078125,83516.09375,0
2025-03-29 11:00:00+00:00,82248.4921875,83055.921875,81998.0546875,82870.0625,684879872
2025-03-29 12:00:00+00:00,82403.21875,82450.015625,82148.109375,82247.03125,0
2025-03-29 13:00:00+00:00,82790.359375,82790.359375,82421.671875,82421.671875,0
2025-03-29 14:00:00+00:00,82522.7734375,82826.7890625,82443.515625,82800.8359375,0
2025-03-29 15:00:00+00:00,82383.3671875,82604.3671875,82372.671875,82477.984375,0
2025-03-29 16:00:00+00:00,82159.796875,82637.1484375,82159.796875,82452.3359375,0
2025-03-29 17:00:00+00:00,82299.703125,82528.9140625,81640.1328125,82160.484375,0
2025-03-29 18:00:00+00:00,82351.015625,82611.109375,82223.5390625,82312.0078125,0
2025-03-29 19:00:00+00:00,82454.1640625,82523.0859375,82190.8046875,82320.875,0
2025-03-29 20:00:00+00:00,82511.4375,82734.953125,82432.1328125,82657.21875,0
2025-03-29 21:00:00+00:00,82547.03125,82640.015625,82381.890625,82485.7734375,0
2025-03-29 22:00:00+00:00,82371.5078125,82490.0625,82254.609375,82490.0625,0
2025-03-29 23:00:00+00:00,82614.953125,82651.4921875,82344.703125,82361.828125,0
2025-03-30 00:00:00+00:00,82764.90625,82816.734375,82487.6953125,82589.46875,0
2025-03-30 01:00:00+00:00,82907.8125,83011.921875,82774.390625,82774.390625,191179776
2025-03-30 02:00:00+00:00,83287.25,83316.828125,82917.0703125,82917.0703125,0
2025-03-30 03:00:00+00:00,83045.8125,83456.3984375,83045.8125,83294.4375,0
2025-03-30 04:00:00+00:00,83084.2109375,83268.78125,83056.1953125,83056.1953125,0
2025-03-30 05:00:00+00:00,82934.78125,83177.7734375,82924.078125,83102.8984375,0
2025-03-30 06:00:00+00:00,83130.40625,83265.4609375,82847.2734375,82947.1953125,333272064
2025-03-30 07:00:00+00:00,83063.2578125,83281.6484375,83050.9375,83136.4921875,0
2025-03-30 08:00:00+00:00,83376.5390625,83376.5390625,83066.1484375,83066.1484375,38398976
2025-03-30 09:00:00+00:00,83474.765625,83481.5703125,83273.1328125,83358.65625,0
2025-03-30 10:00:00+00:00,83102.578125,83500.78125,83043.3203125,83481.7109375,0
2025-03-30 11:00:00+00:00,83089.59375,83341.3828125,82981.7109375,83093.4765625,0
2025-03-30 12:00:00+00:00,83013.9765625,83230.578125,82968.7890625,83125.3515625,0
2025-03-30 13:00:00+00:00,82692.9609375,83106.6484375,82630.6953125,83036.2421875,0
2025-03-30 14:00:00+00:00,82757.5625,82985.0390625,82620.0234375,82662.4375,46291968
2025-03-30 15:00:00+00:00,82716.0625,82996.25,82716.0625,82792.25,210149376
2025-03-30 16:00:00+00:00,82263.734375,82786.453125,82197.203125,82708.40625,0
2025-03-30 17:00:00+00:00,82362.203125,82523.8359375,82049.5859375,82280.7890625,0
2025-03-30 18:00:00+00:00,82689.59375,82748.140625,82436.4609375,82436.4609375,0
2025-03-30 19:00:00+00:00,82528.140625,82856.8828125,82528.140625,82687.5078125,0
2025-03-30 20:00:00+00:00,82517.578125,82607.796875,82385.328125,82529.40625,0
2025-03-30 21:00:00+00:00,82142.296875,82627.3203125,82070.1953125,82520.234375,32527360
2025-03-30 22:00:00+00:00,82336.8359375,82700.359375,81573.25,82077.09375,940011520
2025-03-30 23:00:00+00:00,82313.90625,82394.2578125,81945.9765625,82371.28125,585784320
2025-03-31 00:00:00+00:00,81624.6171875,82418.125,81305.1484375,82418.125,1063555072
2025-03-31 01:00:00+00:00,81976.9453125,82239.9453125,81644.6953125,81644.6953125,621196288
2025-03-31 02:00:00+00:00,81923.9375,82141.4609375,81666.984375,81922.09375,351554560
2025-03-31 03:00:00+00:00,81503.3359375,81998.0390625,81493.984375,81933.8203125,218912768
2025-03-31 04:00:00+00:00,81819.2890625,81819.2890625,81434.5625,81506.890625,326423552
2025-03-31 05:00:00+00:00,82115.7578125,82260.0234375,81826.109375,81826.109375,371406848
2025-03-31 06:00:00+00:00,82019.1640625,82218.09375,81934.3828125,82142.5234375,239343616
2025-03-31 07:00:00+00:00,81849.046875,82254.6640625,81772.6171875,82021.359375,412334080
2025-03-31 08:00:00+00:00,81911.09375,82226.9296875,81890.1796875,81890.1796875,727459840
2025-03-31 09:00:00+00:00,81478.2109375,81921.0,81357.96875,81896.6015625,766556160
2025-03-31 10:00:00+00:00,82128.25,82201.96875,81322.078125,81468.15625,571465728
2025-03-31 11:00:00+00:00,82138.8203125,82237.640625,81928.9609375,82155.3515625,531472384
2025-03-31 12:00:00+00:00,82813.4609375,83017.7109375,81942.46875,82184.1953125,1175500800
2025-03-31 13:00:00+00:00,82607.1328125,82841.453125,81729.1171875,82810.9140625,1367392256
2025-03-31 14:00:00+00:00,83497.828125,83716.484375,82489.6484375,82489.6484375,2449428480
2025-03-31 15:00:00+00:00,83500.625,83853.171875,83445.890625,83478.4296875,1496567808
2025-03-31 16:00:00+00:00,83293.375,83680.265625,83280.3046875,83405.09375,49229824
2025-03-31 17:00:00+00:00,82687.046875,83495.2578125,82612.34375,83295.84375,97456128
2025-03-31 18:00:00+00:00,83372.7890625,83533.8125,82808.796875,82808.796875,813328384
2025-03-31 19:00:00+00:00,82571.0078125,83412.59375,82426.8046875,83300.7578125,730525696
2025-03-31 20:00:00+00:00,82413.953125,82761.140625,82365.28125,82412.2265625,681637888
2025-03-31 21:00:00+00:00,82563.484375,82681.4921875,82419.7109375,82419.7109375,324024320
2025-03-31 22:00:00+00:00,82376.8359375,82547.8046875,82268.4375,82547.8046875,0
2025-03-31 23:00:00+00:00,82538.5234375,82681.3515625,82310.40625,82388.7109375,0
2025-04-01 00:00:00+00:00,82639.5234375,82753.1796875,82443.8046875,82536.34375,0
2025-04-01 01:00:00+00:00,82688.3046875,82709.1328125,82473.703125,82635.5390625,0
2025-04-01 02:00:00+00:00,83042.4140625,83056.5,82644.3671875,82682.09375,0
2025-04-01 03:00:00+00:00,82928.46875,83208.359375,82928.46875,83076.5546875,0
2025-04-01 04:00:00+00:00,83063.4609375,83193.9140625,82881.40625,82949.0078125,21956608
2025-04-01 05:00:00+00:00,83000.96875,83302.4375,82999.1328125,82999.1328125,0
2025-04-01 06:00:00+00:00,83441.7734375,83463.875,82917.921875,82994.9453125,0
2025-04-01 07:00:00+00:00,83456.796875,83590.9140625,83396.9140625,83447.25,0
2025-04-01 08:00:00+00:00,84112.7890625,84178.921875,83454.5625,83454.5625,418750464
2025-04-01 09:00:00+00:00,84357.8515625,84375.15625,84118.7265625,84118.7265625,0
2025-04-01 10:00:00+00:00,84186.515625,84468.9921875,84176.5859375,84354.25,155672576
2025-04-01 11:00:00+00:00,83928.7109375,84167.6640625,83862.1171875,84167.6640625,0
2025-04-01 12:00:00+00:00,83652.765625,84137.328125,83652.765625,83921.3984375,0
2025-04-01 13:00:00+00:00,83608.6171875,83866.3046875,83438.6953125,83620.6171875,0
2025-04-01 14:00:00+00:00,84152.421875,84209.640625,82620.53125,83354.5390625,0
2025-04-01 15:00:00+00:00,85272.8984375,85461.2890625,84221.71875,84221.71875,1794129920
2025-04-01 16:00:00+00:00,85198.5234375,85457.1328125,84826.1015625,85361.71875,614975488
2025-04-01 17:00:00+00:00,85142.109375,85292.0859375,84915.796875,85141.921875,274311168
2025-04-01 18:00:00+00:00,85124.1953125,85131.0703125,84732.8515625,85123.984375,0
2025-04-01 19:00:00+00:00,84829.515625,85145.2109375,84829.515625,85122.015625,0
2025-04-01 20:00:00+00:00,85274.40625,85291.21875,84814.8828125,84964.9765625,0
2025-04-01 21:00:00+00:00,85259.28125,85466.1796875,85168.796875,85254.28125,0
2025-04-01 22:00:00+00:00,85131.859375,85380.1875,85131.859375,85264.265625,138037248
2025-04-01 23:00:00+00:00,85190.859375,85469.8203125,85006.03125,85107.8125,212854784
2025-04-02 00:00:00+00:00,84956.3828125,85233.7109375,84956.3828125,85173.4453125,0
2025-04-02 01:00:00+00:00,85159.953125,85196.09375,84868.8828125,84970.9765625,0
2025-04-02 02:00:00+00:00,84744.09375,85112.2890625,84672.7578125,85077.2265625,363220992
2025-04-02 03:00:00+00:00,84590.5390625,84861.5703125,84527.6640625,84779.953125,17616896
2025-04-02 04:00:00+00:00,84555.0546875,84694.078125,84477.9453125,84550.4921875,59058176
2025-04-02 05:00:00+00:00,84145.1328125,84574.5859375,84140.9609375,84574.5859375,126070784
2025-04-02 06:00:00+00:00,84139.2109375,84309.359375,83939.875,84104.1015625,120350720
2025-04-02 07:00:00+00:00,84431.3046875,84431.3046875,84040.7109375,84134.9296875,208054272
2025-04-02 08:00:00+00:00,84646.890625,84688.6640625,84265.9375,84418.3515625,0
2025-04-02 09:00:00+00:00,85007.203125,85383.4140625,84715.9765625,84715.9765625,3371008
2025-04-02 10:00:00+00:00,84848.21875,85267.6171875,84845.0390625,85035.3125,0
2025-04-02 11:00:00+00:00,84545.7109375,84935.5390625,84545.7109375,84817.3984375,0
2025-04-02 12:00:00+00:00,85001.078125,85001.078125,84488.28125,84575.4296875,200515584
2025-04-02 13:00:00+00:00,85468.5078125,86001.6796875,84627.5078125,85016.53125,1041172480
2025-04-02 14:00:00+00:00,85882.1171875,85882.1171875,85263.046875,85263.046875,0
2025-04-02 15:00:00+00:00,86824.46875,87282.9609375,85877.2734375,85877.2734375,2603151360
2025-04-02 16:00:00+00:00,86981.828125,87188.03125,86610.2421875,86696.90625,1136650240
2025-04-02 17:00:00+00:00,86601.21875,87278.6875,86387.3046875,87080.65625,1085501440
2025-04-02 18:00:00+00:00,86317.65625,86667.796875,86250.6953125,86606.0234375,26427392
2025-04-02 19:00:00+00:00,86891.4609375,86891.4609375,86215.5390625,86390.8515625,0
2025-04-02 20:00:00+00:00,85651.546875,88143.375,85266.53125,86924.0078125,7928600576
2025-04-02 21:00:00+00:00,84802.3203125,85637.1015625,84252.09375,85637.1015625,1676152832
2025-04-02 22:00:00+00:00,82825.46875,84599.65625,82699.078125,84599.65625,2275377152
2025-04-02 23:00:00+00:00,82599.9609375,82786.171875,82402.765625,82546.234375,2475335680
2025-04-03 00:00:00+00:00,83144.140625,83369.21875,82220.53125,82510.796875,1579769856
2025-04-03 01:00:00+00:00,83801.3671875,83874.5390625,83119.609375,83235.046875,3517759488
2025-04-03 02:00:00+00:00,83729.3203125,83863.21875,83273.6796875,83770.46875,521666560
2025-04-03 03:00:00+00:00,83483.140625,83741.8359375,83340.7265625,83741.8359375,151597056
2025-04-03 04:00:00+00:00,83586.0234375,83699.3203125,83295.421875,83515.6328125,208539648
2025-04-03 05:00:00+00:00,83401.625,83688.84375,83351.984375,83560.609375,0
2025-04-03 06:00:00+00:00,83014.3359375,83377.515625,83014.3359375,83328.4921875,0
2025-04-03 07:00:00+00:00,83466.2265625,83466.2265625,83036.78125,83043.484375,571326464
2025-04-03 08:00:00+00:00,83685.71875,83700.9140625,83520.9609375,83520.9609375,248111104
2025-04-03 09:00:00+00:00,83457.890625,83745.03125,83457.890625,83680.921875,0
2025-04-03 10:00:00+00:00,83265.2265625,83720.4453125,83176.6171875,83470.09375,512724992
2025-04-03 11:00:00+00:00,83040.90625,83312.03125,83040.90625,83146.25,98160640
2025-04-03 12:00:00+00:00,82035.78125,83100.4296875,81892.2109375,83061.203125,1162002432
2025-04-03 13:00:00+00:00,82280.1640625,82662.0625,81786.21875,81946.75,79859712
2025-04-03 14:00:00+00:00,81496.0234375,82332.6875,81364.984375,82252.7578125,280674304
2025-04-03 15:00:00+00:00,82032.515625,82032.515625,81289.203125,81520.6953125,0
2025-04-03 16:00:00+00:00,81752.6171875,82299.5546875,81724.7734375,82155.0234375,0
2025-04-03 17:00:00+00:00,81817.703125,82070.25,81632.15625,81843.6875,0
2025-04-03 18:00:00+00:00,82004.5703125,82253.703125,81560.5078125,81892.21875,65347584
2025-04-03 19:00:00+00:00,82066.6015625,82299.4140625,81838.6953125,82053.8828125,700280832
2025-04-03 20:00:00+00:00,82284.90625,82368.375,81776.453125,81925.2578125,0
2025-04-03 21:00:00+00:00,82809.6171875,82809.6171875,82297.96875,82344.9921875,0
2025-04-03 22:00:00+00:00,82674.9140625,82826.2578125,82605.453125,82687.2578125,0
2025-04-03 23:00:00+00:00,83105.1328125,83226.75,82493.5625,82682.515625,0
2025-04-04 00:00:00+00:00,83018.515625,83361.875,82985.3828125,83141.15625,0
2025-04-04 01:00:00+00:00,82590.4453125,83245.671875,82575.4921875,83083.78125,0
2025-04-04 02:00:00+00:00,82849.5234375,83128.7421875,82794.0625,82794.0625,0
2025-04-04 03:00:00+00:00,82782.6328125,82998.9921875,82669.21875,82880.4296875,73422848
2025-04-04 04:00:00+00:00,82697.4296875,82883.6328125,82610.453125,82791.515625,0
2025-04-04 05:00:00+00:00,83173.125,83173.125,82636.8984375,82699.8671875,1546240
2025-04-04 06:00:00+00:00,83032.8515625,83224.6640625,83031.03125,83167.8046875,0
2025-04-04 07:00:00+00:00,83951.1875,83966.15625,83051.921875,83054.59375,1018710016
2025-04-04 08:00:00+00:00,84376.1171875,84606.28125,83975.84375,83975.84375,892059648
2025-04-04 09:00:00+00:00,84644.9453125,84644.9453125,84152.9609375,84444.1875,631603200
2025-04-04 10:00:00+00:00,82521.5390625,84657.0390625,82442.0390625,84574.9453125,2816782336
2025-04-04 11:00:00+00:00,82632.359375,82670.421875,81732.2734375,82658.6796875,1961549824
2025-04-04 12:00:00+00:00,82783.4609375,82889.90625,82215.546875,82661.0859375,918581248
2025-04-04 13:00:00+00:00,83290.8359375,83290.8359375,82167.2265625,82798.8046875,0
2025-04-04 14:00:00+00:00,82693.9140625,83403.5703125,81834.4453125,83347.046875,0
2025-04-04 15:00:00+00:00,82845.3671875,83605.40625,82551.75,82551.75,1934278656
2025-04-04 16:00:00+00:00,83362.6015625,83469.921875,82726.0,83038.1640625,798482432
2025-04-04 17:00:00+00:00,84344.4609375,84508.8125,82994.5,83345.2578125,1660878848
2025-04-04 18:00:00+00:00,83895.46875,84488.5,83738.0546875,84488.5,337285120
2025-04-04 19:00:00+00:00,83918.0,84359.8046875,83767.78125,83934.4375,228642816
2025-04-04 20:00:00+00:00,84154.28125,84226.5078125,83478.296875,83965.828125,0
2025-04-04 21:00:00+00:00,84184.0546875,84392.859375,83920.65625,84038.515625,0
2025-04-04 22:00:00+00:00,84029.25,84202.28125,83997.1953125,84147.203125,0
2025-04-04 23:00:00+00:00,83843.578125,84040.7890625,83648.203125,84026.109375,0
2025-04-05 00:00:00+00:00,83752.6328125,83852.8203125,83459.515625,83852.8203125,0
2025-04-05 01:00:00+00:00,83950.75,84197.6328125,83755.5234375,83755.5234375,0
2025-04-05 02:00:00+00:00,83937.609375,84047.828125,83805.2890625,83943.6484375,0
2025-04-05 03:00:00+00:00,83630.8671875,83934.1796875,83616.3359375,83932.140625,0
2025-04-05 04:00:00+00:00,83637.0859375,83818.125,83602.9921875,83625.609375,0
2025-04-05 05:00:00+00:00,83673.015625,83817.484375,83632.3828125,83653.53125,0
2025-04-05 06:00:00+00:00,83446.7578125,83674.4453125,83319.515625,83665.7265625,0
2025-04-05 07:00:00+00:00,83486.171875,83506.140625,83354.5234375,83441.609375,0
2025-04-05 08:00:00+00:00,83497.5703125,83600.7265625,83369.0390625,83489.4375,0
2025-04-05 09:00:00+00:00,83812.390625,83812.390625,83510.5390625,83510.5390625,0
2025-04-05 10:00:00+00:00,83620.390625,83847.15625,83577.0078125,83821.7578125,0
2025-04-05 11:00:00+00:00,83435.46875,83663.484375,83435.171875,83613.9375,0
2025-04-05 12:00:00+00:00,83226.7890625,83509.328125,83148.15625,83440.546875,0
2025-04-05 13:00:00+00:00,82702.96875,83280.21875,82538.2421875,83268.65625,0
2025-04-05 14:00:00+00:00,82933.859375,82986.0,82681.1328125,82726.2734375,0
2025-04-05 15:00:00+00:00,82566.140625,82883.796875,82398.4140625,82883.796875,0
2025-04-05 16:00:00+00:00,82714.9609375,82779.3125,82576.5234375,82588.0703125,0
2025-04-05 17:00:00+00:00,82846.6796875,82910.8125,82660.6875,82714.453125,0
2025-04-05 18:00:00+00:00,83046.5390625,83063.0078125,82840.328125,82840.328125,0
2025-04-05 19:00:00+00:00,82787.0,83073.0234375,82751.9140625,83035.15625,0
2025-04-05 20:00:00+00:00,83039.4453125,83051.8046875,82858.484375,82888.6015625,0
2025-04-05 21:00:00+00:00,82919.4921875,83179.40625,82919.4921875,83042.75,0
2025-04-05 22:00:00+00:00,83149.0625,83149.0625,82914.1328125,82914.1328125,60779520
2025-04-05 23:00:00+00:00,83463.734375,83538.65625,83134.15625,83134.15625,52859904
2025-04-06 00:00:00+00:00,83479.3125,83521.5,83418.15625,83501.859375,37421056
2025-04-06 01:00:00+00:00,83411.1328125,83704.71875,83401.921875,83486.2109375,0
2025-04-06 02:00:00+00:00,83268.7734375,83438.0,83257.0390625,83406.0859375,0
2025-04-06 03:00:00+00:00,83312.640625,83362.34375,83177.546875,83272.5390625,0
2025-04-06 04:00:00+00:00,83453.1015625,83453.1015625,83248.6640625,83311.1015625,0
2025-04-06 05:00:00+00:00,83413.171875,83491.4453125,83300.65625,83462.1015625,0
2025-04-06 06:00:00+00:00,83125.671875,83420.5703125,83125.671875,83420.5703125,0
2025-04-06 07:00:00+00:00,82996.9609375,83143.4453125,82996.9609375,83095.7890625,38711296
2025-04-06 08:00:00+00:00,82990.6640625,82990.6640625,82722.390625,82976.3359375,0
2025-04-06 09:00:00+00:00,83011.796875,83094.96875,82899.5234375,82991.875,0
2025-04-06 10:00:00+00:00,82803.71875,83012.984375,82718.21875,83012.984375,55005184
2025-04-06 11:00:00+00:00,82799.0546875,82859.828125,82638.5703125,82811.3359375,0
2025-04-06 12:00:00+00:00,82651.03125,82917.3046875,82627.3203125,82802.96875,0
2025-04-06 13:00:00+00:00,82264.3671875,82763.5234375,82252.421875,82652.2421875,0
2025-04-06 14:00:00+00:00,82555.7109375,82725.609375,82234.921875,82262.3203125,439710720
2025-04-06 15:00:00+00:00,82554.34375,82689.0625,82396.890625,82614.9609375,0
2025-04-06 16:00:00+00:00,81963.0234375,82522.015625,81963.0234375,82522.015625,473309184
2025-04-06 17:00:00+00:00,80709.6640625,81948.46875,80675.3046875,81948.46875,2693504000
2025-04-06 18:00:00+00:00,78934.6171875,80661.125,78659.8125,80661.125,4514672640
2025-04-06 19:00:00+00:00,79597.0703125,79796.9921875,78979.4921875,79002.25,2966020096
2025-04-06 20:00:00+00:00,78802.1484375,79805.9921875,78633.4375,79494.3515625,2258255872
2025-04-06 21:00:00+00:00,78929.84375,79566.6640625,78805.4375,78811.8671875,1521190912
2025-04-06 22:00:00+00:00,77911.8984375,79001.1875,77789.3984375,78901.71875,3671539712
2025-04-06 23:00:00+00:00,78088.5625,78530.3125,77128.8671875,77988.765625,4818337792
2025-04-07 00:00:00+00:00,78291.71875,78411.7265625,77450.3671875,78312.203125,2768748544
2025-04-07 01:00:00+00:00,79159.6953125,79247.484375,78302.375,78591.4453125,2415702016
2025-04-07 02:00:00+00:00,78381.8671875,79122.3828125,78381.8671875,79091.9296875,1281187840
2025-04-07 03:00:00+00:00,77584.984375,78397.7734375,77342.484375,78390.953125,1880035328
2025-04-07 04:00:00+00:00,76992.4140625,77875.6640625,76710.4609375,77712.2421875,3009937408
2025-04-07 05:00:00+00:00,76824.09375,77443.3125,76646.1875,77151.296875,2553860096
2025-04-07 06:00:00+00:00,74830.296875,77183.125,74582.6640625,76977.8125,6181826560
2025-04-07 07:00:00+00:00,75091.953125,75276.890625,74467.703125,74727.2265625,4674285568
2025-04-07 08:00:00+00:00,76201.3984375,76750.765625,75032.59375,75052.453125,3623022592
2025-04-07 09:00:00+00:00,76193.9609375,76673.5546875,75818.625,76176.234375,2363854848
2025-04-07 10:00:00+00:00,76874.671875,77456.6875,76125.984375,76238.8125,2913062912
2025-04-07 11:00:00+00:00,76615.1015625,77315.109375,76445.78125,76938.1953125,1969881088
2025-04-07 12:00:00+00:00,77292.4453125,77570.8359375,76449.859375,76837.25,4382883840
2025-04-07 13:00:00+00:00,78259.15625,78259.15625,75796.3125,77241.8046875,1150590976
2025-04-07 14:00:00+00:00,78982.7734375,81111.015625,77938.2109375,78373.0234375,15341707264
2025-04-07 15:00:00+00:00,78540.28125,79242.484375,77910.9921875,79031.8359375,5763358720
2025-04-07 16:00:00+00:00,77345.265625,78486.265625,77345.265625,78457.703125,189030400
2025-04-07 17:00:00+00:00,79064.859375,79064.859375,77750.71875,78115.96875,426115072
2025-04-07 18:00:00+00:00,78321.78125,79222.3203125,78321.78125,78956.015625,0
2025-04-07 19:00:00+00:00,78234.46875,78822.96875,78087.6953125,78473.3359375,0
2025-04-07 20:00:00+00:00,78801.328125,79048.3515625,78064.828125,78064.828125,0
2025-04-07 21:00:00+00:00,79300.4921875,79447.1875,78669.078125,78827.1171875,0
2025-04-07 22:00:00+00:00,79993.53125,80167.3984375,79190.734375,79318.25,0
2025-04-07 23:00:00+00:00,79133.5,80022.75,79133.5,79929.4375,0
2025-04-08 00:00:00+00:00,78990.5703125,79551.3515625,78990.5703125,79116.515625,0
2025-04-08 01:00:00+00:00,80670.8671875,80726.1640625,78901.0,78994.703125,232579072
2025-04-08 02:00:00+00:00,79911.46875,80823.890625,79891.25,80548.6484375,0
2025-04-08 03:00:00+00:00,79824.203125,80135.5859375,79751.0546875,79913.890625,0
2025-04-08 04:00:00+00:00,80279.2109375,80328.3515625,79845.5859375,79871.03125,0
2025-04-08 05:00:00+00:00,79820.359375,80279.453125,79519.5234375,80279.453125,0
2025-04-08 06:00:00+00:00,79451.9609375,79785.828125,79309.9453125,79785.828125,0
2025-04-08 07:00:00+00:00,79475.4921875,79660.328125,79252.625,79438.6171875,0
2025-04-08 08:00:00+00:00,79131.9453125,79478.328125,78948.859375,79471.5625,0
2025-04-08 09:00:00+00:00,78946.40625,79153.3984375,78854.5390625,79125.2421875,0
2025-04-08 10:00:00+00:00,78966.890625,79151.3203125,78843.546875,78906.515625,0
2025-04-08 11:00:00+00:00,79980.859375,79980.859375,78969.03125,78969.03125,0
2025-04-08 12:00:00+00:00,79842.171875,80102.0390625,79613.2265625,80102.0390625,0
2025-04-08 13:00:00+00:00,79938.78125,80266.390625,79503.0546875,79822.59375,0
2025-04-08 14:00:00+00:00,78530.4765625,80197.1328125,78530.4765625,79777.796875,0
2025-04-08 15:00:00+00:00,78486.2109375,78738.390625,78179.15625,78456.703125,0
2025-04-08 16:00:00+00:00,77427.8046875,78467.6171875,77341.0,78467.6171875,0
2025-04-08 17:00:00+00:00,77295.171875,77374.3984375,76529.359375,77301.5078125,0
2025-04-08 18:00:00+00:00,77226.828125,77803.859375,77095.015625,77288.375,0
2025-04-08 19:00:00+00:00,76786.71875,77287.09375,76331.171875,77238.484375,627417088
2025-04-08 20:00:00+00:00,77014.8203125,77118.375,76575.5546875,76826.328125,350687232
2025-04-08 21:00:00+00:00,77004.3671875,77184.7109375,76700.4375,77031.6796875,0
2025-04-08 22:00:00+00:00,76697.046875,76945.140625,76222.8515625,76945.140625,0
2025-04-08 23:00:00+00:00,76261.375,76696.8359375,76253.453125,76696.8359375,0
2025-04-09 00:00:00+00:00,76443.7421875,76724.09375,76034.765625,76261.1015625,549027840
2025-04-09 01:00:00+00:00,75992.8359375,76502.4453125,74680.7734375,76447.3359375,2251644928
2025-04-09 02:00:00+00:00,75568.7109375,76278.2734375,75523.7734375,76021.21875,328867840
2025-04-09 03:00:00+00:00,75003.03125,75785.4765625,75003.03125,75600.7109375,640184320
2025-04-09 04:00:00+00:00,76316.8671875,76786.8125,75299.4140625,75322.1015625,2146983936
2025-04-09 05:00:00+00:00,76621.6484375,76695.515625,76212.0546875,76266.6328125,435314688
2025-04-09 06:00:00+00:00,76756.546875,77141.5546875,76676.265625,76676.265625,489353216
2025-04-09 07:00:00+00:00,77739.625,77879.0234375,76883.421875,76883.421875,2693238784
2025-04-09 08:00:00+00:00,77310.1015625,77821.7734375,77067.4453125,77674.0625,0
2025-04-09 09:00:00+00:00,77472.4765625,77480.2890625,77150.765625,77327.953125,0
2025-04-09 10:00:00+00:00,77440.6796875,77512.109375,76943.359375,77460.75,240209920
2025-04-09 11:00:00+00:00,76133.125,76873.09375,75773.0703125,76873.09375,2896629760
2025-04-09 12:00:00+00:00,76803.234375,76946.796875,76028.3671875,76178.4453125,795619328
2025-04-09 13:00:00+00:00,77719.2109375,77725.1484375,76688.7578125,76738.421875,549617664
2025-04-09 14:00:00+00:00,76968.9765625,78174.265625,76968.9765625,77653.09375,349700096
2025-04-09 15:00:00+00:00,77112.640625,77556.2421875,76906.5546875,76906.5546875,607432704
2025-04-09 16:00:00+00:00,78161.0625,78194.2109375,77139.09375,77192.15625,0
2025-04-09 17:00:00+00:00,82134.9296875,82134.9296875,77734.671875,78200.5859375,7960363008
2025-04-09 18:00:00+00:00,81820.40625,82842.078125,81820.40625,82167.4609375,5378441216
2025-04-09 19:00:00+00:00,82227.609375,82516.8671875,81798.703125,81816.3984375,2264743936
2025-04-09 20:00:00+00:00,83112.9140625,83112.9140625,81998.890625,82288.203125,1788141568
2025-04-09 21:00:00+00:00,83268.90625,83528.5703125,82885.328125,83190.0390625,3547693056
2025-04-09 22:00:00+00:00,83020.6328125,83432.890625,82979.828125,83382.9296875,1380155392
2025-04-09 23:00:00+00:00,82527.4140625,83110.1328125,82527.4140625,83032.3828125,0
2025-04-10 00:00:00+00:00,82318.6328125,82691.390625,82074.28125,82610.3125,0
2025-04-10 01:00:00+00:00,82207.5546875,82537.8984375,82207.5546875,82363.015625,0
2025-04-10 02:00:00+00:00,82190.1875,82515.8125,82188.6875,82215.4765625,0
2025-04-10 03:00:00+00:00,81660.9296875,82186.609375,81449.4296875,82186.609375,0
2025-04-10 04:00:00+00:00,81964.609375,81979.25,81631.2890625,81787.625,0
2025-04-10 05:00:00+00:00,82140.8125,82171.1796875,81910.2734375,81970.9453125,0
2025-04-10 06:00:00+00:00,82095.390625,82290.09375,81853.7890625,82133.65625,0
2025-04-10 07:00:00+00:00,81566.0546875,82179.546875,81335.40625,82117.5703125,0
2025-04-10 08:00:00+00:00,81499.4375,81778.21875,81403.8125,81562.390625,514596864
2025-04-10 09:00:00+00:00,82011.4140625,82012.5859375,81342.109375,81506.109375,0
2025-04-10 10:00:00+00:00,81698.3828125,82086.09375,81527.9765625,82008.109375,243310592
2025-04-10 11:00:00+00:00,81824.625,81857.9140625,81472.75,81704.4296875,0
2025-04-10 12:00:00+00:00,81632.0703125,82138.859375,81435.890625,81835.203125,0
2025-04-10 13:00:00+00:00,80862.578125,81857.625,80770.359375,81660.328125,513482752
2025-04-10 14:00:00+00:00,81234.6015625,81739.796875,80632.8828125,80826.859375,0
2025-04-10 15:00:00+00:00,78640.9453125,81198.25,78640.9453125,81198.25,1327046656
2025-04-10 16:00:00+00:00,79403.6875,79568.171875,78473.2578125,78699.6171875,2340438016
2025-04-10 17:00:00+00:00,79343.8125,79401.3828125,78646.8515625,79400.390625,0
2025-04-10 18:00:00+00:00,79499.9765625,79765.75,79226.125,79287.015625,0
2025-04-10 19:00:00+00:00,79790.328125,79899.8046875,79265.8046875,79447.0234375,0
2025-04-10 20:00:00+00:00,79811.546875,79883.515625,79525.96875,79589.046875,0
2025-04-10 21:00:00+00:00,79672.046875,79959.46875,79648.0546875,79836.7109375,0
2025-04-10 22:00:00+00:00,79664.3125,79851.0078125,79508.0234375,79652.296875,0
2025-04-10 23:00:00+00:00,79560.1484375,79676.6484375,79404.1015625,79655.8359375,116011008
2025-04-11 00:00:00+00:00,79042.3359375,79673.25,79042.3359375,79553.265625,0
2025-04-11 01:00:00+00:00,80377.7890625,80377.7890625,78969.890625,78969.890625,26558464
2025-04-11 02:00:00+00:00,80246.2265625,80720.078125,80119.875,80356.7890625,1101811712
2025-04-11 03:00:00+00:00,80762.4921875,80792.703125,80255.0546875,80255.0546875,0
2025-04-11 04:00:00+00:00,80839.1640625,80954.515625,80691.96875,80779.1328125,774815744
2025-04-11 05:00:00+00:00,80766.9609375,80831.375,80485.4375,80831.375,0
2025-04-11 06:00:00+00:00,81031.234375,81227.0078125,80760.78125,80760.78125,923131904
2025-04-11 07:00:00+00:00,81211.6484375,81361.5625,80824.8984375,81039.6875,0
2025-04-11 08:00:00+00:00,81517.8984375,81675.390625,80829.265625,81220.4921875,937967616
2025-04-11 09:00:00+00:00,82296.140625,82334.3671875,81435.0625,81536.515625,1206435840
2025-04-11 10:00:00+00:00,82587.2265625,82893.015625,82265.59375,82313.53125,464678912
2025-04-11 11:00:00+00:00,82134.5859375,82814.046875,81984.59375,82610.515625,643305472
2025-04-11 12:00:00+00:00,82004.3203125,82289.9609375,81876.125,82098.9140625,0
2025-04-11 13:00:00+00:00,82794.6875,83216.5234375,81812.0234375,82043.5546875,448671744
2025-04-11 14:00:00+00:00,81887.59375,82898.828125,81316.6796875,82898.828125,0
2025-04-11 15:00:00+00:00,82480.0625,82591.2890625,81709.1796875,81867.1796875,0
2025-04-11 16:00:00+00:00,82785.4375,82945.0390625,82008.125,82462.4765625,0
2025-04-11 17:00:00+00:00,83846.5859375,83951.640625,82705.9921875,82757.7265625,0
2025-04-11 18:00:00+00:00,83574.8984375,84140.921875,83574.8984375,83846.921875,221515776
2025-04-11 19:00:00+00:00,83853.390625,83870.5625,83575.9765625,83575.9765625,0
2025-04-11 20:00:00+00:00,83822.8046875,83975.2578125,83690.734375,83822.890625,731062272
2025-04-11 21:00:00+00:00,83678.4453125,84199.625,83621.578125,83816.4921875,568762368
2025-04-11 22:00:00+00:00,83399.3515625,83663.7265625,83281.3359375,83646.21875,0
2025-04-11 23:00:00+00:00,83434.4453125,83489.3125,83135.8671875,83389.234375,0
2025-04-12 00:00:00+00:00,83324.3359375,83485.6953125,83235.3203125,83414.2421875,0
2025-04-12 01:00:00+00:00,83152.859375,83369.1875,83120.5625,83327.1796875,0
2025-04-12 02:00:00+00:00,82903.9765625,83230.1171875,82897.53125,83160.015625,0
2025-04-12 03:00:00+00:00,82927.84375,83082.0859375,82815.3203125,82817.3671875,78069760
2025-04-12 04:00:00+00:00,83252.7890625,83288.328125,82833.3359375,82923.2421875,0
2025-04-12 05:00:00+00:00,83296.09375,83431.2109375,83164.5703125,83164.5703125,0
2025-04-12 06:00:00+00:00,83541.4375,83697.390625,83296.4765625,83296.4765625,89047040
2025-04-12 07:00:00+00:00,83667.4140625,83764.359375,83472.1484375,83531.2265625,0
2025-04-12 08:00:00+00:00,83572.6875,83951.8984375,83483.6796875,83696.9296875,0
2025-04-12 09:00:00+00:00,83499.5546875,83703.1953125,83417.546875,83579.8359375,0
2025-04-12 10:00:00+00:00,83385.4765625,83501.2734375,83287.6953125,83499.859375,0
2025-04-12 11:00:00+00:00,83494.9140625,83588.53125,83380.9296875,83380.9296875,0
2025-04-12 12:00:00+00:00,83764.7890625,83862.75,83461.3984375,83488.9140625,0
2025-04-12 13:00:00+00:00,84445.9453125,84592.8515625,83568.453125,83795.8203125,0
2025-04-12 14:00:00+00:00,84888.9765625,85182.8828125,84331.7421875,84442.265625,420292608
2025-04-12 15:00:00+00:00,85001.0234375,85359.71875,84642.65625,84830.75,0
2025-04-12 16:00:00+00:00,84637.5859375,85128.8359375,84592.9375,84980.9296875,368056320
2025-04-12 17:00:00+00:00,84733.359375,84809.2421875,84425.6484375,84625.9140625,0
2025-04-12 18:00:00+00:00,85144.71875,85162.3203125,84729.3984375,84729.3984375,0
2025-04-12 19:00:00+00:00,84894.3671875,85188.5546875,84845.9921875,85152.921875,0
2025-04-12 20:00:00+00:00,85564.953125,85852.0234375,84896.0625,84919.4453125,0
2025-04-12 21:00:00+00:00,85374.140625,85513.96875,85286.1875,85499.7734375,341655552
2025-04-12 22:00:00+00:00,85344.4375,85652.109375,85324.3515625,85381.0078125,0
2025-04-12 23:00:00+00:00,85271.6171875,85376.6796875,85168.8359375,85335.3984375,0
2025-04-13 00:00:00+00:00,85527.3359375,85527.3359375,85019.9609375,85273.875,0
2025-04-13 01:00:00+00:00,85231.5078125,85862.5,85177.5859375,85466.2109375,964362240
2025-04-13 02:00:00+00:00,85373.5234375,85373.5234375,84773.6171875,85231.40625,566882304
2025-04-13 03:00:00+00:00,85383.8203125,85623.09375,85276.7578125,85292.0546875,1758539776
2025-04-13 04:00:00+00:00,84523.8203125,85408.8125,84492.8515625,85408.8125,7772160
2025-04-13 05:00:00+00:00,84484.6484375,84727.625,84386.4453125,84563.3984375,1954041856
2025-04-13 06:00:00+00:00,84596.1640625,84768.1796875,84460.5625,84489.28125,0
2025-04-13 07:00:00+00:00,84448.8515625,84734.75,84444.5546875,84587.8671875,0
2025-04-13 08:00:00+00:00,84620.796875,84620.796875,84264.90625,84401.25,0
2025-04-13 09:00:00+00:00,84883.3828125,84893.1953125,84507.546875,84642.5703125,0
2025-04-13 10:00:00+00:00,84667.484375,84904.203125,84516.328125,84882.828125,766547968
2025-04-13 11:00:00+00:00,84445.3359375,84705.0,84296.3828125,84671.5234375,128301056
2025-04-13 12:00:00+00:00,84387.2890625,84622.046875,84262.71875,84457.4296875,0
2025-04-13 13:00:00+00:00,83510.0,84535.65625,83492.0390625,84399.5234375,0
2025-04-13 14:00:00+00:00,84047.203125,84069.71875,83541.3125,83541.3125,0
2025-04-13 15:00:00+00:00,83793.859375,84048.328125,83664.1796875,84048.328125,0
2025-04-13 16:00:00+00:00,84220.1875,84302.484375,83803.90625,83803.90625,527046656
2025-04-13 17:00:00+00:00,84791.5703125,84850.1484375,84187.4453125,84207.359375,663627776
2025-04-13 18:00:00+00:00,84683.453125,84912.96875,84526.78125,84753.703125,0
2025-04-13 19:00:00+00:00,83916.5859375,84706.1875,83140.8515625,84706.1875,1381150720
2025-04-13 20:00:00+00:00,83457.8046875,84331.765625,83247.078125,83926.84375,923617280
2025-04-13 21:00:00+00:00,83598.8125,83734.609375,83037.5,83477.5390625,0
2025-04-13 22:00:00+00:00,83304.40625,83741.3671875,83154.5625,83560.4140625,1234771968
2025-04-13 23:00:00+00:00,83702.3515625,83747.453125,83206.0859375,83306.1796875,0
2025-04-14 00:00:00+00:00,84258.5703125,84921.4765625,83706.9453125,83714.0,1344247808
2025-04-14 01:00:00+00:00,84093.171875,84591.5,84076.5234375,84278.7890625,188291072
2025-04-14 02:00:00+00:00,85077.8203125,85436.59375,84030.53125,84190.953125,1059778560
2025-04-14 03:00:00+00:00,84494.984375,85085.3671875,84465.8984375,85085.3671875,771563520
2025-04-14 04:00:00+00:00,84903.890625,85041.1953125,84418.7265625,84533.3125,0
2025-04-14 05:00:00+00:00,84511.09375,84849.0859375,84333.8203125,84849.0859375,0
2025-04-14 06:00:00+00:00,84565.2734375,84595.3515625,84264.40625,84524.1171875,0
2025-04-14 07:00:00+00:00,84559.5859375,84725.046875,84297.390625,84572.8984375,299986944
2025-04-14 08:00:00+00:00,84717.1953125,84855.125,84441.125,84533.75,848865280
2025-04-14 09:00:00+00:00,84421.1875,84863.71875,84254.3671875,84730.421875,154312704
2025-04-14 10:00:00+00:00,84680.015625,84768.9609375,84334.375,84428.375,297322496
2025-04-14 11:00:00+00:00,84902.25,84902.59375,84497.28125,84633.0546875,107350016
2025-04-14 12:00:00+00:00,85057.359375,85176.03125,84765.1171875,84903.578125,157374464
2025-04-14 13:00:00+00:00,84460.9765625,85243.421875,84098.703125,85094.3203125,0
2025-04-14 14:00:00+00:00,85450.1484375,85766.5,84345.4375,84370.6484375,1517629440
2025-04-14 15:00:00+00:00,84114.8125,85423.5078125,83778.3203125,85423.5078125,2166917120
2025-04-14 16:00:00+00:00,84367.96875,84612.4140625,83876.3046875,84089.7578125,83849216
2025-04-14 17:00:00+00:00,84874.984375,84874.984375,84244.8203125,84344.875,0
2025-04-14 18:00:00+00:00,84941.0859375,85023.796875,84750.203125,84852.34375,1044619264
2025-04-14 19:00:00+00:00,84881.8125,85164.6015625,84788.8203125,84958.8359375,0
2025-04-14 20:00:00+00:00,84891.3984375,84910.6328125,84575.5390625,84871.65625,0
2025-04-14 21:00:00+00:00,84709.9296875,84932.6328125,84471.296875,84838.0625,0
2025-04-14 22:00:00+00:00,84491.5703125,84685.1875,84440.9609375,84685.1875,0
2025-04-14 23:00:00+00:00,84518.3515625,84722.859375,84443.1640625,84496.8046875,333803520
2025-04-15 00:00:00+00:00,84813.1171875,84888.4375,84366.171875,84561.34375,414574592
2025-04-15 01:00:00+00:00,84973.4140625,85109.796875,84575.375,84873.8125,0
2025-04-15 02:00:00+00:00,85110.5,85122.3203125,84746.90625,84938.859375,0
2025-04-15 03:00:00+00:00,85353.8046875,85353.8046875,85067.4296875,85247.4453125,0
2025-04-15 04:00:00+00:00,85473.6484375,85488.34375,85154.375,85357.7109375,0
2025-04-15 05:00:00+00:00,85557.0390625,85795.9921875,85465.5390625,85465.5390625,420657152
2025-04-15 06:00:00+00:00,85369.625,85632.21875,85344.5078125,85545.765625,130719744
2025-04-15 07:00:00+00:00,85661.09375,85739.0,85367.34375,85367.34375,541382656
2025-04-15 08:00:00+00:00,85770.78125,85926.4296875,85695.6875,85695.6875,0
2025-04-15 09:00:00+00:00,85940.515625,85940.515625,85622.7734375,85799.6328125,250662912
2025-04-15 10:00:00+00:00,85612.015625,85962.03125,85456.5625,85955.703125,110467072
2025-04-15 11:00:00+00:00,85554.703125,85651.9296875,85385.03125,85630.7109375,0
2025-04-15 12:00:00+00:00,85771.125,85771.125,85461.8359375,85567.8046875,179382272
2025-04-15 13:00:00+00:00,85642.75,86411.9296875,85636.7265625,85796.328125,0
2025-04-15 14:00:00+00:00,85171.9375,85926.1953125,84873.53125,85584.046875,1779957760
2025-04-15 15:00:00+00:00,84793.171875,85367.84375,84646.859375,85152.2421875,0
2025-04-15 16:00:00+00:00,84817.34375,85088.8125,84817.34375,84873.625,0
2025-04-15 17:00:00+00:00,84512.1015625,84991.109375,84456.7578125,84837.578125,0
2025-04-15 18:00:00+00:00,84194.03125,84561.9375,84185.6796875,84483.015625,82735104
2025-04-15 19:00:00+00:00,84010.5234375,84194.7265625,83923.1328125,84192.203125,201334784
2025-04-15 20:00:00+00:00,83947.0703125,84184.0703125,83828.2109375,84000.375,0
2025-04-15 21:00:00+00:00,84188.2578125,84203.8984375,83893.625,84005.515625,0
2025-04-15 22:00:00+00:00,83793.53125,84181.140625,83702.3359375,84181.140625,0
2025-04-15 23:00:00+00:00,83628.125,83833.9375,83606.3515625,83833.9375,1123444736
2025-04-16 00:00:00+00:00,83152.828125,83654.8828125,83152.828125,83617.484375,0
2025-04-16 01:00:00+00:00,83613.2421875,83624.2265625,83145.7109375,83145.7109375,239351808
2025-04-16 02:00:00+00:00,83876.2109375,83876.2421875,83603.3984375,83603.3984375,42477568
2025-04-16 03:00:00+00:00,83704.734375,83924.328125,83665.9921875,83871.34375,0
2025-04-16 04:00:00+00:00,83540.1875,83761.8046875,83426.9609375,83696.3125,0
2025-04-16 05:00:00+00:00,83435.265625,83774.890625,83228.90625,83563.7265625,432144384
2025-04-16 06:00:00+00:00,83655.5390625,83685.7421875,83299.4296875,83363.046875,222099456
2025-04-16 07:00:00+00:00,83325.65625,83715.1953125,83325.65625,83638.5234375,0
2025-04-16 08:00:00+00:00,83662.0546875,84035.0234375,83169.203125,83334.8125,0
2025-04-16 09:00:00+00:00,83608.578125,83871.53125,83608.578125,83733.8515625,933885952
2025-04-16 10:00:00+00:00,83942.8984375,83965.671875,83626.46875,83627.953125,0
2025-04-16 11:00:00+00:00,84029.796875,84106.3046875,83797.3046875,83940.3203125,712536064
2025-04-16 12:00:00+00:00,83770.1796875,84217.9765625,83755.1015625,84025.234375,0
2025-04-16 13:00:00+00:00,83806.1171875,84089.09375,83598.4375,83766.0546875,0
2025-04-16 14:00:00+00:00,84550.8046875,84714.546875,83780.84375,83784.7109375,0
2025-04-16 15:00:00+00:00,84879.2421875,85232.09375,84549.046875,84587.6015625,1359015936
2025-04-16 16:00:00+00:00,85063.453125,85171.3125,84729.046875,84836.3984375,0
2025-04-16 17:00:00+00:00,83360.2109375,85414.34375,83360.2109375,85053.4296875,1304793088
2025-04-16 18:00:00+00:00,84036.1015625,84420.0546875,83314.8515625,83314.8515625,2102308864
2025-04-16 19:00:00+00:00,84382.3984375,84471.5625,83817.171875,84103.2109375,303247360
2025-04-16 20:00:00+00:00,84275.6640625,84618.0078125,84255.0859375,84350.5546875,634488832
2025-04-16 21:00:00+00:00,84572.296875,84665.296875,84267.171875,84293.1171875,0
2025-04-16 22:00:00+00:00,84491.2890625,84581.9375,84311.21875,84548.7578125,306606080
2025-04-16 23:00:00+00:00,84035.1328125,84468.609375,84031.1328125,84468.609375,0
2025-04-17 00:00:00+00:00,84188.328125,84188.328125,83944.1875,84028.8828125,0
2025-04-17 01:00:00+00:00,84307.5078125,84472.234375,84122.4375,84189.6875,0
2025-04-17 02:00:00+00:00,84247.8359375,84309.5859375,84056.4140625,84309.5859375,0
2025-04-17 03:00:00+00:00,83994.875,84273.6640625,83832.2734375,84260.1796875,140847104
2025-04-17 04:00:00+00:00,84140.59375,84160.6015625,83906.1875,83992.5078125,0
2025-04-17 05:00:00+00:00,84381.140625,84459.9765625,84093.375,84159.875,288423936
2025-04-17 06:00:00+00:00,84808.0078125,84808.0078125,84346.015625,84363.625,0
2025-04-17 07:00:00+00:00,84622.6953125,84970.3046875,84602.1015625,84801.1484375,0
2025-04-17 08:00:00+00:00,84433.2890625,84737.1875,84425.7734375,84637.96875,0
2025-04-17 09:00:00+00:00,84462.0703125,84502.765625,84344.1015625,84439.734375,469020672
2025-04-17 10:00:00+00:00,84340.1171875,84482.4765625,84217.328125,84456.1796875,0
2025-04-17 11:00:00+00:00,84553.984375,84705.734375,84267.7578125,84345.828125,568154112
2025-04-17 12:00:00+00:00,84754.7109375,84826.5859375,84540.609375,84540.609375,59475968
2025-04-17 13:00:00+00:00,84406.1875,84754.046875,84344.3828125,84754.046875,0
2025-04-17 14:00:00+00:00,84074.1640625,84437.015625,83798.46875,84437.015625,0
2025-04-17 15:00:00+00:00,84502.734375,84658.421875,84077.8984375,84077.8984375,0
2025-04-17 16:00:00+00:00,84929.8828125,85025.53125,84412.265625,84520.0234375,2637375488
2025-04-17 17:00:00+00:00,85147.125,85190.1328125,84825.4375,84932.6484375,0
2025-04-17 18:00:00+00:00,85098.75,85440.8671875,85070.609375,85113.640625,0
2025-04-17 19:00:00+00:00,84896.4375,85107.8125,84551.8671875,84942.78125,0
2025-04-17 20:00:00+00:00,85121.4921875,85136.15625,84870.2265625,84870.2265625,0
2025-04-17 21:00:00+00:00,85067.6640625,85137.7265625,84902.5078125,85137.7265625,0
2025-04-17 22:00:00+00:00,84750.1171875,85078.625,84749.7578125,85063.0,0
2025-04-17 23:00:00+00:00,84896.9921875,85008.9453125,84748.84375,84748.84375,504631296
2025-04-18 00:00:00+00:00,84772.8984375,85006.5625,84755.0078125,84921.125,516599808
2025-04-18 01:00:00+00:00,84937.5390625,85076.953125,84766.046875,84766.046875,66314240
2025-04-18 02:00:00+00:00,84899.5859375,84972.78125,84820.59375,84930.28125,0
2025-04-18 03:00:00+00:00,84816.9921875,84900.203125,84738.859375,84900.203125,0
2025-04-18 04:00:00+00:00,84670.2578125,84827.1640625,84605.6484375,84823.7890625,0
2025-04-18 05:00:00+00:00,84729.234375,84729.234375,84548.484375,84676.4609375,0
2025-04-18 06:00:00+00:00,84710.984375,84747.1171875,84588.9765625,84727.484375,0
2025-04-18 07:00:00+00:00,84624.2265625,84731.6171875,84443.1640625,84713.921875,0
2025-04-18 08:00:00+00:00,84615.40625,84744.4140625,84610.40625,84624.9296875,0
2025-04-18 09:00:00+00:00,84549.546875,84618.140625,84528.546875,84618.140625,601878528
2025-04-18 10:00:00+00:00,84509.953125,84630.1953125,84488.9140625,84546.3984375,0
2025-04-18 11:00:00+00:00,84607.3125,84607.3125,84482.1171875,84505.3671875,0
2025-04-18 12:00:00+00:00,84648.546875,84732.7421875,84570.0078125,84618.8359375,0
2025-04-18 13:00:00+00:00,84542.7109375,84642.9296875,84473.6796875,84642.9296875,118646784
2025-04-18 14:00:00+00:00,84536.609375,84582.5390625,84413.6875,84550.9609375,0
2025-04-18 15:00:00+00:00,84359.8203125,84574.390625,84340.1328125,84557.28125,0
2025-04-18 16:00:00+00:00,84449.8125,84527.59375,84337.4921875,84365.1171875,0
2025-04-18 17:00:00+00:00,84542.40625,84566.7265625,84380.4765625,84472.9921875,0
2025-04-18 18:00:00+00:00,84593.59375,84615.1953125,84521.0546875,84556.7109375,0
2025-04-18 19:00:00+00:00,84522.2578125,84617.03125,84513.21875,84605.7109375,0
2025-04-18 20:00:00+00:00,84485.375,84606.6328125,84462.734375,84531.703125,0
2025-04-18 21:00:00+00:00,84594.6640625,84646.6484375,84478.5078125,84493.2265625,0
2025-04-18 22:00:00+00:00,84515.984375,84612.6796875,84444.7109375,84588.609375,0
2025-04-18 23:00:00+00:00,84441.7734375,84513.3203125,84350.28125,84513.1796875,0
2025-04-19 00:00:00+00:00,84444.53125,84470.1875,84359.6015625,84450.2890625,0
2025-04-19 01:00:00+00:00,84541.59375,84571.1796875,84437.921875,84441.0390625,0
2025-04-19 02:00:00+00:00,84750.421875,84750.421875,84483.8203125,84536.640625,91801600
2025-04-19 03:00:00+00:00,84887.9453125,84947.4296875,84764.7265625,84764.7265625,301216768
2025-04-19 04:00:00+00:00,85010.046875,85216.96875,84881.1640625,84881.1640625,0
2025-04-19 05:00:00+00:00,85070.671875,85163.5234375,84997.9921875,85012.265625,626525184
2025-04-19 06:00:00+00:00,84933.203125,85091.1875,84897.3984375,85076.703125,77770752
2025-04-19 07:00:00+00:00,85202.8046875,85226.546875,84912.078125,84918.015625,0
2025-04-19 08:00:00+00:00,85297.4453125,85351.390625,85098.9609375,85207.8046875,0
2025-04-19 09:00:00+00:00,85355.8984375,85420.25,85243.1171875,85306.5625,0
2025-04-19 10:00:00+00:00,85229.8828125,85342.53125,85164.6796875,85342.53125,645479424
2025-04-19 11:00:00+00:00,85216.390625,85258.4453125,85150.46875,85241.203125,112775168
2025-04-19 12:00:00+00:00,85289.1875,85304.421875,85194.40625,85202.6171875,0
2025-04-19 13:00:00+00:00,85463.9296875,85463.9296875,85210.7890625,85285.65625,43832320
2025-04-19 14:00:00+00:00,85378.6953125,85469.546875,85349.9921875,85464.7890625,0
2025-04-19 15:00:00+00:00,85185.265625,85571.2109375,85128.34375,85374.2734375,842814464
2025-04-19 16:00:00+00:00,84830.2578125,85307.625,84744.6875,85165.765625,0
2025-04-19 17:00:00+00:00,85210.2734375,85210.2734375,84832.0625,84832.0625,713989120
2025-04-19 18:00:00+00:00,85128.328125,85277.859375,85115.5859375,85199.8359375,0
2025-04-19 19:00:00+00:00,85087.8359375,85164.0859375,85043.7265625,85127.6328125,774542336
2025-04-19 20:00:00+00:00,85200.625,85252.0859375,85039.046875,85080.234375,0
2025-04-19 21:00:00+00:00,85317.46875,85342.21875,85180.328125,85189.7890625,2186240
2025-04-19 22:00:00+00:00,85245.7890625,85341.0390625,85214.6484375,85322.2890625,0
2025-04-19 23:00:00+00:00,85095.8203125,85250.359375,85095.8203125,85245.1953125,0
2025-04-20 00:00:00+00:00,85168.6328125,85204.90625,85052.9453125,85071.359375,148973568
2025-04-20 01:00:00+00:00,85274.5390625,85283.96875,85151.421875,85155.640625,24627200
2025-04-20 02:00:00+00:00,85224.234375,85299.2578125,85201.8671875,85282.515625,0
2025-04-20 03:00:00+00:00,85151.6875,85237.640625,85114.7109375,85223.6875,219079680
2025-04-20 04:00:00+00:00,85175.5859375,85228.3359375,85106.7890625,85165.9765625,0
2025-04-20 05:00:00+00:00,85096.34375,85192.4453125,85096.34375,85177.796875,0
2025-04-20 06:00:00+00:00,84946.890625,85153.703125,84867.546875,85093.234375,0
2025-04-20 07:00:00+00:00,84786.0546875,84951.3359375,84686.4375,84951.3359375,1218136064
2025-04-20 08:00:00+00:00,84642.2734375,84786.9765625,84618.6640625,84786.9765625,0
2025-04-20 09:00:00+00:00,84521.515625,84635.2578125,84470.0859375,84634.4296875,571886592
2025-04-20 10:00:00+00:00,84165.1171875,84536.2421875,84012.21875,84536.2421875,0
2025-04-20 11:00:00+00:00,84126.890625,84229.125,83992.4765625,84169.9921875,945187840
2025-04-20 12:00:00+00:00,84364.5859375,84479.328125,84092.9609375,84131.7265625,343299072
2025-04-20 13:00:00+00:00,84366.5546875,84438.171875,84187.796875,84359.0234375,0
2025-04-20 14:00:00+00:00,84633.2421875,84633.2421875,84277.390625,84348.0546875,848567296
2025-04-20 15:00:00+00:00,84359.3671875,84627.8671875,84317.1796875,84627.8671875,0
2025-04-20 16:00:00+00:00,84606.5,84606.5,84312.9375,84354.2578125,0
2025-04-20 17:00:00+00:00,84568.921875,84614.6875,84458.6328125,84614.6875,0
2025-04-20 18:00:00+00:00,84573.3984375,84623.734375,84485.9375,84576.703125,0
2025-04-20 19:00:00+00:00,84644.1953125,84649.34375,84525.1875,84574.4921875,0
2025-04-20 20:00:00+00:00,85047.109375,85181.203125,84593.59375,84640.171875,666427392
2025-04-20 21:00:00+00:00,84994.2421875,85138.2421875,84934.984375,85081.6328125,916228096
2025-04-20 22:00:00+00:00,84817.9296875,85002.0703125,84685.4921875,85002.0703125,295222272
2025-04-20 23:00:00+00:00,85125.859375,85240.953125,84826.0078125,84826.0078125,472529920
2025-04-21 00:00:00+00:00,86634.2890625,86960.59375,85147.6171875,85169.609375,4144832512
2025-04-21 01:00:00+00:00,87289.03125,87388.21875,86553.3515625,86553.3515625,2901684224
2025-04-21 02:00:00+00:00,87361.0234375,87578.109375,87133.515625,87291.078125,1827758080
2025-04-21 03:00:00+00:00,87203.0546875,87509.484375,87203.0546875,87349.9375,173686784
2025-04-21 04:00:00+00:00,87332.1875,87338.203125,87051.28125,87189.5234375,928325632
2025-04-21 05:00:00+00:00,87541.4921875,87668.796875,87337.3203125,87346.6015625,743616512
2025-04-21 06:00:00+00:00,87496.5859375,87609.46875,87366.0703125,87547.3984375,1097879552
2025-04-21 07:00:00+00:00,87435.6796875,87575.2734375,87353.1484375,87501.4921875,0
2025-04-21 08:00:00+00:00,87595.40625,87678.3515625,87427.734375,87436.1953125,947099648
2025-04-21 09:00:00+00:00,87493.8125,87712.421875,87291.625,87583.5625,0
2025-04-21 10:00:00+00:00,87355.2578125,87529.890625,87254.4921875,87501.734375,221310976
2025-04-21 11:00:00+00:00,86966.71875,87349.5859375,86682.2578125,87349.5859375,1090789376
2025-04-21 12:00:00+00:00,87066.625,87414.7734375,86978.625,86978.625,0
2025-04-21 13:00:00+00:00,87080.609375,87503.8984375,86809.3046875,87041.4765625,1398519808
2025-04-21 14:00:00+00:00,88168.6015625,88425.1015625,86970.9375,87063.6640625,4841220096
2025-04-21 15:00:00+00:00,88072.875,88320.6640625,87915.1015625,88232.0625,1249261568
2025-04-21 16:00:00+00:00,87082.0625,88254.21875,87082.0625,88080.3671875,1271525376
2025-04-21 17:00:00+00:00,86798.7890625,87288.5859375,86410.5859375,87146.6015625,2301939712
2025-04-21 18:00:00+00:00,86825.546875,87011.9140625,86701.4375,86755.734375,1877413888
2025-04-21 19:00:00+00:00,87380.0625,87462.5859375,86743.71875,86806.6484375,1384026112
2025-04-21 20:00:00+00:00,87254.2890625,87429.9921875,87159.0078125,87429.9921875,0
2025-04-21 21:00:00+00:00,87295.8515625,87328.1953125,87047.1953125,87279.25,315998208
2025-04-21 22:00:00+00:00,87130.3515625,87280.03125,86968.1171875,87280.03125,808951808
2025-04-21 23:00:00+00:00,87519.1328125,87567.34375,87058.796875,87147.203125,0
2025-04-22 00:00:00+00:00,87596.9296875,87648.8203125,87084.53125,87514.0078125,355831808
2025-04-22 01:00:00+00:00,88420.2265625,88821.46875,87542.6875,87649.3046875,0
2025-04-22 02:00:00+00:00,88144.65625,88622.890625,87934.453125,88426.890625,0
2025-04-22 03:00:00+00:00,88116.859375,88253.6484375,87861.1640625,88148.6328125,775372800
2025-04-22 04:00:00+00:00,88051.453125,88318.5546875,88051.453125,88137.03125,0
2025-04-22 05:00:00+00:00,88380.6953125,88380.6953125,87974.03125,88055.7578125,0
2025-04-22 06:00:00+00:00,88183.6953125,88430.359375,88010.7421875,88380.15625,662061056
2025-04-22 07:00:00+00:00,88456.234375,88456.234375,88171.21875,88226.421875,0
2025-04-22 08:00:00+00:00,88398.9296875,88644.3203125,88338.6640625,88445.25,389640192
2025-04-22 09:00:00+00:00,88511.1328125,88582.84375,88339.1953125,88398.9453125,180277248
2025-04-22 10:00:00+00:00,88530.015625,88575.4140625,88282.71875,88533.1484375,0
2025-04-22 11:00:00+00:00,88618.6015625,88674.625,88498.6640625,88520.421875,0
2025-04-22 12:00:00+00:00,89049.6171875,89152.578125,88520.6875,88615.65625,0
2025-04-22 13:00:00+00:00,90104.265625,90468.25,89001.1875,89001.1875,3978575872
2025-04-22 14:00:00+00:00,90839.109375,90887.609375,90107.15625,90222.7578125,57794560
2025-04-22 15:00:00+00:00,90849.25,91447.1953125,90467.1796875,90823.390625,3445551104
2025-04-22 16:00:00+00:00,90711.4453125,91059.859375,90711.4453125,90941.265625,675151872
2025-04-22 17:00:00+00:00,91491.8671875,91491.8671875,90736.3359375,90736.3359375,0
2025-04-22 18:00:00+00:00,91533.453125,91598.1640625,91204.25,91485.9921875,201285632
2025-04-22 19:00:00+00:00,91399.7265625,91731.078125,91134.796875,91556.8671875,0
2025-04-22 20:00:00+00:00,91145.7890625,91557.03125,91117.15625,91529.0859375,2122764288
2025-04-22 21:00:00+00:00,92927.2421875,93461.0703125,91136.859375,91164.3515625,3004043264
2025-04-22 22:00:00+00:00,92836.296875,93257.328125,92628.8671875,93026.1015625,3869949952
2025-04-22 23:00:00+00:00,93477.8984375,93784.2265625,92859.3359375,92859.3359375,2679369728
2025-04-23 00:00:00+00:00,92886.90625,93819.9296875,92863.21875,93466.1171875,633970688
2025-04-23 01:00:00+00:00,92651.6796875,93449.265625,92651.6796875,92905.859375,0
2025-04-23 02:00:00+00:00,92897.2109375,93159.484375,92671.671875,92678.5234375,1532350464
2025-04-23 03:00:00+00:00,93178.5546875,93178.5546875,92729.046875,92895.7890625,0
2025-04-23 04:00:00+00:00,93665.3984375,93665.3984375,93057.828125,93181.4921875,0
2025-04-23 05:00:00+00:00,93493.8203125,93697.5234375,93330.6640625,93697.5234375,405245952
2025-04-23 06:00:00+00:00,93719.34375,93871.8359375,93455.484375,93503.375,978489344
2025-04-23 07:00:00+00:00,93890.5859375,93896.5,93519.1171875,93645.515625,0
2025-04-23 08:00:00+00:00,94301.21875,94430.40625,93945.40625,94146.890625,1851207680
2025-04-23 09:00:00+00:00,93950.1796875,94374.9375,93950.1796875,94302.34375,0
2025-04-23 10:00:00+00:00,93725.96875,93923.9765625,93428.984375,93923.9765625,1343631360
2025-04-23 11:00:00+00:00,93437.2578125,93793.6796875,93376.546875,93740.8828125,773607424
2025-04-23 12:00:00+00:00,93787.5390625,93864.828125,93484.953125,93484.953125,0
2025-04-23 13:00:00+00:00,93019.703125,94171.859375,93019.703125,93747.9296875,0
2025-04-23 14:00:00+00:00,92952.6171875,93595.1484375,92746.1328125,92970.96875,0
2025-04-23 15:00:00+00:00,93091.9609375,93096.875,91973.3203125,92970.296875,0
2025-04-23 16:00:00+00:00,93665.234375,93724.40625,92940.2734375,93212.34375,921776128
2025-04-23 17:00:00+00:00,93922.234375,93922.234375,93639.484375,93663.6875,0
2025-04-23 18:00:00+00:00,93701.7421875,94206.046875,93666.6171875,93914.2734375,0
2025-04-23 19:00:00+00:00,93603.5390625,93647.6484375,93021.875,93647.6484375,0
2025-04-23 20:00:00+00:00,93748.8203125,93891.421875,93559.171875,93559.171875,0
2025-04-23 21:00:00+00:00,93422.515625,93904.4609375,93378.265625,93712.1640625,0
2025-04-23 22:00:00+00:00,93786.234375,93786.234375,93299.296875,93510.09375,0
2025-04-23 23:00:00+00:00,93663.7890625,93853.9609375,93556.125,93799.71875,0
2025-04-24 00:00:00+00:00,93409.5703125,93801.390625,93320.3984375,93703.2578125,0
2025-04-24 01:00:00+00:00,93620.328125,93620.328125,93134.375,93412.203125,0
2025-04-24 02:00:00+00:00,93132.78125,93624.21875,93089.6328125,93553.359375,0
2025-04-24 03:00:00+00:00,92711.703125,93305.3671875,92711.703125,93132.296875,175923200
2025-04-24 04:00:00+00:00,92765.75,92784.234375,92408.5078125,92695.515625,348495872
2025-04-24 05:00:00+00:00,92603.7265625,92904.515625,92576.046875,92769.15625,0
2025-04-24 06:00:00+00:00,92354.203125,92667.53125,92294.21875,92594.8125,0
2025-04-24 07:00:00+00:00,92212.96875,92592.96875,92144.90625,92424.7890625,503259136
2025-04-24 08:00:00+00:00,92018.9453125,92353.828125,91719.390625,92213.8828125,0
2025-04-24 09:00:00+00:00,92464.171875,92521.3359375,92046.375,92046.375,938668032
2025-04-24 10:00:00+00:00,92631.1640625,92648.6640625,92409.578125,92479.0703125,0
2025-04-24 11:00:00+00:00,92606.1640625,92636.421875,92300.9375,92583.484375,0
2025-04-24 12:00:00+00:00,92755.1015625,92776.4296875,92462.625,92619.4609375,1454600192
2025-04-24 13:00:00+00:00,92711.296875,92950.328125,92606.6328125,92774.2421875,0
2025-04-24 14:00:00+00:00,93094.2578125,93390.4609375,92695.875,92844.6640625,0
2025-04-24 15:00:00+00:00,93279.3828125,93420.6484375,93065.2890625,93099.2578125,0
2025-04-24 16:00:00+00:00,93498.359375,93611.4453125,93244.96875,93244.96875,0
2025-04-24 17:00:00+00:00,93019.109375,93431.3515625,92741.8046875,93388.9609375,0
2025-04-24 18:00:00+00:00,93411.21875,93471.484375,93027.5390625,93027.5390625,0
2025-04-24 19:00:00+00:00,93678.234375,93684.5078125,93244.1328125,93407.2890625,0
2025-04-24 20:00:00+00:00,93498.4609375,93625.890625,93368.3828125,93621.09375,0
2025-04-24 21:00:00+00:00,93380.34375,93589.3515625,93093.734375,93483.4140625,0
2025-04-24 22:00:00+00:00,93450.4296875,93618.09375,93341.6484375,93387.609375,448151552
2025-04-24 23:00:00+00:00,93907.7734375,94006.1796875,93423.359375,93458.0078125,855492608
2025-04-25 00:00:00+00:00,93926.9609375,93986.8828125,93605.8984375,93986.8828125,454422528
2025-04-25 01:00:00+00:00,93695.921875,94430.8828125,93680.6015625,93930.09375,242497536
2025-04-25 02:00:00+00:00,93008.40625,93870.7265625,92936.1796875,93709.8359375,477200384
2025-04-25 03:00:00+00:00,93310.953125,93401.140625,92901.4609375,93004.625,645216256
2025-04-25 04:00:00+00:00,93114.1484375,93527.546875,93095.4453125,93327.1328125,0
2025-04-25 05:00:00+00:00,93258.796875,93429.7734375,93069.3359375,93104.875,795287552
2025-04-25 06:00:00+00:00,93579.421875,93626.9140625,93238.6640625,93238.6640625,0
2025-04-25 07:00:00+00:00,93797.2109375,93854.3125,93530.3671875,93580.1328125,639121408
2025-04-25 08:00:00+00:00,93720.84375,93834.8203125,93670.0859375,93803.5078125,0
2025-04-25 09:00:00+00:00,93845.625,93863.8359375,93593.328125,93704.8046875,0
2025-04-25 10:00:00+00:00,93672.3984375,93931.4609375,93640.0078125,93867.5546875,120262656
2025-04-25 11:00:00+00:00,94618.296875,94618.296875,93669.609375,93669.609375,0
2025-04-25 12:00:00+00:00,94498.078125,95000.6875,94458.7578125,94773.7421875,3431788544
2025-04-25 13:00:00+00:00,94497.0625,94655.9296875,94044.9296875,94457.484375,1048172544
2025-04-25 14:00:00+00:00,95521.484375,95757.453125,94474.1796875,94474.1796875,3054592000
2025-04-25 15:00:00+00:00,95161.7734375,95704.140625,94955.6015625,95437.359375,1663479808
2025-04-25 16:00:00+00:00,95290.9609375,95414.6953125,94822.84375,95141.4375,797958144
2025-04-25 17:00:00+00:00,94567.2265625,95580.46875,94452.953125,95288.1796875,0
2025-04-25 18:00:00+00:00,95025.109375,95266.65625,94617.7421875,94617.7421875,1144881152
2025-04-25 19:00:00+00:00,95300.015625,95306.6015625,94974.3828125,95018.9375,336109568
2025-04-25 20:00:00+00:00,94968.8125,95386.6796875,94862.046875,95355.859375,131792896
2025-04-25 21:00:00+00:00,94571.046875,95098.875,94571.046875,94899.109375,0
2025-04-25 22:00:00+00:00,94912.234375,95016.203125,94680.5703125,94680.5703125,1380315136
2025-04-25 23:00:00+00:00,94736.796875,95002.5703125,94684.015625,94911.984375,0
2025-04-26 00:00:00+00:00,94942.0234375,94949.015625,94630.8359375,94708.265625,0
2025-04-26 01:00:00+00:00,95058.375,95251.359375,94831.3671875,94945.3125,0
2025-04-26 02:00:00+00:00,95090.9765625,95148.84375,94775.8515625,95067.5703125,0
2025-04-26 03:00:00+00:00,94787.9765625,95086.3203125,94764.5390625,95052.046875,0
2025-04-26 04:00:00+00:00,94573.6875,94850.09375,94573.6875,94788.390625,0
2025-04-26 05:00:00+00:00,94693.0625,94727.4296875,94495.53125,94613.890625,569225216
2025-04-26 06:00:00+00:00,94685.0234375,94783.9453125,94637.984375,94672.5078125,0
2025-04-26 07:00:00+00:00,94683.5546875,94818.4609375,94675.515625,94675.515625,0
2025-04-26 08:00:00+00:00,94379.0,94698.75,94339.4140625,94649.5625,0
2025-04-26 09:00:00+00:00,94291.875,94446.875,94182.9921875,94361.109375,0
2025-04-26 10:00:00+00:00,94280.3515625,94417.4375,94227.6953125,94310.671875,244834304
2025-04-26 11:00:00+00:00,94195.65625,94278.5078125,94067.3984375,94226.1171875,0
2025-04-26 12:00:00+00:00,94281.1171875,94342.9921875,94169.0859375,94178.5,0
2025-04-26 13:00:00+00:00,94073.578125,94339.7109375,93948.1640625,94256.828125,0
2025-04-26 14:00:00+00:00,94284.2109375,94288.296875,93986.71875,94182.78125,0
2025-04-26 15:00:00+00:00,94417.96875,94428.4609375,94233.1640625,94278.484375,0
2025-04-26 16:00:00+00:00,94324.7578125,94406.25,94146.6640625,94406.25,0
2025-04-26 17:00:00+00:00,94349.1875,94387.4609375,94296.6796875,94325.8125,0
2025-04-26 18:00:00+00:00,94206.078125,94394.53125,94206.078125,94330.0859375,0
2025-04-26 19:00:00+00:00,94277.0546875,94315.0390625,94168.546875,94208.59375,0
2025-04-26 20:00:00+00:00,94200.515625,94410.7890625,94197.6875,94351.9453125,33579008
2025-04-26 21:00:00+00:00,94370.5390625,94389.296875,94146.0703125,94146.0703125,0
2025-04-26 22:00:00+00:00,94702.5390625,94819.5546875,94385.0703125,94385.0703125,0
2025-04-26 23:00:00+00:00,94665.6484375,94886.15625,94621.8984375,94809.84375,730867712
2025-04-27 00:00:00+00:00,94932.5,95008.3671875,94634.1875,94662.34375,0
2025-04-27 01:00:00+00:00,94179.9140625,95296.8828125,94179.9140625,94911.75,774244352
2025-04-27 02:00:00+00:00,94346.5703125,94501.7578125,94175.0234375,94185.9921875,279273472
2025-04-27 03:00:00+00:00,94188.0390625,94472.0859375,94188.0390625,94364.1796875,771012608
2025-04-27 04:00:00+00:00,94085.421875,94305.2265625,94085.421875,94189.2109375,0
2025-04-27 05:00:00+00:00,93936.7890625,94156.90625,93794.0234375,94050.1953125,1145749504
2025-04-27 06:00:00+00:00,94042.9375,94123.7734375,93926.40625,93965.5625,74106880
2025-04-27 07:00:00+00:00,94105.1015625,94167.3125,93986.890625,94064.8359375,54779904
2025-04-27 08:00:00+00:00,94249.9765625,94340.671875,94053.6875,94105.0390625,0
2025-04-27 09:00:00+00:00,94195.0,94251.515625,94143.6328125,94246.203125,0
2025-04-27 10:00:00+00:00,94042.4765625,94203.8515625,93997.1875,94185.0234375,0
2025-04-27 11:00:00+00:00,93996.9375,94097.3828125,93925.09375,94080.8984375,0
2025-04-27 12:00:00+00:00,93812.4453125,93978.5390625,93759.625,93978.5390625,53420032
2025-04-27 13:00:00+00:00,94103.015625,94103.015625,93670.03125,93781.046875,43999232
2025-04-27 14:00:00+00:00,94002.5625,94190.8125,94002.5625,94107.3984375,0
2025-04-27 15:00:00+00:00,93959.15625,94028.828125,93848.8046875,94019.8359375,583060480
2025-04-27 16:00:00+00:00,93801.2265625,93961.875,93799.65625,93952.890625,0
2025-04-27 17:00:00+00:00,94089.171875,94170.328125,93854.8203125,93907.8125,318783488
2025-04-27 18:00:00+00:00,94317.4765625,94406.6953125,94045.40625,94076.546875,185905152
2025-04-27 19:00:00+00:00,94436.8125,94450.5,94267.265625,94310.8125,11956224
2025-04-27 20:00:00+00:00,94340.15625,94458.4140625,94305.203125,94458.4140625,0
2025-04-27 21:00:00+00:00,94400.078125,94519.9453125,94226.59375,94298.5390625,0
2025-04-27 22:00:00+00:00,93987.5,94305.0078125,93738.1796875,94305.0078125,93773824
2025-04-27 23:00:00+00:00,93817.1484375,93899.3046875,93728.6640625,93899.3046875,673417216
2025-04-28 00:00:00+00:00,93453.4453125,93769.6796875,93383.8046875,93767.9921875,0
2025-04-28 01:00:00+00:00,92955.2578125,93607.7265625,92879.1484375,93452.734375,0
2025-04-28 02:00:00+00:00,93606.5,93633.4921875,92962.8671875,92962.8671875,463902720
2025-04-28 03:00:00+00:00,93895.171875,93945.2109375,93534.6015625,93631.3125,1205929984
2025-04-28 04:00:00+00:00,94037.5390625,94203.8203125,93874.1640625,93874.1640625,650313728
2025-04-28 05:00:00+00:00,94260.28125,94284.09375,94028.59375,94057.9921875,30525440
2025-04-28 06:00:00+00:00,94636.71875,94666.28125,94253.1640625,94253.1640625,57399296
2025-04-28 07:00:00+00:00,94730.0,94799.3828125,94541.546875,94665.796875,810700800
2025-04-28 08:00:00+00:00,94719.8203125,94852.7734375,94670.5859375,94727.765625,189253632
2025-04-28 09:00:00+00:00,94766.0546875,94900.8828125,94710.5625,94738.53125,0
2025-04-28 10:00:00+00:00,95083.2421875,95238.5703125,94397.8359375,94777.6171875,478660608
2025-04-28 11:00:00+00:00,95274.96875,95555.1171875,95050.9765625,95086.0,2773721088
2025-04-28 12:00:00+00:00,95406.7734375,95589.984375,95123.1875,95314.6875,1281503232
2025-04-28 13:00:00+00:00,94109.7890625,95414.359375,94109.7890625,95372.0234375,1882933248
2025-04-28 14:00:00+00:00,94440.3046875,94863.09375,94000.96875,94000.96875,1767729152
2025-04-28 15:00:00+00:00,93787.671875,94539.828125,93680.640625,94491.453125,1934039040
2025-04-28 16:00:00+00:00,93721.5078125,94066.4296875,93523.8671875,93849.6328125,0
2025-04-28 17:00:00+00:00,94114.921875,94114.921875,93582.7265625,93775.1171875,294227968
2025-04-28 18:00:00+00:00,94239.5390625,94249.4375,93841.8828125,94128.53125,244518912
2025-04-28 19:00:00+00:00,94834.171875,94937.609375,94237.09375,94237.09375,1685499904
2025-04-28 20:00:00+00:00,94516.515625,94828.6015625,94438.0859375,94828.6015625,0
2025-04-28 21:00:00+00:00,94542.0625,94567.4765625,94325.515625,94496.3828125,0
2025-04-28 22:00:00+00:00,94852.4921875,94902.046875,94510.265625,94557.9140625,0
2025-04-28 23:00:00+00:00,95011.09375,95189.1484375,94845.078125,94845.078125,1202501632
2025-04-29 00:00:00+00:00,95065.8125,95217.2421875,94882.5,95048.90625,393263104
2025-04-29 01:00:00+00:00,94989.7578125,95440.0,94850.4375,95090.3125,0
2025-04-29 02:00:00+00:00,94667.6953125,94953.4609375,94569.8359375,94915.6875,0
2025-04-29 03:00:00+00:00,94695.6484375,94810.2734375,94524.2578125,94654.765625,450531328
2025-04-29 04:00:00+00:00,94361.671875,94895.1640625,94361.671875,94691.2734375,0
2025-04-29 05:00:00+00:00,94310.875,94418.15625,94248.984375,94384.15625,1422194688
2025-04-29 06:00:00+00:00,94833.59375,94833.59375,94306.0234375,94306.0234375,0
2025-04-29 07:00:00+00:00,94963.578125,94995.53125,94749.015625,94825.046875,451168256
2025-04-29 08:00:00+00:00,95033.21875,95113.140625,94864.5703125,94957.8125,0
2025-04-29 09:00:00+00:00,95026.375,95093.875,94840.1953125,95055.0078125,369389568
2025-04-29 10:00:00+00:00,94832.484375,95050.6953125,94813.2578125,95013.7890625,0
2025-04-29 11:00:00+00:00,95171.171875,95282.4609375,94837.015625,94837.015625,0
2025-04-29 12:00:00+00:00,94853.2890625,95185.0703125,94838.5625,95157.625,0
2025-04-29 13:00:00+00:00,94962.2734375,95005.671875,94672.328125,94840.953125,0
2025-04-29 14:00:00+00:00,95083.453125,95242.609375,94656.3515625,94871.1953125,0
2025-04-29 15:00:00+00:00,94846.7890625,95120.34375,94793.078125,95072.375,20088832
2025-04-29 16:00:00+00:00,95004.3046875,95466.671875,94852.875,94865.2265625,0
2025-04-29 17:00:00+00:00,95308.46875,95369.5546875,94746.078125,94995.859375,539021312
2025-04-29 18:00:00+00:00,95433.9609375,95471.6171875,95137.921875,95253.3515625,1212116992
2025-04-29 19:00:00+00:00,95372.0625,95456.4453125,95266.8515625,95433.46875,0
2025-04-29 20:00:00+00:00,94874.9375,95397.484375,94859.625,95339.4140625,93511680
2025-04-29 21:00:00+00:00,94780.7109375,94945.8359375,94442.84375,94869.65625,0
2025-04-29 22:00:00+00:00,94217.5390625,94771.734375,94109.109375,94771.734375,2809931776
2025-04-29 23:00:00+00:00,94287.4375,94310.890625,93821.1015625,94190.4296875,0
2025-04-30 00:00:00+00:00,94496.8671875,94643.6015625,94200.046875,94272.21875,2191984640
2025-04-30 01:00:00+00:00,94544.484375,94621.8671875,94316.6171875,94573.8359375,0
2025-04-30 02:00:00+00:00,94657.359375,94785.890625,94477.4921875,94549.171875,0
2025-04-30 03:00:00+00:00,95023.671875,95139.015625,94548.265625,94669.6484375,0
2025-04-30 04:00:00+00:00,95065.859375,95127.7265625,94909.5390625,95036.8046875,32352256
2025-04-30 05:00:00+00:00,94913.0859375,95109.4609375,94913.0859375,95072.0703125,0
2025-04-30 06:00:00+00:00,94779.71875,94977.5859375,94776.671875,94913.3984375,0
2025-04-30 07:00:00+00:00,94621.2578125,94895.8125,94550.1953125,94772.6875,763893760
2025-04-30 08:00:00+00:00,94725.25,94777.6328125,94569.4375,94635.9140625,0
2025-04-30 09:00:00+00:00,94989.515625,95022.2578125,94698.9609375,94742.1875,0
2025-04-30 10:00:00+00:00,94950.9140625,95041.1875,94903.3125,94987.8046875,0
2025-04-30 11:00:00+00:00,95223.5390625,95223.5390625,94962.328125,94962.328125,0
2025-04-30 12:00:00+00:00,94641.78125,95213.5625,94428.9375,95208.84375,1145589760
2025-04-30 13:00:00+00:00,93088.8203125,94658.65625,93088.8203125,94627.171875,0
2025-04-30 14:00:00+00:00,93829.0859375,94317.6171875,93036.0859375,93076.7421875,4305496064
2025-04-30 15:00:00+00:00,94036.4453125,94085.484375,93727.8203125,93775.4921875,491864064
2025-04-30 16:00:00+00:00,93956.8671875,94133.78125,93629.6484375,94021.3515625,10967040
2025-04-30 17:00:00+00:00,94110.4765625,94272.859375,93786.4609375,94003.3984375,0
2025-04-30 18:00:00+00:00,94103.2109375,94447.7109375,94047.625,94111.8125,0
2025-04-30 19:00:00+00:00,94237.2421875,94237.2421875,93769.265625,94138.515625,0
2025-04-30 20:00:00+00:00,94653.3671875,94721.5390625,94168.609375,94168.609375,1064081408
2025-04-30 21:00:00+00:00,94419.125,94733.9609375,94419.125,94595.0078125,0
2025-04-30 22:00:00+00:00,94120.5546875,94700.2734375,94105.4453125,94547.0078125,0
2025-04-30 23:00:00+00:00,94201.046875,94336.9765625,94030.8515625,94156.6875,0
2025-05-01 00:00:00+00:00,94372.2890625,94386.59375,94169.390625,94169.390625,0
2025-05-01 01:00:00+00:00,94610.8203125,94709.96875,94422.2734375,94422.2734375,0
2025-05-01 02:00:00+00:00,94833.171875,94972.9453125,94656.109375,94656.109375,318189568
2025-05-01 03:00:00+00:00,94788.671875,94985.359375,94723.9140625,94845.234375,1298710528
2025-05-01 04:00:00+00:00,94882.953125,94915.859375,94755.6640625,94782.890625,0
2025-05-01 05:00:00+00:00,95156.1796875,95158.765625,94875.5390625,94886.578125,0
2025-05-01 06:00:00+00:00,94888.28125,95187.2109375,94846.109375,95148.7890625,831299584
2025-05-01 07:00:00+00:00,95050.1484375,95114.9375,94847.0625,94884.1796875,0
2025-05-01 08:00:00+00:00,95212.5078125,95212.5078125,94943.921875,95041.78125,0
2025-05-01 09:00:00+00:00,95627.0625,95771.9765625,95156.90625,95201.2109375,1564506112
2025-05-01 10:00:00+00:00,96192.140625,96319.4609375,95640.25,95646.5078125,1890936832
2025-05-01 11:00:00+00:00,96214.0,96270.078125,95878.265625,96240.8828125,0
2025-05-01 12:00:00+00:00,96388.3984375,96455.921875,96160.46875,96213.5546875,546856960
2025-05-01 13:00:00+00:00,95895.8671875,96660.6484375,95895.8671875,96394.5859375,0
2025-05-01 14:00:00+00:00,96862.9609375,96862.9609375,95895.921875,95895.921875,413958144
2025-05-01 15:00:00+00:00,96926.359375,97348.703125,96867.328125,96911.3828125,1655232512
2025-05-01 16:00:00+00:00,97106.921875,97386.546875,96912.953125,96912.953125,168146944
2025-05-01 17:00:00+00:00,96807.9453125,97246.046875,96599.5859375,97066.0859375,515270656
2025-05-01 18:00:00+00:00,96891.0390625,96956.546875,96494.4921875,96817.8046875,153153536
2025-05-01 19:00:00+00:00,96538.296875,96858.3125,96494.0234375,96858.3125,372398080
2025-05-01 20:00:00+00:00,96457.734375,96886.7578125,96404.1640625,96546.3515625,224720896
2025-05-01 21:00:00+00:00,96523.4296875,96798.234375,96484.1953125,96484.1953125,595597312
2025-05-01 22:00:00+00:00,96399.59375,96651.453125,96399.59375,96505.375,0
2025-05-01 23:00:00+00:00,96489.25,96499.1015625,96242.7421875,96407.3203125,0
2025-05-02 00:00:00+00:00,97038.0078125,97038.0078125,96491.53125,96491.53125,0
2025-05-02 01:00:00+00:00,97018.6171875,97155.578125,96827.28125,97054.09375,180967424
2025-05-02 02:00:00+00:00,96996.3515625,97038.4296875,96758.8203125,96992.4140625,504676352
2025-05-02 03:00:00+00:00,97134.0234375,97235.8984375,96982.2578125,96982.2578125,0
2025-05-02 04:00:00+00:00,96959.6328125,97251.46875,96917.4921875,97125.703125,302354432
2025-05-02 05:00:00+00:00,96720.578125,97009.0703125,96672.0,96936.5390625,0
2025-05-02 06:00:00+00:00,96714.0546875,96881.140625,96633.40625,96720.9375,741076992
2025-05-02 07:00:00+00:00,96419.15625,96746.6640625,96390.5625,96724.0390625,719659008
2025-05-02 08:00:00+00:00,96639.6796875,96769.1640625,96381.7890625,96381.7890625,0
2025-05-02 09:00:00+00:00,96660.8046875,96787.203125,96538.09375,96652.890625,0
2025-05-02 10:00:00+00:00,96871.328125,96930.453125,96621.546875,96621.546875,0
2025-05-02 11:00:00+00:00,96969.28125,97070.1953125,96896.6953125,96896.6953125,0
2025-05-02 12:00:00+00:00,97179.1171875,97186.0625,96723.515625,96956.03125,0
2025-05-02 13:00:00+00:00,96776.296875,97214.0859375,96772.8203125,97200.2421875,0
2025-05-02 14:00:00+00:00,97788.7265625,97844.90625,96786.734375,96786.734375,0
2025-05-02 15:00:00+00:00,97394.171875,97888.984375,97157.140625,97811.7265625,0
2025-05-02 16:00:00+00:00,97398.4140625,97804.046875,97365.796875,97365.796875,0
2025-05-02 17:00:00+00:00,97458.578125,97458.578125,97148.1171875,97407.0703125,0
2025-05-02 18:00:00+00:00,97212.9375,97630.15625,97212.9375,97454.7421875,0
2025-05-02 19:00:00+00:00,96983.0703125,97209.8828125,96806.9375,97189.6328125,22476800
2025-05-02 20:00:00+00:00,97043.5,97157.296875,96927.4921875,96953.3125,0
2025-05-02 21:00:00+00:00,96804.671875,97075.7890625,96604.578125,97055.03125,0
2025-05-02 22:00:00+00:00,96661.3515625,96786.6640625,96614.6875,96760.2734375,317116416
2025-05-02 23:00:00+00:00,96895.5625,96895.5625,96640.09375,96668.2421875,0
2025-05-03 00:00:00+00:00,96707.8046875,96933.765625,96670.1875,96917.78125,10479616
2025-05-03 01:00:00+00:00,96499.8984375,96748.0234375,96476.4140625,96714.21875,0
2025-05-03 02:00:00+00:00,96573.4765625,96728.21875,96507.109375,96507.109375,0
2025-05-03 03:00:00+00:00,96389.1328125,96559.90625,96353.7890625,96559.90625,139544576
2025-05-03 04:00:00+00:00,96534.84375,96589.625,96372.890625,96372.890625,0
2025-05-03 05:00:00+00:00,96478.234375,96617.84375,96444.921875,96536.765625,0
2025-05-03 06:00:00+00:00,96235.0390625,96463.90625,96201.8828125,96463.90625,0
2025-05-03 07:00:00+00:00,96375.796875,96417.0703125,96212.578125,96212.578125,0
2025-05-03 08:00:00+00:00,96328.59375,96439.5546875,96185.625,96342.9765625,0
2025-05-03 09:00:00+00:00,96266.0546875,96421.96875,96250.5390625,96337.3046875,0
2025-05-03 10:00:00+00:00,95914.9375,96275.7890625,95914.9375,96264.3671875,389076992
2025-05-03 11:00:00+00:00,95955.53125,96092.7265625,95929.296875,95929.296875,0
2025-05-03 12:00:00+00:00,96145.0,96175.46875,95926.7890625,95961.5390625,0
2025-05-03 13:00:00+00:00,96321.046875,96328.5546875,96150.8359375,96169.59375,0
2025-05-03 14:00:00+00:00,96389.71875,96425.796875,96326.5,96362.375,0
2025-05-03 15:00:00+00:00,96442.15625,96523.9609375,96360.21875,96402.0390625,0
2025-05-03 16:00:00+00:00,96237.7265625,96442.59375,96157.5234375,96435.0078125,0
2025-05-03 17:00:00+00:00,96208.140625,96238.9453125,95954.5,96238.9453125,0
2025-05-03 18:00:00+00:00,96151.65625,96282.25,96126.359375,96221.6875,77124608
2025-05-03 19:00:00+00:00,96383.1953125,96383.1953125,96168.203125,96168.203125,0
2025-05-03 20:00:00+00:00,96345.0078125,96415.3203125,96310.265625,96376.796875,351210496
2025-05-03 21:00:00+00:00,96282.5,96434.0,96282.5,96366.1015625,0
2025-05-03 22:00:00+00:00,96201.0703125,96338.1796875,96201.0703125,96302.6328125,0
2025-05-03 23:00:00+00:00,95881.328125,96199.03125,95835.59375,96199.03125,299040768
2025-05-04 00:00:00+00:00,95897.765625,96044.15625,95810.4140625,95853.4921875,0
2025-05-04 01:00:00+00:00,96127.5390625,96127.5390625,95664.4765625,95901.3671875,0
2025-05-04 02:00:00+00:00,95926.15625,96290.4140625,95872.0,96125.0546875,1080810496
2025-05-04 03:00:00+00:00,95811.625,95919.0390625,95710.6796875,95919.0390625,0
2025-05-04 04:00:00+00:00,95760.765625,95948.5703125,95755.84375,95765.6328125,0
2025-05-04 05:00:00+00:00,96061.7265625,96144.421875,95778.7109375,95778.734375,0
2025-05-04 06:00:00+00:00,95928.8125,96153.4296875,95915.921875,96062.109375,795664384
2025-05-04 07:00:00+00:00,95886.1875,96076.7421875,95846.875,95931.734375,0
2025-05-04 08:00:00+00:00,95664.96875,95936.8359375,95562.96875,95914.2890625,0
2025-05-04 09:00:00+00:00,95512.40625,95675.6171875,95486.3515625,95672.4921875,0
2025-05-04 10:00:00+00:00,95449.359375,95512.421875,95374.4375,95489.265625,0
2025-05-04 11:00:00+00:00,95418.0859375,95551.0390625,95385.8359375,95445.71875,22388736
2025-05-04 12:00:00+00:00,95486.703125,95593.2265625,95433.6640625,95433.6640625,0
2025-05-04 13:00:00+00:00,95387.53125,95586.3203125,95286.6796875,95496.25,101622784
2025-05-04 14:00:00+00:00,95642.4296875,95642.4296875,95359.53125,95381.171875,232975360
2025-05-04 15:00:00+00:00,95474.78125,95682.8828125,95455.1328125,95650.1796875,263465984
2025-05-04 16:00:00+00:00,95339.75,95557.015625,95327.2890625,95473.4296875,0
2025-05-04 17:00:00+00:00,95428.8515625,95474.4140625,95303.1328125,95351.6796875,0
2025-05-04 18:00:00+00:00,95418.1953125,95494.734375,95393.6953125,95420.3046875,0
2025-05-04 19:00:00+00:00,95571.0,95639.609375,95371.6953125,95391.984375,379224064
2025-05-04 20:00:00+00:00,95705.953125,95730.953125,95582.953125,95582.953125,0
2025-05-04 21:00:00+00:00,95702.8515625,95762.1796875,95648.53125,95721.65625,588814336
2025-05-04 22:00:00+00:00,95021.2890625,95703.0625,94793.890625,95703.0625,1216123904
2025-05-04 23:00:00+00:00,94261.671875,95013.0078125,94210.3203125,95013.0078125,1191737344
2025-05-05 00:00:00+00:00,94733.7578125,94795.015625,94270.5546875,94270.5546875,449959936
2025-05-05 01:00:00+00:00,93939.5,94692.5546875,93828.6328125,94642.75,1196283904
2025-05-05 02:00:00+00:00,94248.453125,94358.46875,93662.453125,93925.046875,739735552
2025-05-05 03:00:00+00:00,94055.65625,94285.3203125,94054.0234375,94253.34375,476323840
2025-05-05 04:00:00+00:00,94422.71875,94428.2421875,94081.984375,94090.90625,0
2025-05-05 05:00:00+00:00,94656.109375,94656.109375,94284.46875,94412.8515625,415260672
2025-05-05 06:00:00+00:00,94767.703125,94767.703125,94582.8671875,94711.15625,293156864
2025-05-05 07:00:00+00:00,94732.921875,94765.8671875,94549.828125,94765.8671875,320167936
2025-05-05 08:00:00+00:00,94562.078125,94751.1171875,94513.3828125,94751.1171875,34727936
2025-05-05 09:00:00+00:00,94572.1015625,94647.9140625,94506.546875,94560.546875,0
2025-05-05 10:00:00+00:00,94135.96875,94578.71875,94089.6796875,94562.5625,263968768
2025-05-05 11:00:00+00:00,94098.9453125,94259.7734375,93922.4453125,94140.5625,478533632
2025-05-05 12:00:00+00:00,94336.3359375,94341.1953125,93952.078125,94040.125,846260224
2025-05-05 13:00:00+00:00,94121.0078125,94411.1875,93717.5859375,94335.59375,0
2025-05-05 14:00:00+00:00,93890.3984375,94521.6875,93770.75,94192.859375,788699136
2025-05-05 15:00:00+00:00,93708.7734375,93948.1875,93633.9296875,93884.5546875,1695303680
2025-05-05 16:00:00+00:00,94197.84375,94272.1484375,93751.25,93751.25,1185650688
2025-05-05 17:00:00+00:00,94509.4140625,94570.46875,94079.203125,94196.9296875,762660864
2025-05-05 18:00:00+00:00,94726.6171875,94873.4453125,94455.8515625,94509.28125,134684672
2025-05-05 19:00:00+00:00,94367.7734375,94864.78125,94359.6953125,94726.359375,103458816
2025-05-05 20:00:00+00:00,94236.140625,94323.046875,93892.890625,94323.046875,432836608
2025-05-05 21:00:00+00:00,94692.5859375,94800.03125,94246.578125,94246.578125,1373478912
2025-05-05 22:00:00+00:00,95044.609375,95188.4140625,94753.265625,94836.546875,0
2025-05-05 23:00:00+00:00,94751.0234375,95092.015625,94725.625,95039.96875,0
2025-05-06 00:00:00+00:00,94566.03125,94746.0390625,94439.1328125,94746.0390625,579766272
2025-05-06 01:00:00+00:00,94352.171875,94897.0625,94335.75,94590.3515625,0
2025-05-06 02:00:00+00:00,94297.109375,94385.7578125,94056.015625,94334.875,0
2025-05-06 03:00:00+00:00,94459.703125,94493.421875,94259.25,94298.5625,575076352
2025-05-06 04:00:00+00:00,94552.625,94574.0859375,94378.265625,94448.9921875,0
2025-05-06 05:00:00+00:00,94321.640625,94589.59375,94321.640625,94586.890625,588781568
2025-05-06 06:00:00+00:00,94446.53125,94462.2734375,94334.609375,94348.109375,0
2025-05-06 07:00:00+00:00,94414.4609375,94598.4453125,94374.2890625,94491.0234375,0
2025-05-06 08:00:00+00:00,94312.0625,94391.21875,94024.8984375,94391.21875,153249792
2025-05-06 09:00:00+00:00,94186.25,94353.2109375,94104.7578125,94353.2109375,505561088
2025-05-06 10:00:00+00:00,93908.1484375,94297.390625,93876.2109375,94168.078125,0
2025-05-06 11:00:00+00:00,93799.7265625,94042.0546875,93710.2421875,93925.15625,1855170560
2025-05-06 12:00:00+00:00,93934.953125,93994.3125,93755.71875,93766.890625,105461760
2025-05-06 13:00:00+00:00,93625.703125,93950.25,93438.1484375,93936.84375,0
2025-05-06 14:00:00+00:00,94158.6953125,94611.3515625,93866.0390625,93996.0703125,1021825024
2025-05-06 15:00:00+00:00,94558.671875,94709.1484375,94065.1875,94146.1015625,15405056
2025-05-06 16:00:00+00:00,94264.328125,94766.8125,94264.328125,94542.515625,0
2025-05-06 17:00:00+00:00,94531.78125,94819.1796875,94239.15625,94239.15625,0
2025-05-06 18:00:00+00:00,95049.2734375,95059.28125,94524.015625,94524.015625,82819072
2025-05-06 19:00:00+00:00,94948.0859375,95146.25,94939.1328125,95096.9453125,384012288
2025-05-06 20:00:00+00:00,94718.890625,95021.8515625,94651.1328125,94986.140625,0
2025-05-06 21:00:00+00:00,94670.890625,94778.6015625,94494.875,94771.4609375,657698816
2025-05-06 22:00:00+00:00,96279.9921875,96279.9921875,94673.71875,94673.71875,121774080
2025-05-06 23:00:00+00:00,96837.59375,96871.4296875,96155.4296875,96354.515625,2816006144
2025-05-07 00:00:00+00:00,97344.5859375,97472.546875,96754.390625,96885.28125,2718930944
2025-05-07 01:00:00+00:00,97220.3125,97596.3515625,97220.3125,97414.609375,127844352
2025-05-07 02:00:00+00:00,96625.6484375,97233.15625,96510.0390625,97233.15625,809398272
2025-05-07 03:00:00+00:00,96498.4140625,96622.921875,96216.65625,96622.921875,1571522560
2025-05-07 04:00:00+00:00,96548.109375,96674.96875,96437.1171875,96502.984375,0
2025-05-07 05:00:00+00:00,96377.671875,96558.03125,96335.4375,96558.03125,862670848
2025-05-07 06:00:00+00:00,96550.0,96632.3828125,96374.7890625,96374.7890625,550985728
2025-05-07 07:00:00+00:00,97023.5,97023.5,96548.3046875,96548.3046875,0
2025-05-07 08:00:00+00:00,97009.53125,97076.1015625,96878.5390625,96998.890625,736448512
2025-05-07 09:00:00+00:00,96970.484375,97061.671875,96869.0,97004.984375,557885440
2025-05-07 10:00:00+00:00,97039.2265625,97093.8515625,96869.4453125,96978.1328125,0
2025-05-07 11:00:00+00:00,97007.828125,97068.46875,96953.3046875,97026.0234375,1283694592
2025-05-07 12:00:00+00:00,96960.5546875,97169.4921875,96917.6015625,97020.8046875,410120192
2025-05-07 13:00:00+00:00,97014.65625,97266.53125,96736.8046875,96974.7578125,306515968
2025-05-07 14:00:00+00:00,96938.171875,97483.8203125,96860.703125,97025.3359375,456433664
2025-05-07 15:00:00+00:00,96970.6953125,97174.765625,96818.859375,96952.125,3487215616
2025-05-07 16:00:00+00:00,96880.875,96941.375,96539.578125,96941.375,6458511360
2025-05-07 17:00:00+00:00,96284.9765625,96900.3828125,96233.0703125,96859.34375,0
2025-05-07 18:00:00+00:00,96554.2734375,96826.40625,95974.09375,96437.7109375,27148763136
2025-05-07 19:00:00+00:00,96197.09375,96597.1328125,95866.6796875,96597.1328125,7507034112
2025-05-07 20:00:00+00:00,96727.28125,96727.28125,96146.7265625,96215.96875,1138761728
2025-05-07 21:00:00+00:00,97146.859375,97322.6328125,96695.265625,96801.765625,3600203776
2025-05-07 22:00:00+00:00,97248.8984375,97293.875,97058.7578125,97144.390625,2380013568
2025-05-07 23:00:00+00:00,97038.53125,97397.1640625,97037.4453125,97257.09375,0
2025-05-08 00:00:00+00:00,97621.1875,97621.1875,96926.1796875,97037.6875,0
2025-05-08 01:00:00+00:00,97800.9296875,98270.609375,97695.09375,97759.6796875,3705528320
2025-05-08 02:00:00+00:00,98683.1171875,98826.703125,97835.8203125,97835.8203125,0
2025-05-08 03:00:00+00:00,99143.9921875,99143.9921875,98568.3515625,98694.4140625,0
2025-05-08 04:00:00+00:00,98968.3671875,99386.75,98968.3671875,99150.4375,3603525632
2025-05-08 05:00:00+00:00,98761.0234375,99091.8359375,98761.0234375,99022.1015625,1981464576
2025-05-08 06:00:00+00:00,99021.8359375,99021.8359375,98761.640625,98774.703125,112226304
2025-05-08 07:00:00+00:00,99259.609375,99365.765625,99040.234375,99040.234375,2037669888
2025-05-08 08:00:00+00:00,99718.34375,99761.375,99232.8359375,99261.2421875,582873088
2025-05-08 09:00:00+00:00,99769.8515625,99819.828125,99569.6171875,99690.71875,648151040
2025-05-08 10:00:00+00:00,99860.5,99860.5,99708.7734375,99811.53125,1377382400
2025-05-08 11:00:00+00:00,99445.6796875,99819.171875,99445.6796875,99819.171875,0
2025-05-08 12:00:00+00:00,99307.0078125,99539.140625,99282.796875,99442.78125,1177890816
2025-05-08 13:00:00+00:00,99293.3515625,99649.7890625,99122.6796875,99307.734375,0
2025-05-08 14:00:00+00:00,99494.28125,99814.9296875,99224.1328125,99316.0546875,0
2025-05-08 15:00:00+00:00,100842.921875,101513.40625,99389.421875,99389.421875,3311718400
2025-05-08 16:00:00+00:00,101323.0546875,101364.90625,100631.5234375,101013.0859375,4141858816
2025-05-08 17:00:00+00:00,101029.6328125,101688.53125,100964.9609375,101310.4921875,1190957056
2025-05-08 18:00:00+00:00,101381.859375,101451.3125,101044.03125,101044.03125,0
2025-05-08 19:00:00+00:00,101135.890625,101362.0859375,101053.6796875,101351.9375,277065728
2025-05-08 20:00:00+00:00,102553.375,102762.6484375,101286.3515625,101286.3515625,1856372736
2025-05-08 21:00:00+00:00,102775.4921875,103776.3203125,102209.921875,102611.0234375,2127085568
2025-05-08 22:00:00+00:00,102914.453125,103180.5859375,102453.1171875,102815.046875,4125069312
2025-05-08 23:00:00+00:00,103174.828125,103234.4921875,102819.3828125,102969.6328125,554737664
2025-05-09 00:00:00+00:00,102757.4453125,103256.203125,102610.140625,103256.203125,0
2025-05-09 01:00:00+00:00,103076.3046875,103076.3046875,102594.796875,102807.9609375,0
2025-05-09 02:00:00+00:00,102526.640625,103088.3828125,102526.640625,103088.3828125,0
2025-05-09 03:00:00+00:00,102404.171875,102777.3671875,102356.9375,102559.078125,289488896
2025-05-09 04:00:00+00:00,102781.3359375,102781.3359375,102378.6171875,102427.640625,0
2025-05-09 05:00:00+00:00,102936.296875,102944.625,102601.8046875,102799.7265625,0
2025-05-09 06:00:00+00:00,103194.921875,103234.6328125,102920.5390625,102947.703125,0
2025-05-09 07:00:00+00:00,103727.40625,104178.1171875,103151.671875,103210.140625,2758832128
2025-05-09 08:00:00+00:00,102924.234375,103875.1640625,102782.1640625,103704.4609375,2497691648
2025-05-09 09:00:00+00:00,102919.921875,103217.1484375,102480.7109375,102988.7890625,936583168
2025-05-09 10:00:00+00:00,103404.546875,103418.4375,102867.2578125,102918.90625,881270784
2025-05-09 11:00:00+00:00,103010.375,103402.2421875,102872.2265625,103280.796875,2010357760
2025-05-09 12:00:00+00:00,102890.3671875,103116.203125,102825.8046875,102937.625,0
2025-05-09 13:00:00+00:00,103717.921875,103771.9609375,102896.0546875,102896.0546875,209199104
2025-05-09 14:00:00+00:00,103136.1875,103645.8359375,102489.21875,103645.8359375,0
2025-05-09 15:00:00+00:00,102872.546875,103234.0859375,102708.28125,103142.09375,0
2025-05-09 16:00:00+00:00,102377.6875,102906.5703125,102377.6875,102883.390625,0
2025-05-09 17:00:00+00:00,103199.71875,103199.71875,102413.609375,102478.421875,312377344
2025-05-09 18:00:00+00:00,103248.21875,103361.8359375,102973.3203125,103191.328125,0
2025-05-09 19:00:00+00:00,103134.65625,103282.796875,102927.9921875,103216.7265625,0
2025-05-09 20:00:00+00:00,103185.5703125,103418.5,103164.9921875,103164.9921875,0
2025-05-09 21:00:00+00:00,102957.0,103205.3125,102804.2890625,103191.578125,0
2025-05-09 22:00:00+00:00,102793.5390625,103066.6953125,102783.859375,102966.796875,0
2025-05-09 23:00:00+00:00,102973.296875,102973.296875,102776.59375,102788.265625,0
2025-05-10 00:00:00+00:00,102862.1875,103114.7734375,102842.6953125,102996.7890625,410021888
2025-05-10 01:00:00+00:00,103004.6328125,103080.6015625,102862.6328125,102863.0625,0
2025-05-10 02:00:00+00:00,103135.1640625,103244.140625,102962.640625,102992.3125,0
2025-05-10 03:00:00+00:00,103196.5703125,103198.9375,103004.5234375,103141.625,0
2025-05-10 04:00:00+00:00,103160.4375,103216.5,103064.9765625,103205.40625,0
2025-05-10 05:00:00+00:00,103332.5078125,103332.5078125,103123.9609375,103152.4140625,0
2025-05-10 06:00:00+00:00,103691.8671875,103837.6484375,103343.171875,103343.171875,0
2025-05-10 07:00:00+00:00,103817.40625,104041.953125,103653.3671875,103897.7578125,0
2025-05-10 08:00:00+00:00,103605.0078125,103999.3046875,103519.234375,103805.2734375,0
2025-05-10 09:00:00+00:00,103813.703125,103837.7890625,103406.3203125,103612.0234375,0
2025-05-10 10:00:00+00:00,103646.0703125,103852.2734375,103613.765625,103767.1484375,0
2025-05-10 11:00:00+00:00,103415.7890625,103641.9921875,103409.96875,103620.671875,0
2025-05-10 12:00:00+00:00,103652.359375,103783.765625,103449.84375,103449.84375,0
2025-05-10 13:00:00+00:00,103627.7421875,103761.8515625,103554.6640625,103681.1640625,0
2025-05-10 14:00:00+00:00,103536.15625,103669.171875,103437.8125,103631.234375,0
2025-05-10 15:00:00+00:00,103176.0546875,103531.84375,103174.0859375,103528.8359375,0
2025-05-10 16:00:00+00:00,103406.3515625,103490.3515625,103156.171875,103156.171875,276668416
2025-05-10 17:00:00+00:00,103223.5,103548.0625,103208.1875,103423.046875,0
2025-05-10 18:00:00+00:00,103266.578125,103306.4609375,103079.3203125,103175.65625,401190912
2025-05-10 19:00:00+00:00,103207.4453125,103299.5078125,103096.5625,103255.359375,0
2025-05-10 20:00:00+00:00,103186.765625,103309.28125,103118.515625,103213.5625,649936896
2025-05-10 21:00:00+00:00,103756.359375,103783.4375,103187.4765625,103199.46875,0
2025-05-10 22:00:00+00:00,103638.3515625,103794.953125,103575.0,103775.53125,1234296832
2025-05-10 23:00:00+00:00,104779.5703125,104916.953125,103595.4140625,103617.8671875,2083909632
2025-05-11 00:00:00+00:00,104408.3828125,104908.265625,104006.265625,104692.9609375,435695616
2025-05-11 01:00:00+00:00,104077.7109375,104496.7890625,103937.8046875,104425.453125,448913408
2025-05-11 02:00:00+00:00,103757.65625,104257.484375,103528.4765625,104102.171875,862781440
2025-05-11 03:00:00+00:00,104055.6796875,104171.2578125,103724.2109375,103736.1484375,1104846848
2025-05-11 04:00:00+00:00,104153.9140625,104363.390625,104021.53125,104049.0234375,0
2025-05-11 05:00:00+00:00,103834.7578125,104193.5859375,103834.7578125,104129.921875,528785408
2025-05-11 06:00:00+00:00,103860.484375,103959.2265625,103648.390625,103846.5,0
2025-05-11 07:00:00+00:00,103425.828125,103864.1171875,103425.828125,103864.1171875,0
2025-05-11 08:00:00+00:00,103864.234375,103981.1484375,103394.8671875,103394.8671875,390885376
2025-05-11 09:00:00+00:00,104353.4375,104456.6328125,103853.5390625,103855.890625,0
2025-05-11 10:00:00+00:00,104535.65625,104535.65625,104212.703125,104363.328125,0
2025-05-11 11:00:00+00:00,104674.3828125,104715.671875,104406.6796875,104588.71875,0
2025-05-11 12:00:00+00:00,104636.7890625,104813.875,104545.453125,104665.7734375,5124096
2025-05-11 13:00:00+00:00,104085.578125,104646.90625,104085.578125,104605.65625,1095897088
2025-05-11 14:00:00+00:00,104244.984375,104300.2734375,103834.3125,104010.5859375,2135810048
2025-05-11 15:00:00+00:00,104156.5390625,104642.3984375,103953.625,104185.375,0
2025-05-11 16:00:00+00:00,103981.625,104181.734375,103813.6328125,104153.546875,1048850432
2025-05-11 17:00:00+00:00,104071.46875,104140.8046875,103857.125,103995.9296875,0
2025-05-11 18:00:00+00:00,104554.0,104803.5546875,103895.9375,104054.5,939913216
2025-05-11 19:00:00+00:00,104438.7890625,104646.1171875,104405.9609375,104562.1875,0
2025-05-11 20:00:00+00:00,104306.3359375,104447.203125,104260.3203125,104447.203125,957644800
2025-05-11 21:00:00+00:00,104320.8125,104367.203125,104030.171875,104296.9609375,0
2025-05-11 22:00:00+00:00,103798.9296875,104513.6953125,103617.90625,104376.625,734269440
2025-05-11 23:00:00+00:00,104087.2109375,104087.2109375,103788.984375,103808.9140625,0
2025-05-12 00:00:00+00:00,104592.6796875,104645.234375,104109.4921875,104126.796875,0
2025-05-12 01:00:00+00:00,104025.3046875,105015.796875,103813.6953125,104600.890625,1092288512
2025-05-12 02:00:00+00:00,103885.7265625,104171.96875,103776.34375,103988.7734375,233504768
2025-05-12 03:00:00+00:00,104078.9296875,104078.9296875,103724.8046875,103880.1015625,0
2025-05-12 04:00:00+00:00,104079.2578125,104153.8203125,103853.8828125,104090.8203125,0
2025-05-12 05:00:00+00:00,103933.296875,104061.8203125,103769.9921875,104061.8203125,806166528
2025-05-12 06:00:00+00:00,104376.625,104405.2109375,103828.6640625,103938.90625,0
2025-05-12 07:00:00+00:00,104466.96875,105686.765625,104307.4765625,104379.9140625,3685863424
2025-05-12 08:00:00+00:00,104622.9921875,104720.5703125,104119.8671875,104486.921875,996237312
2025-05-12 09:00:00+00:00,104440.4765625,104653.2734375,104387.390625,104606.3671875,352141312
2025-05-12 10:00:00+00:00,104507.0078125,104507.0078125,104220.625,104433.5,1181691904
2025-05-12 11:00:00+00:00,103747.546875,104605.40625,103715.2265625,104517.09375,0
2025-05-12 12:00:00+00:00,103934.921875,104106.4140625,103757.0546875,103757.0546875,626159616
2025-05-12 13:00:00+00:00,104282.0234375,104588.8671875,103699.6875,103909.2890625,82976768
2025-05-12 14:00:00+00:00,102823.6640625,104337.1328125,102609.5546875,104301.0078125,3023851520
2025-05-12 15:00:00+00:00,102535.0078125,103173.9140625,102479.5390625,102791.8359375,2092466176
2025-05-12 16:00:00+00:00,102840.4453125,103038.609375,102505.0234375,102509.984375,442380288
2025-05-12 17:00:00+00:00,102569.453125,103078.8828125,102569.453125,102848.0078125,0
2025-05-12 18:00:00+00:00,101717.5,102618.109375,101023.7578125,102566.859375,2328780800
2025-05-12 19:00:00+00:00,101806.8359375,102044.8984375,101546.390625,101665.6796875,1346269184
2025-05-12 20:00:00+00:00,102715.2890625,102854.875,101781.6484375,101862.5078125,1814028288
2025-05-12 21:00:00+00:00,102545.7890625,102711.671875,102369.1796875,102671.1015625,373633024
2025-05-12 22:00:00+00:00,102864.3828125,102938.046875,102424.921875,102514.6015625,0
2025-05-12 23:00:00+00:00,102855.1796875,103119.09375,102845.4140625,102886.59375,0
2025-05-13 00:00:00+00:00,102290.5546875,102809.5859375,102215.3515625,102809.5859375,0
2025-05-13 01:00:00+00:00,102486.0,102719.25,102120.2421875,102277.0078125,0
2025-05-13 02:00:00+00:00,102054.34375,102451.921875,101770.234375,102451.921875,1557561344
2025-05-13 03:00:00+00:00,101756.9296875,102133.671875,101578.5859375,102063.140625,859656192
2025-05-13 04:00:00+00:00,102729.2421875,102729.2421875,101711.2109375,101711.2109375,346247168
2025-05-13 05:00:00+00:00,102453.6640625,102704.6796875,102298.65625,102704.6796875,1112334336
2025-05-13 06:00:00+00:00,102547.78125,102659.21875,102356.3203125,102464.109375,193564672
2025-05-13 07:00:00+00:00,102644.203125,102917.65625,102543.4921875,102543.4921875,0
2025-05-13 08:00:00+00:00,102746.5546875,102925.53125,102581.2109375,102680.6796875,0
2025-05-13 09:00:00+00:00,103485.578125,103499.3359375,102725.65625,102725.65625,0
2025-05-13 10:00:00+00:00,103609.734375,103629.5078125,103301.078125,103498.890625,0
2025-05-13 11:00:00+00:00,103687.078125,103830.4296875,103495.296875,103584.5,0
2025-05-13 12:00:00+00:00,103703.5078125,103906.65625,103483.328125,103741.71875,0
2025-05-13 13:00:00+00:00,103782.71875,103888.1875,103462.0390625,103690.9609375,219295744
2025-05-13 14:00:00+00:00,103191.15625,103752.9296875,102919.890625,103752.9296875,0
2025-05-13 15:00:00+00:00,103656.6953125,103850.0234375,103163.625,103183.765625,0
2025-05-13 16:00:00+00:00,103784.71875,104356.109375,103579.9921875,103698.0703125,0
2025-05-13 17:00:00+00:00,104288.9296875,104288.9296875,103756.9375,103756.9375,861798400
2025-05-13 18:00:00+00:00,104372.9609375,104431.0859375,104136.984375,104292.7734375,0
2025-05-13 19:00:00+00:00,104718.34375,104987.0546875,104217.828125,104380.2890625,722612224
2025-05-13 20:00:00+00:00,104629.625,104846.1484375,104505.4375,104846.1484375,0
2025-05-13 21:00:00+00:00,104366.6875,104621.4140625,104291.5859375,104611.1640625,735215616
2025-05-13 22:00:00+00:00,104163.515625,104410.078125,104141.859375,104370.0546875,0
2025-05-13 23:00:00+00:00,104211.1328125,104280.796875,103949.4140625,104168.1640625,936787968
2025-05-14 00:00:00+00:00,103921.6640625,104159.984375,103816.8125,104159.984375,0
2025-05-14 01:00:00+00:00,103767.5234375,104028.8046875,103741.96875,103927.8203125,0
2025-05-14 02:00:00+00:00,103718.515625,103741.2421875,103532.4921875,103737.7578125,0
2025-05-14 03:00:00+00:00,103570.0,103726.2578125,103469.7890625,103692.1953125,16215834624
2025-05-14 04:00:00+00:00,103717.421875,103806.5859375,103481.796875,103535.578125,0
2025-05-14 05:00:00+00:00,103857.3046875,103953.2265625,103708.7890625,103715.3984375,463781888
2025-05-14 06:00:00+00:00,103761.59375,103906.3046875,103676.3828125,103876.1875,0
2025-05-14 07:00:00+00:00,103775.3671875,103775.3671875,103420.921875,103749.5390625,270336000
2025-05-14 08:00:00+00:00,103482.8125,103814.0625,103482.8125,103706.40625,298606592
2025-05-14 09:00:00+00:00,103488.515625,103488.515625,102937.3984375,103240.2890625,482217984
2025-05-14 10:00:00+00:00,103752.28125,103895.9765625,103463.0703125,103479.46875,81965056
2025-05-14 11:00:00+00:00,103917.234375,104075.6328125,103705.0078125,103705.0078125,383909888
2025-05-14 12:00:00+00:00,104011.2109375,104183.2109375,103916.7265625,103943.3671875,0
2025-05-14 13:00:00+00:00,103871.546875,104269.484375,103608.3203125,104004.6328125,547545088
2025-05-14 14:00:00+00:00,103276.1484375,103943.6875,102975.9453125,103943.6875,752660480
2025-05-14 15:00:00+00:00,103488.6953125,103501.609375,102890.1953125,103273.3515625,298192896
2025-05-14 16:00:00+00:00,103384.6171875,103611.2578125,103234.9921875,103500.7578125,0
2025-05-14 17:00:00+00:00,103248.8828125,103401.3203125,102632.3515625,103379.90625,0
2025-05-14 18:00:00+00:00,103406.953125,103436.125,103072.8203125,103237.484375,555749376
2025-05-14 19:00:00+00:00,103299.3046875,103723.375,103299.3046875,103497.7890625,0
2025-05-14 20:00:00+00:00,103564.7265625,103656.6953125,103329.71875,103350.4609375,0
2025-05-14 21:00:00+00:00,103629.21875,103660.71875,103486.75,103563.5234375,0
2025-05-14 22:00:00+00:00,103511.5078125,103614.0,103467.0859375,103614.0,255946752
2025-05-14 23:00:00+00:00,103542.5,103594.21875,103448.9609375,103494.9921875,0
2025-05-15 00:00:00+00:00,103806.5546875,103872.421875,103508.1015625,103531.7265625,3264512
2025-05-15 01:00:00+00:00,103062.6875,103805.2734375,103010.8359375,103805.2734375,0
2025-05-15 02:00:00+00:00,103073.8359375,103212.9609375,102943.4140625,103060.671875,0
2025-05-15 03:00:00+00:00,102780.8125,103101.2890625,102769.4375,103064.3046875,214183936
2025-05-15 04:00:00+00:00,102903.890625,102940.0234375,102726.8359375,102757.2421875,0
2025-05-15 05:00:00+00:00,102388.453125,102897.1953125,102383.0625,102897.1953125,550174720
2025-05-15 06:00:00+00:00,102233.9375,102656.71875,102198.4453125,102408.09375,0
2025-05-15 07:00:00+00:00,101819.8515625,102424.5625,101752.96875,102287.8828125,1181728768
2025-05-15 08:00:00+00:00,102325.1328125,102325.1328125,101913.78125,101956.3515625,0
2025-05-15 09:00:00+00:00,101898.3359375,102260.21875,101548.4921875,102260.21875,0
2025-05-15 10:00:00+00:00,101754.7109375,101928.2421875,101643.90625,101832.5234375,444653568
2025-05-15 11:00:00+00:00,102374.3203125,102435.7578125,101808.390625,101825.0625,404975616
2025-05-15 12:00:00+00:00,102535.328125,102801.109375,102308.5078125,102395.5625,0
2025-05-15 13:00:00+00:00,102146.3046875,102765.6953125,101647.171875,102565.40625,344428544
2025-05-15 14:00:00+00:00,101945.0546875,102352.296875,101450.0703125,102126.9921875,0
2025-05-15 15:00:00+00:00,103227.4765625,103258.15625,101967.609375,101967.609375,0
2025-05-15 16:00:00+00:00,103783.046875,103791.21875,103062.40625,103270.8125,739106816
2025-05-15 17:00:00+00:00,103981.28125,104148.5859375,103693.2421875,103813.953125,610713600
2025-05-15 18:00:00+00:00,102679.7109375,103979.34375,102679.7109375,103979.34375,251060224
2025-05-15 19:00:00+00:00,103219.03125,103219.03125,102643.234375,102701.4296875,1775292416
2025-05-15 20:00:00+00:00,103468.40625,103484.8671875,102941.625,103185.015625,162799616
2025-05-15 21:00:00+00:00,103267.3359375,103454.640625,102777.46875,103454.640625,1374232576
2025-05-15 22:00:00+00:00,103521.234375,103947.8515625,103276.171875,103276.171875,0
2025-05-15 23:00:00+00:00,103743.5859375,103868.5390625,103289.3828125,103514.1328125,1656754176
2025-05-16 00:00:00+00:00,103732.1640625,104001.734375,103702.796875,103752.484375,0
2025-05-16 01:00:00+00:00,104028.8984375,104067.109375,103496.921875,103747.3203125,1242583040
2025-05-16 02:00:00+00:00,104182.0,104416.515625,103955.4296875,104057.6953125,0
2025-05-16 03:00:00+00:00,104033.7421875,104309.265625,104033.7421875,104183.0234375,1226321920
2025-05-16 04:00:00+00:00,103916.515625,104178.3046875,103834.359375,104041.1328125,950448128
2025-05-16 05:00:00+00:00,103933.5,104136.6796875,103873.4921875,103922.8828125,0
2025-05-16 06:00:00+00:00,103987.6796875,104092.21875,103916.75,103919.4375,0
2025-05-16 07:00:00+00:00,103732.0546875,104147.015625,103732.0546875,103987.140625,478277632
2025-05-16 08:00:00+00:00,103421.015625,103753.7734375,103137.4765625,103741.125,0
2025-05-16 09:00:00+00:00,103808.6953125,103808.6953125,103417.59375,103417.59375,1009291264
2025-05-16 10:00:00+00:00,103857.40625,103881.8984375,103674.609375,103805.5078125,257441792
2025-05-16 11:00:00+00:00,103676.6640625,103901.8359375,103603.8203125,103851.25,0
2025-05-16 12:00:00+00:00,103547.796875,103778.890625,103547.796875,103665.6171875,0
2025-05-16 13:00:00+00:00,104081.1953125,104081.1953125,103494.3046875,103558.6796875,0
2025-05-16 14:00:00+00:00,103583.4453125,104028.296875,103396.75,104028.296875,473636864
2025-05-16 15:00:00+00:00,104135.71875,104178.8203125,103604.6328125,103604.6328125,0
2025-05-16 16:00:00+00:00,104216.53125,104485.3828125,103904.53125,104173.96875,66191360
2025-05-16 17:00:00+00:00,103865.796875,104380.15625,103832.625,104193.1328125,0
2025-05-16 18:00:00+00:00,103770.1484375,104088.1640625,103746.234375,103889.421875,0
2025-05-16 19:00:00+00:00,104017.1328125,104018.640625,103618.0,103732.6328125,0
2025-05-16 20:00:00+00:00,103622.4140625,104023.0390625,103552.609375,104021.8984375,84217856
2025-05-16 21:00:00+00:00,103608.6953125,103799.1796875,103539.890625,103708.40625,0
2025-05-16 22:00:00+00:00,103504.625,103613.109375,103448.0,103612.0078125,575115264
2025-05-16 23:00:00+00:00,103480.421875,103690.5703125,103460.9453125,103535.2265625,0
2025-05-17 00:00:00+00:00,103385.109375,103559.625,103164.453125,103495.78125,584065024
2025-05-17 01:00:00+00:00,102819.8125,103374.8984375,102675.53125,103374.8984375,95252480
2025-05-17 02:00:00+00:00,103274.3359375,103327.3125,102804.5703125,102851.546875,0
2025-05-17 03:00:00+00:00,103541.1875,103541.328125,103205.1328125,103289.3515625,0
2025-05-17 04:00:00+00:00,103652.359375,103663.1484375,103495.3359375,103526.1640625,2262257664
2025-05-17 05:00:00+00:00,103361.2109375,103695.9453125,103361.2109375,103666.3359375,0
2025-05-17 06:00:00+00:00,103489.5234375,103522.421875,103308.7578125,103370.1328125,559013888
2025-05-17 07:00:00+00:00,103450.328125,103630.140625,103450.328125,103487.4609375,0
2025-05-17 08:00:00+00:00,103430.1328125,103558.3046875,103150.75,103473.390625,0
2025-05-17 09:00:00+00:00,102946.671875,103485.4765625,102849.2578125,103443.9296875,853356544
2025-05-17 10:00:00+00:00,102880.9453125,103047.1953125,102860.109375,102920.671875,0
2025-05-17 11:00:00+00:00,103014.3203125,103108.265625,102787.21875,102902.2109375,0
2025-05-17 12:00:00+00:00,102951.1953125,103060.8828125,102944.0,103017.671875,0
2025-05-17 13:00:00+00:00,102698.828125,103090.0859375,102691.1796875,102957.671875,0
2025-05-17 14:00:00+00:00,103150.3671875,103168.0859375,102722.484375,102722.484375,0
2025-05-17 15:00:00+00:00,102985.5078125,103164.8125,102972.890625,103149.2890625,0
2025-05-17 16:00:00+00:00,102900.953125,103120.8203125,102792.21875,102967.3046875,0
2025-05-17 17:00:00+00:00,103165.0625,103311.484375,102957.8828125,102957.8828125,0
2025-05-17 18:00:00+00:00,103003.96875,103271.125,103003.96875,103165.6875,842035200
2025-05-17 19:00:00+00:00,103207.40625,103207.40625,102963.296875,103022.046875,0
2025-05-17 20:00:00+00:00,103404.640625,103430.265625,103118.046875,103181.234375,0
2025-05-17 21:00:00+00:00,103270.0,103458.5625,103185.5859375,103402.546875,1402716160
2025-05-17 22:00:00+00:00,103103.296875,103264.6640625,102965.75,103264.6640625,0
2025-05-17 23:00:00+00:00,103199.3828125,103230.3671875,102996.4609375,103081.171875,0
2025-05-18 00:00:00+00:00,103399.9609375,103433.109375,103142.6015625,103142.6015625,0
2025-05-18 01:00:00+00:00,103274.5,103398.625,103194.671875,103398.625,0
2025-05-18 02:00:00+00:00,103355.40625,103367.9453125,103277.0078125,103277.0078125,0
2025-05-18 03:00:00+00:00,103300.5390625,103396.53125,103179.9921875,103358.9921875,0
2025-05-18 04:00:00+00:00,103368.5390625,103443.25,103306.6328125,103309.5390625,0
2025-05-18 05:00:00+00:00,103651.65625,103663.1171875,103367.296875,103370.6875,0
2025-05-18 06:00:00+00:00,103440.859375,103677.3828125,103405.75,103650.703125,853061632
2025-05-18 07:00:00+00:00,103925.90625,103925.90625,103445.21875,103445.21875,0
2025-05-18 08:00:00+00:00,103921.03125,104053.3046875,103862.734375,103920.3046875,1019387904
2025-05-18 09:00:00+00:00,103854.640625,104035.859375,103836.40625,103920.2890625,0
2025-05-18 10:00:00+00:00,103856.3125,103935.625,103811.40625,103856.3125,0
2025-05-18 11:00:00+00:00,103826.7578125,103975.28125,103826.7578125,103864.1796875,42213376
2025-05-18 12:00:00+00:00,103952.25,103955.984375,103740.4140625,103820.3359375,0
2025-05-18 13:00:00+00:00,104713.1015625,104713.1015625,103911.2734375,103956.5546875,447500288
2025-05-18 14:00:00+00:00,105268.3984375,105521.4296875,104565.3203125,104743.2265625,230506496
2025-05-18 15:00:00+00:00,105519.203125,105633.53125,105014.953125,105266.921875,2699210752
2025-05-18 16:00:00+00:00,105896.2421875,105896.2421875,105181.0,105527.609375,676499456
2025-05-18 17:00:00+00:00,104985.5859375,105859.640625,104985.5859375,105844.859375,1188614144
2025-05-18 18:00:00+00:00,104397.53125,104874.0859375,104125.65625,104874.0859375,1924038656
2025-05-18 19:00:00+00:00,103907.015625,104739.4296875,103907.015625,104498.15625,1102336000
2025-05-18 20:00:00+00:00,104162.265625,104281.40625,103439.890625,103938.015625,2851500032
2025-05-18 21:00:00+00:00,104250.7734375,104534.296875,104103.671875,104103.671875,0
2025-05-18 22:00:00+00:00,105810.6171875,105810.6171875,104042.8359375,104234.65625,1596571648
2025-05-18 23:00:00+00:00,106478.234375,106478.453125,105538.1640625,105948.515625,3394265088
2025-05-19 00:00:00+00:00,105256.9296875,107038.7890625,105244.546875,106516.1640625,2669297664
2025-05-19 01:00:00+00:00,105068.890625,105352.765625,104766.03125,105272.5703125,2186604544
2025-05-19 02:00:00+00:00,104627.8125,105149.5625,104613.4375,105045.6875,257662976
2025-05-19 03:00:00+00:00,103606.625,104636.046875,103606.625,104636.046875,1571553280
2025-05-19 04:00:00+00:00,102977.1484375,103705.09375,102838.0234375,103610.1796875,1704247296
2025-05-19 05:00:00+00:00,103023.0625,103086.9375,102674.328125,103013.1328125,2047303680
2025-05-19 06:00:00+00:00,102267.296875,103153.6640625,102112.6875,103045.96875,1694982144
2025-05-19 07:00:00+00:00,103232.515625,103330.0234375,102230.015625,102230.015625,1391636480
2025-05-19 08:00:00+00:00,103191.4453125,103341.0390625,102980.3125,103244.25,80990208
2025-05-19 09:00:00+00:00,103081.265625,103301.9921875,103037.078125,103222.421875,467869696
2025-05-19 10:00:00+00:00,102973.375,103091.453125,102892.4921875,103091.453125,397262848
2025-05-19 11:00:00+00:00,102980.1953125,103055.6640625,102830.8203125,102958.7421875,275591168
2025-05-19 12:00:00+00:00,102406.9765625,102992.2109375,102179.6171875,102992.2109375,791859200
2025-05-19 13:00:00+00:00,103407.671875,103505.59375,102354.0078125,102522.375,1555410944
2025-05-19 14:00:00+00:00,104290.453125,104320.1328125,103254.625,103334.421875,0
2025-05-19 15:00:00+00:00,104832.3203125,104933.6640625,104323.34375,104323.34375,0
2025-05-19 16:00:00+00:00,105357.7265625,105357.7265625,104542.2109375,104872.8125,0
2025-05-19 17:00:00+00:00,105401.8515625,105532.140625,104975.9765625,105362.453125,1622589440
2025-05-19 18:00:00+00:00,104755.359375,105556.34375,104735.4453125,105378.578125,0
2025-05-19 19:00:00+00:00,105494.4296875,105567.3125,104694.828125,104766.5859375,948080640
2025-05-19 20:00:00+00:00,105450.171875,105782.90625,105356.953125,105536.28125,0
2025-05-19 21:00:00+00:00,105480.546875,105482.0859375,105064.5859375,105459.4765625,0
2025-05-19 22:00:00+00:00,105572.0390625,105625.4296875,105237.0078125,105450.6640625,0
2025-05-19 23:00:00+00:00,105610.984375,105806.84375,105487.734375,105561.828125,0
2025-05-20 00:00:00+00:00,105731.234375,106481.71875,105619.671875,105619.671875,0
2025-05-20 01:00:00+00:00,106639.9375,106759.2890625,105748.4140625,105748.4140625,176107520
2025-05-20 02:00:00+00:00,106082.28125,106793.4296875,106042.1484375,106483.2265625,0
2025-05-20 03:00:00+00:00,105751.53125,106151.9375,105546.921875,106099.6953125,581353472
2025-05-20 04:00:00+00:00,106209.6328125,106209.6328125,105561.78125,105761.4140625,0
2025-05-20 05:00:00+00:00,106140.921875,106415.203125,106108.6171875,106203.6171875,0
2025-05-20 06:00:00+00:00,105543.2734375,106198.40625,105444.3515625,106134.5390625,0
2025-05-20 07:00:00+00:00,105084.9453125,105710.609375,104987.2734375,105485.5234375,0
2025-05-20 08:00:00+00:00,105193.5703125,105227.3515625,104929.625,105038.5390625,0
2025-05-20 09:00:00+00:00,105302.234375,105388.0703125,105214.53125,105214.53125,0
2025-05-20 10:00:00+00:00,105062.7734375,105392.453125,105050.09375,105305.3203125,773152768
2025-05-20 11:00:00+00:00,105222.5078125,105358.0078125,104929.9140625,105053.46875,0
2025-05-20 12:00:00+00:00,104814.046875,105215.875,104683.25,105214.1796875,69763072
2025-05-20 13:00:00+00:00,104472.1484375,104853.453125,104206.515625,104809.375,0
2025-05-20 14:00:00+00:00,104564.7109375,104980.390625,104333.34375,104459.1953125,0
2025-05-20 15:00:00+00:00,105382.1796875,105399.671875,104560.609375,104560.609375,0
2025-05-20 16:00:00+00:00,105231.078125,105501.5703125,105150.828125,105364.25,0
2025-05-20 17:00:00+00:00,106229.7265625,106332.6953125,105228.703125,105228.703125,308580352
2025-05-20 18:00:00+00:00,105297.0390625,106434.1953125,105297.0390625,106231.609375,0
2025-05-20 19:00:00+00:00,107051.0859375,107239.5625,105307.1875,105307.1875,2891333632
2025-05-20 20:00:00+00:00,106928.625,107264.3203125,106474.8984375,107051.265625,1275633664
2025-05-20 21:00:00+00:00,106693.2890625,107193.234375,106207.0625,106955.109375,743366656
2025-05-20 22:00:00+00:00,106836.0625,106836.0625,106003.8828125,106664.4453125,0
2025-05-20 23:00:00+00:00,106767.015625,107170.015625,106687.6328125,106797.3203125,0
2025-05-21 00:00:00+00:00,106765.203125,107194.78125,106547.84375,106853.828125,412311552
2025-05-21 01:00:00+00:00,106534.5390625,107038.171875,106534.5390625,106752.796875,14574854144
2025-05-21 02:00:00+00:00,106899.9375,106917.6796875,106259.4765625,106523.8359375,0
2025-05-21 03:00:00+00:00,106904.7265625,107118.1328125,106817.046875,106891.984375,0
2025-05-21 04:00:00+00:00,107400.0703125,107655.421875,106776.546875,106871.2890625,0
2025-05-21 05:00:00+00:00,107633.640625,107711.4375,107339.0234375,107348.40625,2250719232
2025-05-21 06:00:00+00:00,107842.640625,107994.7265625,107370.0234375,107589.40625,1888636928
2025-05-21 07:00:00+00:00,106600.3515625,107850.734375,106547.765625,107813.71875,447864832
2025-05-21 08:00:00+00:00,106423.5234375,106791.28125,106407.3125,106536.3359375,756428800
2025-05-21 09:00:00+00:00,106228.015625,106512.078125,106141.8671875,106417.515625,0
2025-05-21 10:00:00+00:00,106362.1484375,106441.7734375,106174.4765625,106233.625,787132416
2025-05-21 11:00:00+00:00,106571.1875,106702.0078125,106294.9609375,106358.984375,179015680
2025-05-21 12:00:00+00:00,106539.84375,106900.4375,106465.0859375,106580.9453125,147578880
2025-05-21 13:00:00+00:00,107465.3984375,107566.9453125,106385.5078125,106524.7265625,0
2025-05-21 14:00:00+00:00,108884.9921875,108905.28125,107098.875,107283.203125,3225890816
2025-05-21 15:00:00+00:00,109026.0390625,109468.1015625,108468.828125,108975.9296875,5483393024
2025-05-21 16:00:00+00:00,109274.6953125,109721.9453125,108768.5078125,109032.09375,3300405248
2025-05-21 17:00:00+00:00,106395.4765625,109317.5703125,106246.859375,109283.4765625,2791084032
2025-05-21 18:00:00+00:00,107047.7734375,107450.2265625,106436.65625,106599.0234375,5032607744
2025-05-21 19:00:00+00:00,108799.6328125,108799.6328125,106684.2421875,107007.2578125,0
2025-05-21 20:00:00+00:00,108218.2265625,108682.5625,107802.4921875,108682.5625,1275715584
2025-05-21 21:00:00+00:00,108494.3125,108580.8828125,108076.796875,108181.3125,0
2025-05-21 22:00:00+00:00,108804.2734375,108990.4609375,108346.3203125,108472.953125,1331298304
2025-05-21 23:00:00+00:00,109622.03125,110601.0234375,108772.7734375,108798.546875,2952241152
2025-05-22 00:00:00+00:00,109864.109375,110001.734375,109316.8671875,109666.359375,3845390336
2025-05-22 01:00:00+00:00,109893.359375,110505.7578125,109707.625,109916.9375,3080208384
2025-05-22 02:00:00+00:00,110505.9609375,110932.359375,109926.0546875,109926.0546875,764149760
2025-05-22 03:00:00+00:00,111804.109375,111818.671875,110369.5546875,110481.1953125,2611945472
2025-05-22 04:00:00+00:00,111487.7578125,111746.1171875,111271.59375,111746.1171875,2222194688
2025-05-22 05:00:00+00:00,110906.140625,111585.1953125,110906.140625,111492.2265625,0
2025-05-22 06:00:00+00:00,110499.0078125,111143.3046875,110493.828125,110828.734375,1648328704
2025-05-22 07:00:00+00:00,111099.515625,111099.515625,110518.890625,110546.9140625,0
2025-05-22 08:00:00+00:00,110425.0546875,111118.8515625,110391.59375,111052.40625,229163008
2025-05-22 09:00:00+00:00,110781.5859375,110781.5859375,110293.1171875,110402.609375,1390141440
2025-05-22 10:00:00+00:00,110772.421875,110904.5078125,110625.4140625,110794.5234375,15073280
2025-05-22 11:00:00+00:00,111036.171875,111218.5859375,110497.328125,110793.2578125,0
2025-05-22 12:00:00+00:00,111555.640625,111567.078125,110837.5390625,110986.5625,2231558144
2025-05-22 13:00:00+00:00,111179.6796875,111551.5859375,111005.4453125,111551.5859375,415531008
2025-05-22 14:00:00+00:00,110731.1171875,111259.6328125,110578.3046875,110915.65625,0
2025-05-22 15:00:00+00:00,111236.671875,111494.234375,110858.125,110887.5078125,0
2025-05-22 16:00:00+00:00,111191.9765625,111787.96875,111129.4609375,111315.7578125,0
2025-05-22 17:00:00+00:00,111539.7109375,111942.875,111224.03125,111244.8671875,0
2025-05-22 18:00:00+00:00,111805.671875,111944.5,111410.4296875,111511.0,0
2025-05-22 19:00:00+00:00,111056.421875,111885.890625,111030.8984375,111783.3828125,0
2025-05-22 20:00:00+00:00,111068.1015625,111364.1875,110890.140625,111183.1171875,0
2025-05-22 21:00:00+00:00,110910.34375,111086.609375,110789.8359375,111082.4375,773611520
2025-05-22 22:00:00+00:00,111045.015625,111259.046875,110859.8046875,110859.8046875,0
2025-05-22 23:00:00+00:00,111679.4140625,111680.96875,111045.046875,111045.046875,0
2025-05-23 00:00:00+00:00,111617.3125,111798.90625,111424.8046875,111699.9921875,0
2025-05-23 01:00:00+00:00,111308.1640625,111691.6484375,111239.453125,111611.96875,0
2025-05-23 02:00:00+00:00,111228.2265625,111589.7265625,111206.1875,111305.8671875,0
2025-05-23 03:00:00+00:00,111129.171875,111350.53125,111025.4609375,111225.3828125,0
2025-05-23 04:00:00+00:00,110730.6015625,111173.703125,110558.5859375,111118.609375,0
2025-05-23 05:00:00+00:00,110828.1328125,110881.3046875,110663.7109375,110788.4296875,0
2025-05-23 06:00:00+00:00,110514.359375,110828.953125,110402.1328125,110828.953125,0
2025-05-23 07:00:00+00:00,110746.8671875,110813.5078125,110477.09375,110499.703125,0
2025-05-23 08:00:00+00:00,110894.7265625,110948.453125,110685.859375,110714.8671875,15360000
2025-05-23 09:00:00+00:00,111312.859375,111328.46875,110896.65625,110923.75,0
2025-05-23 10:00:00+00:00,111039.0859375,111310.4296875,110823.3828125,111310.4296875,0
2025-05-23 11:00:00+00:00,109068.375,111058.6328125,109068.375,111050.7109375,0
2025-05-23 12:00:00+00:00,108533.75,109040.1015625,107450.4921875,109040.1015625,6292332544
2025-05-23 13:00:00+00:00,109665.4609375,109688.3671875,108022.28125,108413.2578125,1795612672
2025-05-23 14:00:00+00:00,109755.4921875,109975.1875,109566.0703125,109763.9921875,1127624704
2025-05-23 15:00:00+00:00,109137.84375,109828.9296875,109075.3828125,109742.375,0
2025-05-23 16:00:00+00:00,109016.5078125,109180.1640625,108100.5859375,108961.1171875,1063747584
2025-05-23 17:00:00+00:00,109482.5390625,109790.109375,109045.2734375,109045.2734375,1439719424
2025-05-23 18:00:00+00:00,108783.625,109481.671875,108702.7265625,109444.7265625,0
2025-05-23 19:00:00+00:00,108866.1640625,109143.0859375,108677.0078125,108814.578125,385183744
2025-05-23 20:00:00+00:00,108216.421875,108718.78125,108216.421875,108718.6328125,0
2025-05-23 21:00:00+00:00,108149.4765625,108625.203125,108148.1328125,108261.40625,0
2025-05-23 22:00:00+00:00,107818.3984375,108529.453125,107672.90625,108260.6796875,1005424640
2025-05-23 23:00:00+00:00,107249.296875,107849.6640625,106841.3046875,107811.6171875,645672960
2025-05-24 00:00:00+00:00,107375.9765625,107657.3515625,106924.4453125,107334.59375,0
2025-05-24 01:00:00+00:00,107501.8671875,107841.375,107387.8203125,107390.359375,0
2025-05-24 02:00:00+00:00,107744.6875,107882.3125,107318.6640625,107507.640625,0
2025-05-24 03:00:00+00:00,108297.6015625,108310.5234375,107751.8359375,107751.8359375,0
2025-05-24 04:00:00+00:00,108522.9453125,108570.71875,108315.359375,108335.84375,3928064
2025-05-24 05:00:00+00:00,108240.6640625,108511.6171875,108151.1484375,108511.6171875,0
2025-05-24 06:00:00+00:00,107935.0390625,108328.7734375,107745.7890625,108244.703125,0
2025-05-24 07:00:00+00:00,107683.015625,108239.3125,107683.015625,107962.9375,0
2025-05-24 08:00:00+00:00,108260.2421875,108260.2421875,107615.8125,107615.8125,0
2025-05-24 09:00:00+00:00,108207.09375,108395.71875,108183.5390625,108254.7578125,659398656
2025-05-24 10:00:00+00:00,109105.75,109235.0390625,108191.3515625,108191.3515625,233512960
2025-05-24 11:00:00+00:00,109175.640625,109444.6015625,109102.0546875,109102.0546875,0
2025-05-24 12:00:00+00:00,108812.921875,109246.6484375,108704.6953125,109216.2265625,0
2025-05-24 13:00:00+00:00,108609.2734375,108884.6171875,108560.59375,108803.1640625,0
2025-05-24 14:00:00+00:00,109019.9296875,109019.9296875,108605.1328125,108610.5859375,0
2025-05-24 15:00:00+00:00,108936.2421875,109183.03125,108856.9921875,108973.515625,0
2025-05-24 16:00:00+00:00,109021.2890625,109105.4609375,108744.75,108947.6953125,0
2025-05-24 17:00:00+00:00,108990.1328125,109176.7421875,108917.109375,109042.03125,0
2025-05-24 18:00:00+00:00,108816.4609375,109079.2109375,108804.03125,108936.90625,0
2025-05-24 19:00:00+00:00,108977.296875,108996.90625,108825.5234375,108825.5234375,0
2025-05-24 20:00:00+00:00,108889.734375,109096.2109375,108889.734375,108968.1171875,0
2025-05-24 21:00:00+00:00,108862.953125,108895.65625,108614.6171875,108887.921875,146866176
2025-05-24 22:00:00+00:00,108075.8828125,108823.0703125,108075.8828125,108823.0703125,0
2025-05-24 23:00:00+00:00,107836.4765625,108301.515625,107539.4375,108060.0078125,717864960
2025-05-25 00:00:00+00:00,107457.78125,108105.921875,107357.328125,107789.9375,0
2025-05-25 01:00:00+00:00,107694.921875,107990.15625,107268.296875,107426.5859375,528945152
2025-05-25 02:00:00+00:00,107990.265625,107998.7421875,107545.21875,107695.03125,64524288
2025-05-25 03:00:00+00:00,108152.6796875,108261.5,107965.25,107965.25,1020452864
2025-05-25 04:00:00+00:00,108272.546875,108272.546875,107975.453125,108136.09375,0
2025-05-25 05:00:00+00:00,108112.2421875,108272.015625,108001.4609375,108269.7890625,0
2025-05-25 06:00:00+00:00,107883.3125,108148.3359375,107756.8515625,108125.7109375,0
2025-05-25 07:00:00+00:00,107681.3203125,107920.53125,107518.0546875,107920.53125,0
2025-05-25 08:00:00+00:00,107103.4453125,107691.1953125,106960.1015625,107691.1953125,98021376
2025-05-25 09:00:00+00:00,107100.859375,107266.7109375,106784.65625,107142.5234375,1638952960
2025-05-25 10:00:00+00:00,106952.4375,107345.65625,106952.4375,107126.171875,0
2025-05-25 11:00:00+00:00,107272.375,107277.0703125,106894.953125,106978.171875,0
2025-05-25 12:00:00+00:00,107530.3515625,107587.1171875,107217.21875,107269.3828125,189906944
2025-05-25 13:00:00+00:00,107624.25,107725.609375,107348.9453125,107490.1953125,0
2025-05-25 14:00:00+00:00,107362.9921875,107640.0234375,107198.40625,107559.4375,48119808
2025-05-25 15:00:00+00:00,106982.8359375,107416.609375,106862.7890625,107372.9140625,1244377088
2025-05-25 16:00:00+00:00,107170.703125,107199.2578125,106725.8828125,106999.5,1156661248
2025-05-25 17:00:00+00:00,107387.1015625,107395.28125,107154.1796875,107185.96875,0
2025-05-25 18:00:00+00:00,107438.71875,107589.6875,107327.0234375,107378.515625,799432704
2025-05-25 19:00:00+00:00,107779.9375,107881.9921875,107445.8515625,107445.8515625,0
2025-05-25 20:00:00+00:00,107679.390625,107738.828125,107486.9375,107738.828125,334311424
2025-05-25 21:00:00+00:00,107580.7109375,107879.9609375,107214.1484375,107682.828125,283807744
2025-05-25 22:00:00+00:00,109163.234375,109163.234375,107404.4375,107496.90625,760942592
2025-05-25 23:00:00+00:00,109041.421875,109313.3046875,108646.3984375,109188.7421875,0
2025-05-26 00:00:00+00:00,109490.8046875,109490.8046875,108765.6328125,109020.796875,0
2025-05-26 01:00:00+00:00,109528.625,109840.2734375,109282.6640625,109600.53125,0
2025-05-26 02:00:00+00:00,109426.265625,109701.953125,109262.4921875,109576.328125,937148416
2025-05-26 03:00:00+00:00,109657.28125,109762.765625,109330.5390625,109437.6953125,317218816
2025-05-26 04:00:00+00:00,109588.546875,109731.3359375,109555.71875,109666.1796875,217997312
2025-05-26 05:00:00+00:00,109692.9609375,109713.359375,109428.6015625,109584.3203125,511193088
2025-05-26 06:00:00+00:00,109975.25,109992.5546875,109573.5546875,109680.1953125,0
2025-05-26 07:00:00+00:00,110074.953125,110193.421875,109813.15625,109983.8671875,1585188864
2025-05-26 08:00:00+00:00,109711.546875,110183.578125,109663.625,110120.1171875,0
2025-05-26 09:00:00+00:00,109694.25,109986.15625,109649.9921875,109700.8828125,0
2025-05-26 10:00:00+00:00,109635.1953125,109862.7578125,109605.09375,109703.75,0
2025-05-26 11:00:00+00:00,109754.9296875,109824.1171875,109624.640625,109659.3515625,623185920
2025-05-26 12:00:00+00:00,109944.5859375,110014.5625,109728.9609375,109769.640625,0
2025-05-26 13:00:00+00:00,109605.421875,110001.671875,109584.296875,109868.9453125,115466240
2025-05-26 14:00:00+00:00,109674.0859375,109737.2265625,109569.578125,109644.3828125,126058496
2025-05-26 15:00:00+00:00,110030.4140625,110354.9375,109607.9609375,109665.2421875,194420736
2025-05-26 16:00:00+00:00,109385.3828125,110364.84375,109161.75,110035.890625,0
2025-05-26 17:00:00+00:00,109159.546875,109662.046875,108983.9921875,109401.5078125,676102144
2025-05-26 18:00:00+00:00,109111.734375,109454.515625,109091.9453125,109186.7734375,344461312
2025-05-26 19:00:00+00:00,109144.5625,109187.9921875,108917.8125,109114.0,333647872
2025-05-26 20:00:00+00:00,109554.875,109554.875,109007.25,109145.71875,1079111680
2025-05-26 21:00:00+00:00,109383.484375,109596.0546875,109189.4921875,109596.0546875,0
2025-05-26 22:00:00+00:00,109236.4296875,109872.9453125,109215.8828125,109373.640625,0
2025-05-26 23:00:00+00:00,109436.640625,109474.2578125,109131.609375,109224.3046875,0
2025-05-27 00:00:00+00:00,109173.0859375,109649.484375,109173.0859375,109459.1796875,0
2025-05-27 01:00:00+00:00,108389.3828125,109186.0859375,107650.1953125,109186.0859375,2901921792
2025-05-27 02:00:00+00:00,108309.71875,108669.546875,107971.765625,108381.21875,0
2025-05-27 03:00:00+00:00,108921.5703125,109205.9921875,108320.9765625,108320.9765625,1882689536
2025-05-27 04:00:00+00:00,108947.1484375,109297.6953125,108900.75,108902.5625,0
2025-05-27 05:00:00+00:00,108937.578125,108967.90625,108621.4375,108967.90625,273985536
2025-05-27 06:00:00+00:00,108881.1796875,109242.46875,108881.1796875,108924.2109375,535154688
2025-05-27 07:00:00+00:00,109485.7890625,109612.9453125,108893.5390625,108897.8125,465805312
2025-05-27 08:00:00+00:00,109658.46875,109749.6953125,109486.0703125,109486.0703125,239308800
2025-05-27 09:00:00+00:00,109864.3515625,109896.9921875,109534.46875,109678.7890625,0
2025-05-27 10:00:00+00:00,109722.765625,109867.203125,109682.0078125,109860.8828125,886243328
2025-05-27 11:00:00+00:00,109569.9609375,109748.3515625,109478.828125,109730.59375,33161216
2025-05-27 12:00:00+00:00,109616.2265625,109829.1796875,109505.21875,109577.8828125,330305536
2025-05-27 13:00:00+00:00,109915.8359375,110744.2109375,109605.03125,109611.390625,2901196800
2025-05-27 14:00:00+00:00,109330.8671875,110242.8203125,108793.234375,109857.6796875,2005999616
2025-05-27 15:00:00+00:00,110124.953125,110215.4296875,109138.078125,109415.4609375,0
2025-05-27 16:00:00+00:00,110256.0546875,110511.5546875,110033.984375,110182.1015625,0
2025-05-27 17:00:00+00:00,110352.234375,110456.3515625,110017.453125,110261.140625,0
2025-05-27 18:00:00+00:00,109912.7109375,110413.453125,109910.875,110281.2578125,2487894016
2025-05-27 19:00:00+00:00,109877.84375,110045.2109375,109661.078125,109930.6328125,362397696
2025-05-27 20:00:00+00:00,109634.78125,109918.96875,109634.78125,109873.703125,0
2025-05-27 21:00:00+00:00,108887.8359375,109683.53125,108887.8359375,109626.625,203075584
2025-05-27 22:00:00+00:00,109096.28125,109206.7421875,108681.484375,108942.109375,579112960
2025-05-27 23:00:00+00:00,109000.375,109172.75,108988.2578125,109072.2734375,0
2025-05-28 00:00:00+00:00,109233.4765625,109249.1015625,108752.2578125,108981.1875,0
2025-05-28 01:00:00+00:00,108830.984375,109270.5390625,108809.046875,109228.3984375,0
2025-05-28 02:00:00+00:00,108702.1953125,108870.484375,108483.0546875,108715.125,0
2025-05-28 03:00:00+00:00,108919.7578125,108948.3671875,108615.890625,108695.4453125,193613824
2025-05-28 04:00:00+00:00,109004.890625,109074.0390625,108683.9296875,108928.5234375,0
2025-05-28 05:00:00+00:00,109050.2109375,109104.015625,108892.7578125,109008.9453125,0
2025-05-28 06:00:00+00:00,108761.109375,109038.46875,108699.890625,109038.46875,36802560
2025-05-28 07:00:00+00:00,108853.1484375,109024.703125,108762.4921875,108762.4921875,0
2025-05-28 08:00:00+00:00,109047.75,109129.15625,108711.7890625,108853.7578125,0
2025-05-28 09:00:00+00:00,108793.3046875,109078.8359375,108594.390625,109078.8359375,228151296
2025-05-28 10:00:00+00:00,108901.5234375,108918.8203125,108368.6875,108828.296875,0
2025-05-28 11:00:00+00:00,108902.1171875,108965.859375,108776.09375,108888.8046875,0
2025-05-28 12:00:00+00:00,108914.5234375,109073.8671875,108837.609375,108901.375,0
2025-05-28 13:00:00+00:00,108085.828125,108976.046875,108085.828125,108912.4296875,0
2025-05-28 14:00:00+00:00,107550.1015625,108229.3125,107550.1015625,108100.6953125,0
2025-05-28 15:00:00+00:00,107127.671875,107688.4453125,107127.671875,107568.46875,194473984
2025-05-28 16:00:00+00:00,107386.703125,107456.078125,107139.46875,107139.46875,0
2025-05-28 17:00:00+00:00,107716.046875,107840.7578125,107387.578125,107387.578125,121647104
2025-05-28 18:00:00+00:00,107483.671875,107853.0859375,107452.3046875,107710.1328125,0
2025-05-28 19:00:00+00:00,107142.9921875,107794.46875,107043.40625,107489.8203125,0
2025-05-28 20:00:00+00:00,107350.0,107408.0078125,106815.796875,106982.2421875,1022988288
2025-05-28 21:00:00+00:00,107441.1875,107569.3984375,107231.3359375,107343.8359375,0
2025-05-28 22:00:00+00:00,107460.859375,107521.484375,107191.828125,107521.484375,0
2025-05-28 23:00:00+00:00,107772.6796875,108034.8984375,107436.765625,107436.765625,1288249344
2025-05-29 00:00:00+00:00,108141.15625,108141.15625,107489.9765625,107796.3359375,0
2025-05-29 01:00:00+00:00,108237.421875,108287.3046875,107865.34375,108267.03125,668962816
2025-05-29 02:00:00+00:00,108425.1328125,108472.3515625,107973.9140625,108170.234375,0
2025-05-29 03:00:00+00:00,108042.453125,108446.609375,108012.4765625,108446.609375,111083520
2025-05-29 04:00:00+00:00,107603.8515625,108109.96875,107192.5859375,108054.5,687099904
2025-05-29 05:00:00+00:00,107692.265625,107752.6328125,107563.328125,107586.15625,310857728
2025-05-29 06:00:00+00:00,107855.1171875,107961.3125,107696.046875,107696.046875,897953792
2025-05-29 07:00:00+00:00,107865.296875,108013.046875,107789.890625,107920.2109375,205242368
2025-05-29 08:00:00+00:00,108488.7265625,108488.7265625,107772.328125,107876.078125,577310720
2025-05-29 09:00:00+00:00,108573.3203125,108593.484375,108369.1953125,108512.2890625,0
2025-05-29 10:00:00+00:00,108843.71875,108843.71875,108440.703125,108564.3203125,0
2025-05-29 11:00:00+00:00,108751.71875,108904.2578125,108728.6015625,108787.5390625,1171755008
2025-05-29 12:00:00+00:00,108483.84375,108790.5390625,108411.3203125,108778.1484375,0
2025-05-29 13:00:00+00:00,107577.1171875,108578.0078125,107529.25,108468.5625,330301440
2025-05-29 14:00:00+00:00,107789.4609375,107789.4609375,106512.859375,107603.140625,872648704
2025-05-29 15:00:00+00:00,107053.9296875,107744.453125,107053.9296875,107693.625,0
2025-05-29 16:00:00+00:00,106819.109375,107130.4921875,106702.9140625,107040.5703125,1412075520
2025-05-29 17:00:00+00:00,106313.7265625,106846.5546875,106183.7421875,106773.15625,0
2025-05-29 18:00:00+00:00,105939.453125,106545.015625,105939.453125,106325.8046875,390434816
2025-05-29 19:00:00+00:00,105747.8984375,106027.1796875,105661.8046875,105844.0703125,0
2025-05-29 20:00:00+00:00,106143.7890625,106192.2109375,105730.46875,105730.46875,2509725696
2025-05-29 21:00:00+00:00,106444.9921875,106444.9921875,106154.75,106161.34375,0
2025-05-29 22:00:00+00:00,105961.0703125,106434.5,105961.0703125,106434.5,282030080
2025-05-29 23:00:00+00:00,105617.1640625,106062.1640625,105374.3984375,105948.2734375,0
2025-05-30 00:00:00+00:00,104832.375,106150.4140625,104832.375,105593.25,0
2025-05-30 01:00:00+00:00,105690.1484375,105897.3515625,105094.8125,105157.1875,162095104
2025-05-30 02:00:00+00:00,105998.984375,106143.578125,105676.4375,105676.4375,2361393152
2025-05-30 03:00:00+00:00,105985.21875,106190.6328125,105951.9453125,105994.1015625,0
2025-05-30 04:00:00+00:00,106137.40625,106137.40625,105931.5703125,106034.640625,0
2025-05-30 05:00:00+00:00,106102.734375,106301.234375,106073.515625,106123.6796875,2026123264
2025-05-30 06:00:00+00:00,105719.453125,106129.921875,105581.4765625,106105.5625,434126848
2025-05-30 07:00:00+00:00,104966.640625,105830.6875,104814.046875,105732.125,986726400
2025-05-30 08:00:00+00:00,105268.59375,105369.578125,104918.328125,105030.484375,646381568
2025-05-30 09:00:00+00:00,105641.78125,105641.78125,104660.796875,105200.8359375,534155264
2025-05-30 10:00:00+00:00,105907.203125,105907.203125,105356.8359375,105652.078125,633749504
2025-05-30 11:00:00+00:00,105956.578125,105956.578125,105755.03125,105920.65625,643964928
2025-05-30 12:00:00+00:00,105738.0546875,105969.9140625,105310.4453125,105899.8515625,0
2025-05-30 13:00:00+00:00,105535.015625,105956.71875,105439.25,105704.359375,0
2025-05-30 14:00:00+00:00,105411.6015625,105825.4140625,105120.1328125,105673.5390625,0
2025-05-30 15:00:00+00:00,105571.359375,105797.3203125,105389.4453125,105403.0390625,1609388032
2025-05-30 16:00:00+00:00,103865.6171875,105543.328125,103726.5859375,105543.328125,123764736
2025-05-30 17:00:00+00:00,104148.859375,104257.71875,103867.3046875,103867.3046875,489631744
2025-05-30 18:00:00+00:00,104884.765625,104898.390625,104127.125,104178.046875,0
2025-05-30 19:00:00+00:00,104706.25,104964.078125,104512.4140625,104907.53125,0
2025-05-30 20:00:00+00:00,104558.390625,104803.2265625,104425.8125,104624.25,0
2025-05-30 21:00:00+00:00,104652.125,104885.6328125,104602.984375,104602.984375,0
2025-05-30 22:00:00+00:00,104061.65625,104695.1015625,104052.125,104651.3828125,0
2025-05-30 23:00:00+00:00,103999.2734375,104232.40625,103709.8671875,104060.09375,255565824
2025-05-31 00:00:00+00:00,103969.015625,104294.1171875,103677.171875,104007.5859375,350343168
2025-05-31 01:00:00+00:00,103458.609375,104200.1796875,103411.59375,103989.1328125,0
2025-05-31 02:00:00+00:00,103251.9140625,103852.3828125,103210.625,103517.0078125,154894336
2025-05-31 03:00:00+00:00,103673.4296875,103686.8125,103185.2109375,103220.765625,452493312
2025-05-31 04:00:00+00:00,103849.375,103849.375,103528.3359375,103673.4296875,0
2025-05-31 05:00:00+00:00,103587.921875,103900.40625,103587.921875,103839.0234375,0
2025-05-31 06:00:00+00:00,103899.9765625,103925.6171875,103573.1953125,103574.046875,0
2025-05-31 07:00:00+00:00,103804.96875,103895.6484375,103696.0234375,103895.6484375,0
2025-05-31 08:00:00+00:00,103751.875,103837.5,103573.3046875,103802.546875,0
2025-05-31 09:00:00+00:00,103590.3359375,103753.3203125,103540.5546875,103721.5234375,0
2025-05-31 10:00:00+00:00,103414.59375,103597.8125,103353.03125,103570.296875,0
2025-05-31 11:00:00+00:00,103510.40625,103535.3671875,103364.609375,103428.390625,0
2025-05-31 12:00:00+00:00,104023.484375,104023.484375,103521.21875,103521.21875,0
2025-05-31 13:00:00+00:00,104120.046875,104218.078125,104045.7578125,104045.7578125,0
2025-05-31 14:00:00+00:00,104554.296875,104554.296875,104146.765625,104146.765625,0
2025-05-31 15:00:00+00:00,104596.9140625,104880.7109375,104515.421875,104591.1640625,0
2025-05-31 16:00:00+00:00,104571.5859375,104818.84375,104482.3984375,104596.890625,0
2025-05-31 17:00:00+00:00,104391.71875,104639.3046875,104341.8671875,104541.59375,0
2025-05-31 18:00:00+00:00,104528.7578125,104651.4765625,104393.28125,104397.65625,0
2025-05-31 19:00:00+00:00,104736.578125,104778.8203125,104532.1171875,104532.1171875,0
2025-05-31 20:00:00+00:00,104817.984375,104839.0546875,104601.59375,104747.296875,0
2025-05-31 21:00:00+00:00,104842.921875,104927.1015625,104713.125,104825.0859375,28516352
2025-05-31 22:00:00+00:00,104691.8828125,104913.21875,104689.625,104863.421875,0
2025-05-31 23:00:00+00:00,104654.40625,104864.859375,104554.125,104681.6171875,0
2025-06-01 00:00:00+00:00,104459.8203125,104674.0,104402.578125,104674.0,0
2025-06-01 01:00:00+00:00,104115.1796875,104529.5390625,104076.3984375,104475.921875,0
2025-06-01 02:00:00+00:00,104264.4921875,104330.4921875,103992.984375,104159.0390625,115621888
2025-06-01 03:00:00+00:00,104448.6640625,104482.0859375,104043.8125,104240.390625,0
2025-06-01 04:00:00+00:00,104699.765625,104737.265625,104433.015625,104442.609375,1664417792
2025-06-01 05:00:00+00:00,104577.6640625,104731.5,104516.9296875,104655.28125,0
2025-06-01 06:00:00+00:00,104298.453125,104577.96875,104286.4140625,104577.96875,0
2025-06-01 07:00:00+00:00,104314.8515625,104397.546875,104262.234375,104303.296875,0
2025-06-01 08:00:00+00:00,104344.25,104387.875,104277.125,104327.171875,0
2025-06-01 09:00:00+00:00,103858.09375,104484.0078125,103836.921875,104416.0234375,274432000
2025-06-01 10:00:00+00:00,103929.5,104057.4765625,103842.2421875,103946.3046875,50794496
2025-06-01 11:00:00+00:00,104125.9453125,104180.6171875,103906.265625,103941.328125,21266432
2025-06-01 12:00:00+00:00,103990.0078125,104225.1953125,103843.171875,104119.859375,0
2025-06-01 13:00:00+00:00,104295.1953125,104420.171875,103998.9765625,103998.9765625,0
2025-06-01 14:00:00+00:00,104657.4765625,104799.875,104308.7578125,104308.7578125,0
2025-06-01 15:00:00+00:00,104745.3515625,104820.8359375,104581.7265625,104658.9296875,0
2025-06-01 16:00:00+00:00,105229.2421875,105278.71875,104736.0625,104751.046875,901898240
2025-06-01 17:00:00+00:00,105116.3125,105217.5390625,105066.65625,105093.8203125,0
2025-06-01 18:00:00+00:00,104870.0234375,105118.2421875,104444.625,105113.453125,302485504
2025-06-01 19:00:00+00:00,105155.9765625,105175.4453125,104881.828125,104923.71875,1301114880
2025-06-01 20:00:00+00:00,104994.3046875,105318.3828125,104977.0234375,105146.984375,0
2025-06-01 21:00:00+00:00,105497.5390625,105498.859375,104989.328125,104989.421875,1491116032
2025-06-01 22:00:00+00:00,105536.9453125,105764.078125,105499.140625,105512.1484375,1274052608
2025-06-01 23:00:00+00:00,105669.28125,105864.7890625,105535.5625,105541.3359375,0
2025-06-02 00:00:00+00:00,105486.0234375,105723.5,105486.0234375,105660.390625,255758336
2025-06-02 01:00:00+00:00,105459.078125,105674.3359375,105417.2578125,105479.40625,0
2025-06-02 02:00:00+00:00,105070.34375,105456.8828125,105070.34375,105437.2890625,0
2025-06-02 03:00:00+00:00,104907.140625,105079.2421875,104625.3046875,105079.2421875,1224933376
2025-06-02 04:00:00+00:00,104771.9453125,105015.640625,104758.8671875,104891.8515625,0
2025-06-02 05:00:00+00:00,104845.4375,104950.8671875,104676.4609375,104781.6953125,964550656
2025-06-02 06:00:00+00:00,105193.90625,105246.546875,104796.8125,104852.5625,345231360
2025-06-02 07:00:00+00:00,105392.6640625,105466.640625,105209.7265625,105209.7265625,536174592
2025-06-02 08:00:00+00:00,105398.4609375,105919.015625,105327.0546875,105420.3671875,0
2025-06-02 09:00:00+00:00,104618.125,105366.3359375,104575.84375,105366.3359375,1133068288
2025-06-02 10:00:00+00:00,104412.7734375,104669.0546875,104344.5390625,104660.2421875,388603904
2025-06-02 11:00:00+00:00,104065.5234375,104507.8359375,104062.375,104423.5625,654274560
2025-06-02 12:00:00+00:00,104172.65625,104285.75,103926.6171875,104076.3671875,437628928
2025-06-02 13:00:00+00:00,103806.984375,104510.8671875,103806.984375,104234.59375,0
2025-06-02 14:00:00+00:00,104160.8203125,104674.40625,103737.8515625,103823.296875,3404406784
2025-06-02 15:00:00+00:00,104426.8359375,104541.453125,103976.75,104201.9609375,0
2025-06-02 16:00:00+00:00,104359.640625,104466.234375,104106.3671875,104466.234375,187043840
2025-06-02 17:00:00+00:00,104441.578125,104529.4375,104165.7890625,104351.6796875,0
2025-06-02 18:00:00+00:00,104347.75,104733.4375,104271.3671875,104446.0,60813312
2025-06-02 19:00:00+00:00,104489.3515625,104545.4296875,104120.7421875,104376.7578125,912687104
2025-06-02 20:00:00+00:00,104902.9921875,104992.203125,104473.9609375,104473.9609375,493817856
2025-06-02 21:00:00+00:00,104935.859375,105097.5703125,104640.7734375,104908.9765625,0
2025-06-02 22:00:00+00:00,105714.2734375,105795.421875,104963.4765625,104963.4765625,910000128
2025-06-02 23:00:00+00:00,105885.8046875,105951.734375,105641.2109375,105740.0703125,444559360
2025-06-03 00:00:00+00:00,106297.7890625,106390.0703125,105803.65625,105880.5625,1485455360
2025-06-03 01:00:00+00:00,106477.078125,106477.078125,106208.0859375,106326.5546875,523661312
2025-06-03 02:00:00+00:00,105749.8671875,106502.6328125,105679.390625,106500.7109375,0
2025-06-03 03:00:00+00:00,105528.21875,105740.0625,105473.7734375,105691.1953125,0
2025-06-03 04:00:00+00:00,105210.4140625,105554.5546875,105173.0546875,105538.4609375,940662784
2025-06-03 05:00:00+00:00,105485.1015625,105485.1015625,105212.6171875,105212.6171875,320806912
2025-06-03 06:00:00+00:00,105365.5234375,105492.1953125,105266.7578125,105491.5625,0
2025-06-03 07:00:00+00:00,105230.40625,105470.1953125,105228.234375,105462.046875,0
2025-06-03 08:00:00+00:00,105120.796875,105281.359375,104924.265625,105245.5859375,0
2025-06-03 09:00:00+00:00,105238.96875,105306.6484375,105100.71875,105144.6796875,711680000
2025-06-03 10:00:00+00:00,105320.375,105380.1484375,105195.453125,105230.2109375,0
2025-06-03 11:00:00+00:00,105319.84375,105399.53125,105260.8828125,105335.7734375,0
2025-06-03 12:00:00+00:00,105392.4765625,105449.1875,105293.3203125,105338.015625,0
2025-06-03 13:00:00+00:00,105571.84375,105664.4453125,105213.4140625,105378.609375,1825193984
2025-06-03 14:00:00+00:00,106613.21875,106704.9921875,105254.4765625,105518.546875,0
2025-06-03 15:00:00+00:00,106691.7109375,106791.046875,106463.4921875,106620.5703125,1043812352
2025-06-03 16:00:00+00:00,105881.9140625,106668.8125,105881.9140625,106668.8125,539574272
2025-06-03 17:00:00+00:00,105982.4453125,106161.53125,105892.390625,105892.390625,1205415936
2025-06-03 18:00:00+00:00,106055.7734375,106058.84375,105665.375,105981.2421875,0
2025-06-03 19:00:00+00:00,106208.6796875,106450.328125,106093.09375,106093.09375,343089152
2025-06-03 20:00:00+00:00,105772.5234375,106284.3828125,105471.8984375,106284.3828125,0
2025-06-03 21:00:00+00:00,105429.8203125,105878.484375,105378.875,105803.0234375,0
2025-06-03 22:00:00+00:00,105804.9375,105942.078125,105449.71875,105460.078125,253747200
2025-06-03 23:00:00+00:00,105445.9296875,105807.453125,105351.5,105807.453125,0
2025-06-04 00:00:00+00:00,105536.9765625,105547.1015625,105214.53125,105437.203125,0
2025-06-04 01:00:00+00:00,105614.3515625,105768.4296875,105521.0625,105536.8671875,710565888
2025-06-04 02:00:00+00:00,105546.2421875,105868.390625,105524.859375,105648.265625,0
2025-06-04 03:00:00+00:00,105581.59375,105767.2890625,105542.734375,105542.734375,0
2025-06-04 04:00:00+00:00,105490.890625,105679.5078125,105473.1796875,105580.796875,499888128
2025-06-04 05:00:00+00:00,105457.625,105575.1796875,105416.953125,105474.4453125,508915712
2025-06-04 06:00:00+00:00,105382.640625,105481.890625,105335.5625,105449.1015625,76066816
2025-06-04 07:00:00+00:00,105397.3125,105462.8125,105323.484375,105377.859375,0
2025-06-04 08:00:00+00:00,105535.3046875,105601.3515625,105382.359375,105394.65625,0
2025-06-04 09:00:00+00:00,105876.0859375,105918.6015625,105390.09375,105495.4921875,0
2025-06-04 10:00:00+00:00,105728.4921875,105994.4609375,105710.3671875,105907.953125,1051430912
2025-06-04 11:00:00+00:00,105155.359375,105802.8359375,105153.1953125,105736.265625,1316601856
2025-06-04 12:00:00+00:00,105099.109375,105195.9765625,104911.828125,105087.3046875,782876672
2025-06-04 13:00:00+00:00,104792.6796875,105274.0234375,104792.6796875,105075.1953125,0
2025-06-04 14:00:00+00:00,105015.71875,105015.71875,104283.515625,104797.6015625,0
2025-06-04 15:00:00+00:00,105398.4765625,105566.390625,105025.4765625,105045.5546875,0
2025-06-04 16:00:00+00:00,105483.09375,105483.09375,105155.1328125,105337.21875,77086720
2025-06-04 17:00:00+00:00,105090.0234375,105483.3359375,105025.8515625,105483.3359375,0
2025-06-04 18:00:00+00:00,105001.96875,105312.953125,104975.5703125,105206.28125,4923392
2025-06-04 19:00:00+00:00,105065.2578125,105103.9921875,104934.5703125,105001.0546875,366460928
2025-06-04 20:00:00+00:00,104618.2890625,104994.734375,104501.8984375,104994.734375,0
2025-06-04 21:00:00+00:00,104997.484375,105065.6640625,104614.7421875,104641.84375,368529408
2025-06-04 22:00:00+00:00,104858.3203125,105041.25,104821.765625,104984.5,0
2025-06-04 23:00:00+00:00,104723.546875,104898.875,104686.25,104845.21875,573620224
2025-06-05 00:00:00+00:00,104999.125,104999.125,104734.6484375,104749.8515625,0
2025-06-05 01:00:00+00:00,104800.5390625,105147.609375,104764.5546875,104997.0234375,0
2025-06-05 02:00:00+00:00,105061.1875,105256.7421875,104778.6328125,104778.6328125,584593408
2025-06-05 03:00:00+00:00,105074.8046875,105102.953125,104927.8203125,105050.96875,0
2025-06-05 04:00:00+00:00,105215.046875,105238.5390625,105081.328125,105081.328125,0
2025-06-05 05:00:00+00:00,104675.421875,105215.5234375,104639.0546875,105215.5234375,0
2025-06-05 06:00:00+00:00,104497.1640625,104731.9609375,104439.8046875,104697.1796875,742694912
2025-06-05 07:00:00+00:00,104553.078125,104650.203125,104492.6015625,104492.6015625,95326208
2025-06-05 08:00:00+00:00,104697.125,104708.71875,104518.8671875,104553.2734375,106295296
2025-06-05 09:00:00+00:00,104954.7421875,104954.7421875,104712.2265625,104712.2265625,0
2025-06-05 10:00:00+00:00,104700.6875,104950.171875,104593.3515625,104950.171875,0
2025-06-05 11:00:00+00:00,104880.4921875,104885.3359375,104596.703125,104705.4609375,0
2025-06-05 12:00:00+00:00,105723.625,105808.4921875,104856.1328125,104882.6484375,0
2025-06-05 13:00:00+00:00,104432.7734375,105932.75,104424.0078125,105704.78125,642629632
2025-06-05 14:00:00+00:00,104598.7890625,104845.5078125,103989.0234375,104493.46875,1514012672
2025-06-05 15:00:00+00:00,104708.0546875,104870.453125,104414.8203125,104677.125,0
2025-06-05 16:00:00+00:00,103426.6015625,104602.515625,103426.6015625,104569.09375,228081664
2025-06-05 17:00:00+00:00,103260.828125,103586.6953125,103234.296875,103336.1953125,1204658176
2025-06-05 18:00:00+00:00,103051.453125,103346.2734375,102665.8828125,103284.15625,1039179776
2025-06-05 19:00:00+00:00,102017.5625,103039.2109375,101758.4296875,103039.2109375,3216236544
2025-06-05 20:00:00+00:00,100587.2421875,102144.90625,100566.4921875,101936.6796875,3191234560
2025-06-05 21:00:00+00:00,101624.2578125,101667.2421875,100501.6953125,100501.6953125,3734679552
2025-06-05 22:00:00+00:00,101565.2734375,101743.0625,101111.8828125,101605.75,1167167488
2025-06-05 23:00:00+00:00,101675.9609375,101842.4921875,101548.1484375,101548.1484375,876036096
2025-06-06 00:00:00+00:00,101938.3984375,101946.796875,101272.953125,101543.8203125,11071488
2025-06-06 01:00:00+00:00,101896.6171875,101980.1484375,101749.3671875,101942.828125,1228824576
2025-06-06 02:00:00+00:00,102144.0859375,102145.34375,101600.515625,101895.4765625,0
2025-06-06 03:00:00+00:00,102546.6953125,102569.1875,102108.6796875,102228.8515625,1080938496
2025-06-06 04:00:00+00:00,102817.234375,102835.2734375,102462.8984375,102551.6640625,0
2025-06-06 05:00:00+00:00,103012.9765625,103012.9765625,102760.625,102834.890625,1323294720
2025-06-06 06:00:00+00:00,103220.3203125,103247.1875,102959.2578125,102987.8203125,171622400
2025-06-06 07:00:00+00:00,103198.1015625,103487.25,103122.6796875,103218.0390625,1784131584
2025-06-06 08:00:00+00:00,103584.484375,103632.59375,103209.84375,103209.84375,438439936
2025-06-06 09:00:00+00:00,103717.6953125,103778.1015625,103576.3515625,103576.3515625,474378240
2025-06-06 10:00:00+00:00,103771.671875,103839.515625,103632.703125,103708.9453125,258109440
2025-06-06 11:00:00+00:00,104004.328125,104010.90625,103717.4921875,103737.5859375,555692032
2025-06-06 12:00:00+00:00,103887.171875,104230.0546875,103678.1171875,104004.5390625,0
2025-06-06 13:00:00+00:00,104158.90625,104570.3515625,103880.5859375,103880.5859375,429248512
2025-06-06 14:00:00+00:00,104826.9921875,104886.0390625,104161.390625,104173.15625,0
2025-06-06 15:00:00+00:00,105098.6015625,105362.515625,104724.9765625,104866.734375,780734464
2025-06-06 16:00:00+00:00,104838.75,105324.734375,104835.4921875,105156.5859375,0
2025-06-06 17:00:00+00:00,104994.859375,104994.859375,104570.78125,104820.4609375,0
2025-06-06 18:00:00+00:00,104581.625,105020.734375,104549.8515625,105016.3125,0
2025-06-06 19:00:00+00:00,104228.1015625,104647.40625,104173.1015625,104575.734375,0
2025-06-06 20:00:00+00:00,104568.2890625,104671.125,104262.265625,104290.7578125,0
2025-06-06 21:00:00+00:00,104483.25,104566.796875,104379.109375,104566.796875,0
2025-06-06 22:00:00+00:00,104568.5,104571.34375,104353.421875,104476.125,0
2025-06-06 23:00:00+00:00,104395.796875,104577.2734375,104303.4609375,104577.2734375,0
2025-06-07 00:00:00+00:00,104581.3203125,104581.3203125,104007.3125,104391.6640625,0
2025-06-07 01:00:00+00:00,104568.3515625,104622.1171875,104471.78125,104566.2421875,809848832
2025-06-07 02:00:00+00:00,104649.1171875,104664.734375,104437.3203125,104557.15625,0
2025-06-07 03:00:00+00:00,104958.9921875,104973.5234375,104596.171875,104641.046875,758587392
2025-06-07 04:00:00+00:00,104896.296875,104962.515625,104744.609375,104957.671875,0
2025-06-07 05:00:00+00:00,104984.046875,105070.890625,104832.578125,104901.9375,0
2025-06-07 06:00:00+00:00,105350.8828125,105350.8828125,104880.0078125,104968.171875,0
2025-06-07 07:00:00+00:00,104946.4921875,105377.859375,104939.078125,105377.859375,0
2025-06-07 08:00:00+00:00,104831.1875,105008.828125,104815.546875,104990.765625,0
2025-06-07 09:00:00+00:00,104909.703125,105010.90625,104822.7578125,104822.7578125,378245120
2025-06-07 10:00:00+00:00,105208.9375,105228.703125,104913.171875,104917.234375,0
2025-06-07 11:00:00+00:00,105133.96875,105324.3984375,105133.96875,105206.7734375,0
2025-06-07 12:00:00+00:00,105501.484375,105708.9609375,105197.1015625,105197.1015625,560287744
2025-06-07 13:00:00+00:00,105710.0703125,105865.21875,105403.796875,105516.25,0
2025-06-07 14:00:00+00:00,105519.5625,105725.890625,105483.59375,105725.890625,0
2025-06-07 15:00:00+00:00,105616.109375,105632.5859375,105429.3203125,105518.1484375,0
2025-06-07 16:00:00+00:00,105402.3359375,105723.3671875,105369.40625,105615.515625,0
2025-06-07 17:00:00+00:00,105446.640625,105602.578125,105413.46875,105413.46875,0
2025-06-07 18:00:00+00:00,105658.5546875,105846.859375,105457.53125,105457.53125,166633472
2025-06-07 19:00:00+00:00,105771.53125,105924.46875,105649.4375,105649.4375,0
2025-06-07 20:00:00+00:00,105912.9375,105964.078125,105778.53125,105778.53125,0
2025-06-07 21:00:00+00:00,105876.5390625,105936.2109375,105823.0390625,105917.5859375,0
2025-06-07 22:00:00+00:00,105881.515625,105951.546875,105756.75,105840.8828125,0
2025-06-07 23:00:00+00:00,105626.4375,105873.453125,105626.4375,105870.8671875,0
2025-06-08 00:00:00+00:00,105521.3203125,105685.078125,105507.7109375,105633.796875,0
2025-06-08 01:00:00+00:00,105768.5390625,105804.6171875,105471.7265625,105527.28125,1053331456
2025-06-08 02:00:00+00:00,105540.9765625,105754.171875,105540.9765625,105754.171875,0
2025-06-08 03:00:00+00:00,105543.2109375,105552.6328125,105461.28125,105536.96875,0
2025-06-08 04:00:00+00:00,105651.5234375,105678.9375,105476.328125,105545.046875,0
2025-06-08 05:00:00+00:00,105490.125,105697.78125,105490.125,105663.2265625,0
2025-06-08 06:00:00+00:00,105527.515625,105650.609375,105488.3515625,105497.71875,0
2025-06-08 07:00:00+00:00,105473.5078125,105597.109375,105473.5078125,105500.296875,0
2025-06-08 08:00:00+00:00,105413.9296875,105552.2890625,105413.9296875,105488.78125,0
2025-06-08 09:00:00+00:00,105231.4296875,105461.8046875,105219.0390625,105438.9140625,361394176
2025-06-08 10:00:00+00:00,105413.7734375,105493.0,105083.140625,105205.890625,223838208
2025-06-08 11:00:00+00:00,105706.3203125,105710.1328125,105403.84375,105403.84375,0
2025-06-08 12:00:00+00:00,105757.328125,105803.0078125,105595.6953125,105715.421875,565559296
2025-06-08 13:00:00+00:00,105734.328125,106079.9375,105704.2109375,105761.796875,0
2025-06-08 14:00:00+00:00,105884.3203125,105919.625,105643.5859375,105668.8984375,0
2025-06-08 15:00:00+00:00,106040.9453125,106116.0,105877.5859375,105877.5859375,1260371968
2025-06-08 16:00:00+00:00,106242.3046875,106302.7890625,106030.953125,106038.8671875,116109312
2025-06-08 17:00:00+00:00,106195.125,106385.453125,106195.125,106231.5234375,0
2025-06-08 18:00:00+00:00,106365.0703125,106372.0859375,106129.28125,106154.5546875,368418816
2025-06-08 19:00:00+00:00,106338.0859375,106390.3359375,106248.4609375,106361.890625,0
2025-06-08 20:00:00+00:00,106200.3359375,106372.8359375,106198.2109375,106347.7265625,0
2025-06-08 21:00:00+00:00,106381.9765625,106485.609375,106207.4296875,106207.4296875,1148321792
2025-06-08 22:00:00+00:00,105820.59375,106411.3828125,105774.109375,106411.3828125,265580544
2025-06-08 23:00:00+00:00,105739.796875,105802.484375,105631.6796875,105747.5234375,303894528
2025-06-09 00:00:00+00:00,105745.4453125,106003.3203125,105664.109375,105791.4609375,1150730240
2025-06-09 01:00:00+00:00,105574.3125,105765.9921875,105525.1953125,105752.9765625,0
2025-06-09 02:00:00+00:00,105664.2421875,105788.828125,105572.296875,105583.0390625,1286242304
2025-06-09 03:00:00+00:00,105691.328125,105732.546875,105411.84375,105647.75,0
2025-06-09 04:00:00+00:00,105541.859375,105772.6953125,105535.90625,105714.2578125,633282560
2025-06-09 05:00:00+00:00,105494.1015625,105575.234375,105402.28125,105519.890625,1417805824
2025-06-09 06:00:00+00:00,105736.3125,105747.03125,105417.0234375,105475.234375,0
2025-06-09 07:00:00+00:00,105640.0078125,105750.296875,105578.8203125,105750.296875,1083232256
2025-06-09 08:00:00+00:00,106003.609375,106003.609375,105586.3984375,105638.8671875,0
2025-06-09 09:00:00+00:00,106713.3046875,106901.3984375,105892.7109375,105978.6015625,1928982528
2025-06-09 10:00:00+00:00,107242.890625,107475.2578125,106639.828125,106677.328125,2283589632
2025-06-09 11:00:00+00:00,107774.4609375,107848.8515625,107228.8515625,107232.546875,1426690048
2025-06-09 12:00:00+00:00,107834.6484375,107961.0625,107617.6171875,107757.421875,505147392
2025-06-09 13:00:00+00:00,107159.1875,107883.7109375,106962.0234375,107799.3125,0
2025-06-09 14:00:00+00:00,107630.5390625,107997.8359375,107218.4921875,107241.2109375,3133861888
2025-06-09 15:00:00+00:00,107748.6796875,108021.890625,107640.0546875,107648.6640625,1607184384
2025-06-09 16:00:00+00:00,107773.015625,108097.09375,107749.1875,107749.1875,0
2025-06-09 17:00:00+00:00,108397.203125,108429.796875,107764.484375,107764.484375,2169987072
2025-06-09 18:00:00+00:00,108499.46875,108580.4921875,108390.765625,108402.1953125,0
2025-06-09 19:00:00+00:00,108602.9375,108806.828125,108442.0390625,108520.9921875,2122510336
2025-06-09 20:00:00+00:00,108753.6015625,108801.3828125,108549.59375,108641.0546875,506204160
2025-06-09 21:00:00+00:00,110035.6015625,110308.65625,108765.078125,108765.078125,4059193344
2025-06-09 22:00:00+00:00,110192.8046875,110393.71875,109811.6484375,109998.421875,1260240896
2025-06-09 23:00:00+00:00,110295.875,110300.4765625,109934.1171875,110179.625,0
2025-06-10 00:00:00+00:00,109971.0234375,110324.0859375,109959.78125,110301.3984375,1619398656
2025-06-10 01:00:00+00:00,109815.7578125,109950.1953125,109697.3046875,109950.1953125,1238208512
2025-06-10 02:00:00+00:00,109690.0234375,109818.3984375,109436.7890625,109818.3984375,0
2025-06-10 03:00:00+00:00,109569.8359375,109691.0625,109444.7109375,109690.4453125,0
2025-06-10 04:00:00+00:00,109552.34375,109651.3125,109408.125,109593.71875,924565504
2025-06-10 05:00:00+00:00,109378.296875,109739.5859375,109241.9453125,109543.546875,137576448
2025-06-10 06:00:00+00:00,109547.21875,109635.3046875,109197.6640625,109347.3515625,0
2025-06-10 07:00:00+00:00,109268.703125,109521.421875,109131.2890625,109506.3515625,1776607232
2025-06-10 08:00:00+00:00,109102.0703125,109425.0,109086.6796875,109265.1015625,0
2025-06-10 09:00:00+00:00,109524.046875,109524.046875,109100.5703125,109100.5703125,303226880
2025-06-10 10:00:00+00:00,109325.9453125,109542.109375,109307.78125,109537.921875,0
2025-06-10 11:00:00+00:00,109551.453125,109853.6015625,109277.859375,109330.2109375,0
2025-06-10 12:00:00+00:00,109696.921875,109696.921875,109461.6875,109578.625,0
2025-06-10 13:00:00+00:00,109290.71875,109857.5546875,108930.375,109703.0234375,328900608
2025-06-10 14:00:00+00:00,108635.9609375,109329.375,108534.921875,109307.96875,838643712
2025-06-10 15:00:00+00:00,109028.9765625,109189.7265625,108400.234375,108657.8359375,1153941504
2025-06-10 16:00:00+00:00,108698.125,109223.703125,108698.125,109055.0390625,507117568
2025-06-10 17:00:00+00:00,108736.859375,109047.9296875,108662.8515625,108726.578125,0
2025-06-10 18:00:00+00:00,109378.1796875,109433.578125,108609.1875,108671.0078125,0
2025-06-10 19:00:00+00:00,109439.390625,110336.6484375,109312.09375,109312.09375,2437554176
2025-06-10 20:00:00+00:00,109977.2578125,109977.2578125,109306.703125,109473.953125,569237504
2025-06-10 21:00:00+00:00,109839.5390625,109986.2265625,109476.0703125,109974.796875,0
2025-06-10 22:00:00+00:00,109742.703125,110146.7890625,109649.4140625,109867.2734375,0
2025-06-10 23:00:00+00:00,110272.2734375,110272.2734375,109619.359375,109725.0546875,0
2025-06-11 00:00:00+00:00,109818.015625,110259.0625,109818.015625,110250.765625,931225600
2025-06-11 01:00:00+00:00,109612.796875,109829.8125,109580.390625,109829.8125,0
2025-06-11 02:00:00+00:00,109691.453125,109814.9609375,109578.5078125,109621.6796875,0
2025-06-11 03:00:00+00:00,109733.734375,109841.515625,109652.9140625,109691.609375,0
2025-06-11 04:00:00+00:00,109582.7109375,109736.03125,109580.6875,109736.0,0
2025-06-11 05:00:00+00:00,109527.5078125,109667.6484375,109488.453125,109597.8515625,432140288
2025-06-11 06:00:00+00:00,109611.7734375,109630.7578125,109375.0,109489.5,0
2025-06-11 07:00:00+00:00,109456.3515625,109707.9921875,109456.3515625,109609.3515625,0
2025-06-11 08:00:00+00:00,109597.2265625,109640.234375,109454.5234375,109454.5234375,0
2025-06-11 09:00:00+00:00,109253.6171875,109586.2265625,109245.8046875,109586.2265625,0
2025-06-11 10:00:00+00:00,109359.2109375,109405.828125,109243.40625,109264.5859375,1064906752
2025-06-11 11:00:00+00:00,109241.625,109378.828125,109196.6953125,109368.578125,0
2025-06-11 12:00:00+00:00,109624.5625,109823.9921875,109067.578125,109248.90625,1359851520
2025-06-11 13:00:00+00:00,109640.390625,109867.40625,109333.0078125,109682.5234375,0
2025-06-11 14:00:00+00:00,109864.5390625,110350.59375,109646.921875,109673.5078125,508616704
2025-06-11 15:00:00+00:00,109709.2734375,110037.5703125,109703.4609375,109878.6796875,0
2025-06-11 16:00:00+00:00,109439.1640625,109802.875,109418.234375,109744.3359375,20291584
2025-06-11 17:00:00+00:00,109120.078125,109735.1328125,109099.484375,109442.59375,0
2025-06-11 18:00:00+00:00,108862.140625,109037.6640625,108516.7578125,108989.15625,1899327488
2025-06-11 19:00:00+00:00,108727.84375,108959.0078125,108631.46875,108845.9609375,0
2025-06-11 20:00:00+00:00,108913.375,108995.546875,108520.3828125,108724.6171875,0
2025-06-11 21:00:00+00:00,108516.9140625,109195.5,108454.7109375,108921.5546875,0
2025-06-11 22:00:00+00:00,108439.65625,108634.7109375,108160.1953125,108501.0,1349865472
2025-06-11 23:00:00+00:00,108683.1328125,108704.6328125,108374.859375,108374.859375,0
2025-06-12 00:00:00+00:00,108724.734375,108775.78125,108392.078125,108687.65625,0
2025-06-12 01:00:00+00:00,108487.7578125,108726.78125,108297.9453125,108726.78125,840458240
2025-06-12 02:00:00+00:00,108452.0546875,108750.4453125,108442.6484375,108503.2109375,0
2025-06-12 03:00:00+00:00,107871.3515625,108434.640625,107752.53125,108392.9140625,2030096384
2025-06-12 04:00:00+00:00,107735.1796875,107885.2578125,107447.046875,107879.8828125,936202240
2025-06-12 05:00:00+00:00,107740.90625,107924.7421875,107619.890625,107736.7109375,945889280
2025-06-12 06:00:00+00:00,107927.96875,107996.578125,107681.4765625,107758.2265625,64741376
2025-06-12 07:00:00+00:00,107611.703125,107957.890625,107488.484375,107917.9296875,0
2025-06-12 08:00:00+00:00,107724.859375,107828.359375,107467.015625,107630.8828125,734081024
2025-06-12 09:00:00+00:00,107529.9921875,107762.2265625,107521.4921875,107729.6328125,0
2025-06-12 10:00:00+00:00,107310.1796875,107530.046875,107247.734375,107521.5703125,0
2025-06-12 11:00:00+00:00,106926.75,107327.1328125,106926.75,107327.1328125,584732672
2025-06-12 12:00:00+00:00,106977.46875,107398.25,106894.0078125,106926.4140625,0
2025-06-12 13:00:00+00:00,106952.6640625,107188.28125,106642.8046875,107000.3125,0
2025-06-12 14:00:00+00:00,107591.7421875,107710.390625,107057.234375,107057.234375,0
2025-06-12 15:00:00+00:00,107038.265625,107791.2421875,106926.3828125,107607.859375,102367232
2025-06-12 16:00:00+00:00,107686.2734375,107723.7265625,107027.0234375,107027.0234375,476368896
2025-06-12 17:00:00+00:00,108291.40625,108430.4921875,107729.328125,107734.0,1361305600
2025-06-12 18:00:00+00:00,107499.3125,108408.765625,107323.3515625,108311.171875,0
2025-06-12 19:00:00+00:00,106767.78125,107858.171875,106716.9375,107571.671875,76668928
2025-06-12 20:00:00+00:00,106032.4375,106961.7890625,105856.2109375,106816.0,3259113472
2025-06-12 21:00:00+00:00,106039.7890625,106442.8984375,105947.5390625,106005.6328125,932663296
2025-06-12 22:00:00+00:00,105914.1875,106242.4921875,105792.265625,105943.6484375,0
2025-06-12 23:00:00+00:00,105938.03125,106135.796875,105862.7734375,105932.296875,170446848
2025-06-13 00:00:00+00:00,103938.2109375,105729.953125,103347.8515625,105729.953125,6841090048
2025-06-13 01:00:00+00:00,103822.375,103869.75,102850.0,103869.75,4050804736
2025-06-13 02:00:00+00:00,103693.359375,103968.109375,103170.875,103783.6640625,1455370240
2025-06-13 03:00:00+00:00,104419.1640625,104570.09375,103685.3984375,103718.7421875,0
2025-06-13 04:00:00+00:00,104493.46875,104553.0546875,103863.8671875,104375.6171875,51273728
2025-06-13 05:00:00+00:00,104097.5234375,104490.2734375,104097.5234375,104478.2734375,1319014400
2025-06-13 06:00:00+00:00,104669.3046875,104669.3046875,103897.734375,104084.0234375,0
2025-06-13 07:00:00+00:00,104945.40625,104954.6015625,104442.34375,104726.9140625,1979658240
2025-06-13 08:00:00+00:00,104830.21875,105424.1484375,104770.9375,104939.3671875,1285545984
2025-06-13 09:00:00+00:00,104892.1953125,104937.140625,104570.390625,104781.9609375,716546048
2025-06-13 10:00:00+00:00,104925.75,104925.75,104496.8984375,104883.625,0
2025-06-13 11:00:00+00:00,105022.0546875,105079.5390625,104685.8671875,104921.78125,0
2025-06-13 12:00:00+00:00,104874.90625,105291.7734375,104874.90625,105064.984375,0
2025-06-13 13:00:00+00:00,104727.359375,105286.4921875,104727.359375,104882.3515625,32669696
2025-06-13 14:00:00+00:00,104970.5859375,104970.5859375,104197.9765625,104738.671875,0
2025-06-13 15:00:00+00:00,105454.7890625,105705.8671875,104920.296875,105006.53125,3553067008
2025-06-13 16:00:00+00:00,105813.7578125,105993.2265625,105388.40625,105478.0,0
2025-06-13 17:00:00+00:00,105451.609375,105825.4296875,104938.7578125,105825.4296875,723443712
2025-06-13 18:00:00+00:00,105100.703125,105494.375,104716.9765625,105425.3515625,0
2025-06-13 19:00:00+00:00,105108.0625,105424.453125,104958.1171875,105172.9609375,460849152
2025-06-13 20:00:00+00:00,105452.4296875,105530.7578125,105088.9140625,105099.28125,0
2025-06-13 21:00:00+00:00,105676.03125,105781.796875,105363.390625,105458.9140625,0
2025-06-13 22:00:00+00:00,105799.8515625,105887.9453125,105595.421875,105649.953125,0
2025-06-13 23:00:00+00:00,106087.9375,106157.7890625,105799.5390625,105799.5390625,737976320
2025-06-14 00:00:00+00:00,105807.640625,106200.0,105799.9140625,106109.46875,0
2025-06-14 01:00:00+00:00,105544.5859375,105825.9296875,105501.0,105825.9296875,0
2025-06-14 02:00:00+00:00,105420.625,105631.53125,105384.2265625,105529.8671875,0
2025-06-14 03:00:00+00:00,105298.625,105457.6171875,105266.6171875,105423.2421875,0
2025-06-14 04:00:00+00:00,105410.1328125,105442.390625,105291.8984375,105291.8984375,0
2025-06-14 05:00:00+00:00,105354.5,105415.984375,105313.90625,105414.0703125,0
2025-06-14 06:00:00+00:00,105184.828125,105363.3984375,105184.828125,105348.125,0
2025-06-14 07:00:00+00:00,105136.234375,105198.6953125,104892.84375,105191.96875,0
2025-06-14 08:00:00+00:00,105171.1953125,105171.1953125,104938.96875,105128.2421875,0
2025-06-14 09:00:00+00:00,104919.8671875,105167.1796875,104912.7109375,105167.1796875,0
2025-06-14 10:00:00+00:00,105056.8671875,105150.0390625,104893.0234375,104927.1796875,289067008
2025-06-14 11:00:00+00:00,105146.5625,105146.5625,105002.4296875,105060.2109375,0
2025-06-14 12:00:00+00:00,105066.59375,105145.125,104854.96875,105142.6015625,8396800
2025-06-14 13:00:00+00:00,105068.9296875,105169.5546875,104969.3984375,105092.328125,0
2025-06-14 14:00:00+00:00,104967.0,105118.234375,104934.1640625,105062.078125,0
2025-06-14 15:00:00+00:00,104866.84375,105024.6796875,104736.84375,104965.9296875,0
2025-06-14 16:00:00+00:00,104494.4140625,104957.0703125,104438.7109375,104867.0703125,0
2025-06-14 17:00:00+00:00,104657.3046875,104779.109375,104467.5703125,104496.6953125,119144448
2025-06-14 18:00:00+00:00,104915.703125,104993.15625,104447.9765625,104660.6640625,0
2025-06-14 19:00:00+00:00,104736.453125,105075.875,104736.453125,104941.0546875,0
2025-06-14 20:00:00+00:00,104908.3203125,105030.7265625,104415.859375,104714.40625,842174464
2025-06-14 21:00:00+00:00,105445.15625,105445.15625,104920.875,104943.15625,0
2025-06-14 22:00:00+00:00,105417.4921875,105523.34375,105358.3515625,105388.8984375,895356928
2025-06-14 23:00:00+00:00,105474.4609375,105532.2734375,105407.9921875,105454.5390625,0
2025-06-15 00:00:00+00:00,105707.3828125,105707.3828125,105382.4453125,105473.734375,0
2025-06-15 01:00:00+00:00,105475.3046875,105710.328125,105463.3515625,105698.859375,0
2025-06-15 02:00:00+00:00,105538.1953125,105658.6171875,105478.140625,105478.140625,0
2025-06-15 03:00:00+00:00,105531.8359375,105610.0546875,105528.0703125,105536.8828125,0
2025-06-15 04:00:00+00:00,105606.6875,105618.2890625,105526.4140625,105526.4140625,0
2025-06-15 05:00:00+00:00,106047.515625,106047.515625,105555.609375,105611.65625,304648192
2025-06-15 06:00:00+00:00,105514.8984375,106114.59375,105499.875,106114.59375,1314969600
2025-06-15 07:00:00+00:00,105487.625,105509.171875,105285.7734375,105509.171875,0
2025-06-15 08:00:00+00:00,105193.8515625,105512.1328125,105192.6640625,105473.9921875,847810560
2025-06-15 09:00:00+00:00,104975.1953125,105216.734375,104922.46875,105216.734375,0
2025-06-15 10:00:00+00:00,105144.46875,105199.359375,104964.6328125,104964.6328125,1024249856
2025-06-15 11:00:00+00:00,104985.6171875,105195.5390625,104953.4921875,105166.0546875,0
2025-06-15 12:00:00+00:00,105298.8828125,105307.984375,104998.0390625,105008.6953125,0
2025-06-15 13:00:00+00:00,105562.2890625,105668.7734375,105303.8671875,105322.40625,485896192
2025-06-15 14:00:00+00:00,105730.765625,105822.71875,105361.2421875,105563.671875,497946624
2025-06-15 15:00:00+00:00,105582.1953125,105830.3828125,105582.1953125,105683.28125,0
2025-06-15 16:00:00+00:00,105560.125,105679.796875,105379.2734375,105591.0234375,578224128
2025-06-15 17:00:00+00:00,105711.9296875,105787.3671875,105520.6328125,105593.5625,0
2025-06-15 18:00:00+00:00,105531.1875,105711.609375,105510.5625,105711.609375,0
2025-06-15 19:00:00+00:00,105300.0078125,105576.9296875,105132.984375,105521.6015625,0
2025-06-15 20:00:00+00:00,104704.671875,105288.46875,104645.3046875,105288.46875,1058914304
2025-06-15 21:00:00+00:00,104788.0078125,104826.1484375,104539.46875,104732.96875,0
2025-06-15 22:00:00+00:00,105290.2265625,105366.09375,104787.453125,104805.75,477040640
2025-06-15 23:00:00+00:00,105552.8671875,105615.3984375,105263.5390625,105280.515625,1361866752
2025-06-16 00:00:00+00:00,105445.390625,105765.25,105401.0859375,105576.9609375,282230784
2025-06-16 01:00:00+00:00,105842.1484375,105890.0,105027.2890625,105450.9453125,0
2025-06-16 02:00:00+00:00,105829.6640625,105979.8046875,105717.2578125,105840.6796875,1676505088
2025-06-16 03:00:00+00:00,105940.2109375,105959.21875,105739.7265625,105816.2890625,300146688
2025-06-16 04:00:00+00:00,106349.4140625,106362.40625,105912.5078125,105924.421875,994217984
2025-06-16 05:00:00+00:00,106552.8125,106745.34375,106363.21875,106401.203125,0
2025-06-16 06:00:00+00:00,106593.5546875,106782.0703125,106529.1953125,106580.2734375,0
2025-06-16 07:00:00+00:00,107042.75,107227.0625,106599.6328125,106599.6328125,1999478784
2025-06-16 08:00:00+00:00,107164.796875,107228.8671875,106980.4921875,107077.4375,517959680
2025-06-16 09:00:00+00:00,106939.0390625,107231.5546875,106939.0390625,107196.9375,301731840
2025-06-16 10:00:00+00:00,106818.2265625,107189.671875,106770.9921875,106963.390625,0
2025-06-16 11:00:00+00:00,106875.265625,106953.84375,106632.7265625,106838.7578125,1415024640
2025-06-16 12:00:00+00:00,106709.203125,106898.203125,106641.0859375,106878.2109375,90963968
2025-06-16 13:00:00+00:00,107096.0390625,107115.484375,106556.953125,106707.09375,0
2025-06-16 14:00:00+00:00,107539.734375,107791.8046875,106876.3984375,107183.7421875,1548369920
2025-06-16 15:00:00+00:00,107417.15625,107738.171875,107388.0234375,107563.578125,901107712
2025-06-16 16:00:00+00:00,107837.8984375,107890.390625,107397.6640625,107486.234375,1610162176
2025-06-16 17:00:00+00:00,107713.234375,108032.625,107711.328125,107816.765625,0
2025-06-16 18:00:00+00:00,108269.6015625,108269.6015625,107770.46875,107770.46875,684240896
2025-06-16 19:00:00+00:00,108497.359375,108885.359375,108309.328125,108309.328125,1550200832
2025-06-16 20:00:00+00:00,108822.1484375,108858.9453125,108560.9140625,108668.0390625,418844672
2025-06-16 21:00:00+00:00,108562.6484375,108836.9296875,108430.8203125,108833.0703125,837881856
2025-06-16 22:00:00+00:00,107787.71875,108914.875,107488.4609375,108567.9765625,0
2025-06-16 23:00:00+00:00,106821.125,108005.828125,106821.125,107765.640625,1083383808
2025-06-17 00:00:00+00:00,107254.2265625,107283.6953125,106247.6796875,106798.671875,2145452032
2025-06-17 01:00:00+00:00,107266.296875,107344.53125,107038.8046875,107281.5078125,1384894464
2025-06-17 02:00:00+00:00,107522.4296875,107538.6796875,106625.0,107217.2578125,0
2025-06-17 03:00:00+00:00,107628.9765625,107723.609375,107413.1953125,107528.78125,1720299520
2025-06-17 04:00:00+00:00,107366.0625,107682.8046875,107359.9140625,107627.640625,0
2025-06-17 05:00:00+00:00,107140.71875,107394.4375,107089.4765625,107358.2734375,0
2025-06-17 06:00:00+00:00,106847.609375,107247.1015625,106802.265625,107150.25,864169984
2025-06-17 07:00:00+00:00,106788.078125,106888.578125,106523.234375,106861.6015625,0
2025-06-17 08:00:00+00:00,106596.390625,106832.8828125,106544.078125,106800.5859375,0
2025-06-17 09:00:00+00:00,106154.6171875,106660.0234375,106136.0078125,106586.9765625,0
2025-06-17 10:00:00+00:00,105980.78125,106235.9765625,105807.9453125,106167.109375,699420672
2025-06-17 11:00:00+00:00,105674.625,105957.9609375,105529.75,105957.9609375,1314516992
2025-06-17 12:00:00+00:00,105537.6875,105825.8828125,105537.6875,105652.25,0
2025-06-17 13:00:00+00:00,105428.5859375,105738.109375,105271.421875,105531.9453125,1250447360
2025-06-17 14:00:00+00:00,104966.6171875,105691.5234375,104939.1171875,105406.5703125,0
2025-06-17 15:00:00+00:00,104269.546875,104926.0625,104190.3828125,104885.9453125,1413636096
2025-06-17 16:00:00+00:00,103595.9296875,104486.109375,103553.78125,104251.2578125,1452933120
2025-06-17 17:00:00+00:00,103907.2265625,104196.3125,103444.515625,103622.2734375,2589188096
2025-06-17 18:00:00+00:00,104426.3515625,104426.3515625,103685.3828125,103858.7109375,0
2025-06-17 19:00:00+00:00,104829.1796875,105354.71875,104431.515625,104431.515625,0
2025-06-17 20:00:00+00:00,104427.140625,104817.3359375,104355.3046875,104737.2890625,759590912
2025-06-17 21:00:00+00:00,104612.7734375,104820.609375,104343.2890625,104396.28125,1110876160
2025-06-17 22:00:00+00:00,104273.34375,104740.7421875,104273.34375,104563.46875,0
2025-06-17 23:00:00+00:00,104621.234375,104729.2109375,104244.734375,104244.734375,0
2025-06-18 00:00:00+00:00,104842.8359375,104842.8359375,104405.7890625,104591.59375,0
2025-06-18 01:00:00+00:00,104796.71875,105169.6328125,104750.984375,104850.296875,0
2025-06-18 02:00:00+00:00,104952.953125,105097.1015625,104742.0390625,104798.3046875,390205440
2025-06-18 03:00:00+00:00,105189.9921875,105276.4140625,104890.265625,104899.2890625,0
2025-06-18 04:00:00+00:00,105455.4375,105510.4609375,105131.0859375,105199.2109375,655605760
2025-06-18 05:00:00+00:00,105453.8203125,105581.8515625,105410.59375,105481.2265625,0
2025-06-18 06:00:00+00:00,105024.25,105528.6875,104957.390625,105436.0234375,0
2025-06-18 07:00:00+00:00,104975.828125,105024.9140625,104819.15625,105012.3515625,860450816
2025-06-18 08:00:00+00:00,105003.40625,105322.6328125,104802.6640625,105012.296875,0
2025-06-18 09:00:00+00:00,104724.359375,105158.4140625,104614.1171875,105015.2265625,0
2025-06-18 10:00:00+00:00,104256.3828125,104792.5,104252.6015625,104712.265625,0
2025-06-18 11:00:00+00:00,104860.6875,104860.6875,104271.9140625,104297.84375,123801600
2025-06-18 12:00:00+00:00,104526.953125,104881.96875,104512.140625,104863.453125,0
2025-06-18 13:00:00+00:00,104493.953125,104533.6875,103944.0390625,104533.6875,320995328
2025-06-18 14:00:00+00:00,104659.5078125,105316.125,104418.546875,104460.3671875,522166272
2025-06-18 15:00:00+00:00,104841.5234375,104965.140625,104213.9453125,104533.15625,0
2025-06-18 16:00:00+00:00,104517.1640625,104840.5546875,104404.6953125,104829.3515625,0
2025-06-18 17:00:00+00:00,104348.2890625,104479.3046875,103661.28125,104479.3046875,0
2025-06-18 18:00:00+00:00,103684.1953125,104654.65625,103670.21875,104654.65625,791846912
2025-06-18 19:00:00+00:00,103935.1484375,104390.59375,103661.5703125,103661.5703125,0
2025-06-18 20:00:00+00:00,104855.9921875,104995.65625,103716.2734375,103880.5703125,885850112
2025-06-18 21:00:00+00:00,104999.3203125,105152.0234375,104435.078125,104844.6875,1023238144
2025-06-18 22:00:00+00:00,104848.609375,105170.296875,104848.609375,105099.7421875,0
2025-06-18 23:00:00+00:00,104806.109375,104966.109375,104700.84375,104859.0625,0
2025-06-19 00:00:00+00:00,104990.3203125,105218.8515625,104753.828125,104908.7578125,1319571456
2025-06-19 01:00:00+00:00,104628.140625,105000.0546875,104538.8984375,104982.640625,0
2025-06-19 02:00:00+00:00,104786.5390625,105021.6953125,104573.7578125,104609.625,0
2025-06-19 03:00:00+00:00,105133.328125,105133.328125,104780.53125,104780.53125,0
2025-06-19 04:00:00+00:00,105097.0546875,105117.875,104830.9296875,105117.875,241192960
2025-06-19 05:00:00+00:00,104933.5546875,105209.46875,104933.5546875,105096.84375,630845440
2025-06-19 06:00:00+00:00,104742.1328125,104993.7734375,104671.0,104915.828125,0
2025-06-19 07:00:00+00:00,104670.4140625,104866.4296875,104670.4140625,104731.8046875,0
2025-06-19 08:00:00+00:00,104768.2421875,105003.3203125,104663.71875,104663.71875,688009216
2025-06-19 09:00:00+00:00,105026.0703125,105051.78125,104745.2734375,104756.5,0
2025-06-19 10:00:00+00:00,104944.0,105085.8515625,104890.3984375,105024.40625,0
2025-06-19 11:00:00+00:00,104807.671875,104936.828125,104780.2421875,104932.328125,189005824
2025-06-19 12:00:00+00:00,104781.6484375,104949.125,104711.8671875,104817.125,0
2025-06-19 13:00:00+00:00,104343.1171875,104817.2421875,104312.4765625,104774.078125,296787968
2025-06-19 14:00:00+00:00,104169.7578125,104670.203125,104141.0,104356.15625,0
2025-06-19 15:00:00+00:00,104158.4609375,104473.4921875,104150.7890625,104180.578125,417185792
2025-06-19 16:00:00+00:00,103962.421875,104427.3984375,103962.421875,104121.296875,0
2025-06-19 17:00:00+00:00,104550.8515625,104837.4609375,103988.21875,104025.9296875,0
2025-06-19 18:00:00+00:00,104368.09375,104688.046875,104329.390625,104539.953125,0
2025-06-19 19:00:00+00:00,104317.65625,104461.515625,104196.234375,104418.421875,0
2025-06-19 20:00:00+00:00,104285.0546875,104504.7421875,104168.0078125,104276.546875,250544128
2025-06-19 21:00:00+00:00,104322.03125,104423.9296875,104257.2421875,104289.5,0
2025-06-19 22:00:00+00:00,104641.8828125,104794.7578125,104483.1796875,104483.1796875,0
2025-06-19 23:00:00+00:00,104678.21875,104860.4140625,104499.2578125,104635.5859375,441212928
2025-06-20 00:00:00+00:00,104723.1328125,104808.6328125,104594.0234375,104669.265625,0
2025-06-20 01:00:00+00:00,104797.375,104810.125,104449.0078125,104710.953125,0
2025-06-20 02:00:00+00:00,104633.9453125,104827.03125,104556.6484375,104812.703125,805900288
2025-06-20 03:00:00+00:00,104643.5546875,104716.09375,104546.515625,104636.953125,0
2025-06-20 04:00:00+00:00,104276.1640625,104634.0234375,104257.203125,104633.09375,0
2025-06-20 05:00:00+00:00,104592.640625,104603.078125,104283.8125,104283.8125,0
2025-06-20 06:00:00+00:00,104742.0859375,104792.71875,104593.5859375,104593.5859375,940187648
2025-06-20 07:00:00+00:00,105840.84375,105840.84375,104672.875,104738.6875,443092992
2025-06-20 08:00:00+00:00,106013.640625,106521.8828125,105816.234375,105816.234375,608329728
2025-06-20 09:00:00+00:00,106009.828125,106107.734375,105838.71875,106013.4375,1992814592
2025-06-20 10:00:00+00:00,105975.8515625,106145.9765625,105872.9296875,105986.7890625,339599360
2025-06-20 11:00:00+00:00,106016.109375,106067.0,105842.890625,105990.25,322965504
2025-06-20 12:00:00+00:00,105990.3828125,106113.859375,105942.71875,105997.6640625,109051904
2025-06-20 13:00:00+00:00,105732.8828125,106146.609375,105534.828125,105994.875,632135680
2025-06-20 14:00:00+00:00,104069.0234375,105753.0234375,104069.0234375,105684.734375,889794560
2025-06-20 15:00:00+00:00,104257.9453125,104591.0078125,103979.390625,103979.390625,2511224832
2025-06-20 16:00:00+00:00,103778.609375,104269.8515625,103663.8125,104228.015625,0
2025-06-20 17:00:00+00:00,103201.9140625,103742.6796875,102411.9921875,103688.1953125,3421261824
2025-06-20 18:00:00+00:00,103252.8984375,103428.4296875,103123.875,103296.171875,2423447552
2025-06-20 19:00:00+00:00,103485.4453125,103485.4453125,103066.40625,103179.015625,0
2025-06-20 20:00:00+00:00,103734.3984375,103818.4453125,103363.84375,103363.84375,801845248
2025-06-20 21:00:00+00:00,103564.109375,103723.703125,103419.390625,103723.703125,213164032
2025-06-20 22:00:00+00:00,103118.671875,103541.6328125,103020.3203125,103541.6328125,1092870144
2025-06-20 23:00:00+00:00,103303.46875,103349.8984375,103052.9921875,103128.8203125,13791232
2025-06-21 00:00:00+00:00,103266.765625,103361.625,103165.953125,103309.8359375,0
2025-06-21 01:00:00+00:00,103514.109375,103529.2734375,103184.5390625,103263.2265625,0
2025-06-21 02:00:00+00:00,103508.875,103566.4609375,103402.2734375,103538.234375,0
2025-06-21 03:00:00+00:00,103554.390625,103704.5703125,103508.4921875,103508.4921875,0
2025-06-21 04:00:00+00:00,103417.359375,103545.921875,103369.8359375,103542.7734375,0
2025-06-21 05:00:00+00:00,103439.5078125,103508.71875,103375.234375,103408.84375,0
2025-06-21 06:00:00+00:00,103624.296875,103624.296875,103375.5546875,103444.4765625,0
2025-06-21 07:00:00+00:00,103471.6484375,103599.078125,103410.2265625,103599.078125,0
2025-06-21 08:00:00+00:00,103790.890625,103790.890625,103475.8046875,103475.8046875,0
2025-06-21 09:00:00+00:00,103872.875,103944.3203125,103723.5390625,103829.8515625,815575040
2025-06-21 10:00:00+00:00,103852.0390625,104001.203125,103827.1796875,103866.1484375,0
2025-06-21 11:00:00+00:00,103895.7578125,103939.421875,103782.34375,103859.7890625,0
2025-06-21 12:00:00+00:00,103826.7265625,103972.4140625,103826.59375,103897.203125,0
2025-06-21 13:00:00+00:00,103594.0703125,103893.625,103591.8203125,103825.8125,0
2025-06-21 14:00:00+00:00,103528.0390625,103773.078125,103429.140625,103592.6875,0
2025-06-21 15:00:00+00:00,103602.328125,103705.9921875,103428.7734375,103535.546875,0
2025-06-21 16:00:00+00:00,103571.5234375,103670.2421875,103511.7265625,103605.90625,0
2025-06-21 17:00:00+00:00,103218.0546875,103592.8984375,103218.0546875,103527.4140625,0
2025-06-21 18:00:00+00:00,102703.7578125,103423.875,102703.7578125,103210.4765625,0
2025-06-21 19:00:00+00:00,102276.6484375,102742.3828125,102276.6484375,102689.171875,1613066240
2025-06-21 20:00:00+00:00,102852.40625,102879.7109375,102264.1171875,102283.765625,19210240
2025-06-21 21:00:00+00:00,101604.40625,102843.640625,101327.15625,102821.234375,1784842240
2025-06-21 22:00:00+00:00,101821.953125,102016.9609375,101485.5234375,101485.5234375,1617158144
2025-06-21 23:00:00+00:00,102282.40625,102282.40625,101053.640625,101819.828125,699318272
2025-06-22 00:00:00+00:00,102907.671875,103256.46875,101934.21875,102160.7734375,4120223744
2025-06-22 01:00:00+00:00,102409.4609375,103011.25,102281.8125,102858.5,844529664
2025-06-22 02:00:00+00:00,102459.1171875,102768.484375,101980.59375,102421.453125,842944512
2025-06-22 03:00:00+00:00,102403.3046875,102560.2734375,102190.0859375,102425.8125,1127161856
2025-06-22 04:00:00+00:00,102675.6875,102751.9140625,102328.0078125,102406.953125,85196800
2025-06-22 05:00:00+00:00,102880.3984375,102942.9921875,102623.9765625,102623.9765625,1099354112
2025-06-22 06:00:00+00:00,102751.3828125,102980.15625,102746.671875,102892.8671875,0
2025-06-22 07:00:00+00:00,102491.3203125,102782.515625,102312.390625,102768.9140625,275886080
2025-06-22 08:00:00+00:00,102726.9296875,102726.9296875,102379.7109375,102473.1328125,1137258496
2025-06-22 09:00:00+00:00,102205.046875,102819.9453125,102172.171875,102733.1328125,0
2025-06-22 10:00:00+00:00,102520.109375,102560.078125,102214.75,102223.2578125,1023811584
2025-06-22 11:00:00+00:00,102781.7578125,102781.7578125,102508.359375,102508.359375,747180032
2025-06-22 12:00:00+00:00,102766.828125,102842.265625,102627.9140625,102750.765625,328826880
2025-06-22 13:00:00+00:00,100866.9765625,102825.6953125,100379.234375,102780.296875,3949682688
2025-06-22 14:00:00+00:00,99529.5078125,101148.5,99258.2578125,100893.703125,4766257152
2025-06-22 15:00:00+00:00,99182.046875,99803.28125,99182.046875,99655.4921875,2578022400
2025-06-22 16:00:00+00:00,99408.8125,99549.6484375,98723.6328125,98947.078125,3787067392
2025-06-22 17:00:00+00:00,99566.6796875,100305.4609375,99497.0625,99690.1640625,934981632
2025-06-22 18:00:00+00:00,99488.3359375,99774.0234375,99396.953125,99521.890625,909586432
2025-06-22 19:00:00+00:00,98914.84375,99467.1953125,98914.84375,99461.4375,0
2025-06-22 20:00:00+00:00,99740.65625,99740.65625,98386.765625,98939.1171875,1399017472
2025-06-22 21:00:00+00:00,99235.078125,99657.1328125,99119.125,99559.1171875,0
2025-06-22 22:00:00+00:00,100956.484375,100956.484375,99187.0078125,99187.0078125,117817344
2025-06-22 23:00:00+00:00,100952.453125,101028.953125,100735.1796875,101001.625,1304907776
2025-06-23 00:00:00+00:00,101042.84375,101539.4453125,100555.9140625,100891.1171875,0
2025-06-23 01:00:00+00:00,101130.34375,101130.34375,100631.640625,100960.8203125,0
2025-06-23 02:00:00+00:00,101353.34375,101408.890625,101019.125,101133.8203125,203980800
2025-06-23 03:00:00+00:00,101157.53125,101364.8515625,101124.359375,101345.359375,0
2025-06-23 04:00:00+00:00,101188.46875,101358.3828125,101045.375,101189.1953125,0
2025-06-23 05:00:00+00:00,101841.09375,101841.09375,101214.203125,101214.203125,0
2025-06-23 06:00:00+00:00,101976.609375,102005.5,101712.828125,101808.3046875,791060480
2025-06-23 07:00:00+00:00,101967.265625,102064.9609375,101833.125,101978.515625,890101760
2025-06-23 08:00:00+00:00,101925.3984375,102063.7265625,101789.9453125,101962.71875,0
2025-06-23 09:00:00+00:00,101610.2890625,101920.8671875,101447.4765625,101920.8671875,0
2025-06-23 10:00:00+00:00,101536.203125,101596.765625,101240.2265625,101596.765625,82984960
2025-06-23 11:00:00+00:00,101354.234375,101585.234375,101210.75,101509.109375,355401728
2025-06-23 12:00:00+00:00,101638.3125,101638.3125,101186.1875,101342.171875,1159589888
2025-06-23 13:00:00+00:00,102433.796875,102433.796875,100888.125,101693.2109375,0
2025-06-23 14:00:00+00:00,101607.5546875,102520.3828125,101607.5546875,102420.890625,0
2025-06-23 15:00:00+00:00,101502.34375,102071.578125,101383.53125,101694.5078125,0
2025-06-23 16:00:00+00:00,100640.4921875,101473.6953125,99919.1640625,101473.6953125,0
2025-06-23 17:00:00+00:00,102472.109375,102687.5,100595.03125,100737.8203125,3888246784
2025-06-23 18:00:00+00:00,103055.1640625,103303.03125,102540.71875,102551.890625,1407447040
2025-06-23 19:00:00+00:00,103298.171875,103298.171875,102761.0703125,103049.59375,332828672
2025-06-23 20:00:00+00:00,103785.7734375,103966.1328125,103041.5,103236.296875,700530688
2025-06-23 21:00:00+00:00,103789.1953125,104246.578125,103722.5625,103786.7265625,0
2025-06-23 22:00:00+00:00,105721.0,106052.0,103785.3046875,103812.9921875,2595319808
2025-06-23 23:00:00+00:00,105598.7578125,105722.609375,105228.984375,105678.8515625,2298023936
2025-06-24 00:00:00+00:00,105202.1796875,105533.234375,105005.375,105407.609375,0
2025-06-24 01:00:00+00:00,105539.6875,105539.6875,105074.984375,105198.765625,0
2025-06-24 02:00:00+00:00,104840.8046875,105529.453125,104822.1875,105529.453125,1177288704
2025-06-24 03:00:00+00:00,105031.109375,105161.1484375,104826.75,104845.5859375,644734976
2025-06-24 04:00:00+00:00,104892.1640625,105020.640625,104817.8046875,105011.3046875,0
2025-06-24 05:00:00+00:00,105455.7109375,105458.421875,104951.421875,104951.421875,1275543552
2025-06-24 06:00:00+00:00,105785.640625,105880.46875,105349.609375,105476.7734375,0
2025-06-24 07:00:00+00:00,105005.8203125,105831.125,105005.8203125,105785.640625,583507968
2025-06-24 08:00:00+00:00,105080.71875,105197.8203125,104760.0,105034.796875,1063448576
2025-06-24 09:00:00+00:00,105285.7578125,105637.75,105049.7890625,105081.671875,720756736
2025-06-24 10:00:00+00:00,105358.796875,105413.3984375,105183.2109375,105281.90625,0
2025-06-24 11:00:00+00:00,105248.359375,105447.25,105089.984375,105374.390625,0
2025-06-24 12:00:00+00:00,105254.1640625,105353.234375,105043.671875,105268.2109375,0
2025-06-24 13:00:00+00:00,105129.0,105353.859375,104927.65625,105264.7578125,0
2025-06-24 14:00:00+00:00,105553.9453125,105673.71875,105068.265625,105125.03125,0
2025-06-24 15:00:00+00:00,105276.109375,105771.65625,105261.03125,105565.0,0
2025-06-24 16:00:00+00:00,106071.421875,106071.421875,105272.234375,105285.0390625,0
2025-06-24 17:00:00+00:00,106089.734375,106295.125,105713.8046875,106279.9296875,0
2025-06-24 18:00:00+00:00,105636.109375,106131.921875,105621.828125,106108.890625,0
2025-06-24 19:00:00+00:00,105605.2890625,105683.734375,105370.90625,105602.1796875,0
2025-06-24 20:00:00+00:00,106142.59375,106142.59375,105524.7890625,105697.1875,0
2025-06-24 21:00:00+00:00,106049.640625,106133.96875,105884.5859375,106124.2890625,0
2025-06-24 22:00:00+00:00,106072.515625,106072.515625,105850.078125,106042.3984375,0
2025-06-24 23:00:00+00:00,106048.78125,106073.3125,105842.8984375,106073.3125,0
2025-06-25 00:00:00+00:00,106420.140625,106465.875,105885.8359375,106102.046875,0
2025-06-25 01:00:00+00:00,106405.578125,106548.109375,106096.828125,106441.8984375,1173372928
2025-06-25 02:00:00+00:00,106554.015625,106817.96875,106399.1953125,106428.3046875,183230464
2025-06-25 03:00:00+00:00,106313.6640625,106652.0,106280.6875,106523.703125,0
2025-06-25 04:00:00+00:00,106257.78125,106338.09375,106105.9609375,106297.46875,521506816
2025-06-25 05:00:00+00:00,106294.0,106417.203125,106118.640625,106254.2578125,0
2025-06-25 06:00:00+00:00,106459.53125,106486.34375,106183.0625,106272.9765625,0
2025-06-25 07:00:00+00:00,106673.75,106751.34375,106389.34375,106448.4921875,0
2025-06-25 08:00:00+00:00,106609.546875,106685.46875,106396.203125,106666.546875,0
2025-06-25 09:00:00+00:00,106675.8359375,106969.0078125,106541.5546875,106627.6328125,271151104
2025-06-25 10:00:00+00:00,107064.796875,107168.078125,106628.359375,106675.1875,1749659648
2025-06-25 11:00:00+00:00,107233.0859375,107243.6953125,106940.0703125,107126.203125,484741120
2025-06-25 12:00:00+00:00,107250.1953125,107269.03125,107002.953125,107199.3984375,292409344
2025-06-25 13:00:00+00:00,108018.9765625,108148.6328125,107233.0703125,107233.0703125,876261376
2025-06-25 14:00:00+00:00,107698.0234375,108160.78125,107442.8125,107983.40625,2266906624
2025-06-25 15:00:00+00:00,107046.5078125,107693.3359375,106817.453125,107693.3359375,1552142336
2025-06-25 16:00:00+00:00,107206.609375,107511.6015625,107049.7421875,107072.5390625,0
2025-06-25 17:00:00+00:00,107409.8828125,107554.421875,107007.5234375,107207.0390625,0
2025-06-25 18:00:00+00:00,107408.546875,107583.9765625,107267.28125,107440.1953125,50999296
2025-06-25 19:00:00+00:00,107737.515625,107922.1328125,107441.5546875,107441.5546875,1578885120
2025-06-25 20:00:00+00:00,107840.578125,107890.140625,107582.8984375,107706.7109375,0
2025-06-25 21:00:00+00:00,107503.8203125,108031.2734375,107503.8203125,107845.84375,0
2025-06-25 22:00:00+00:00,107338.046875,107533.59375,107278.6328125,107533.59375,20873216
2025-06-25 23:00:00+00:00,107371.703125,107411.28125,107173.3125,107334.578125,0
2025-06-26 00:00:00+00:00,107359.140625,107612.09375,107329.53125,107372.0703125,0
2025-06-26 01:00:00+00:00,107669.296875,107838.7578125,107179.3515625,107380.890625,0
2025-06-26 02:00:00+00:00,107985.328125,107991.828125,107650.34375,107681.2734375,0
2025-06-26 03:00:00+00:00,107899.0390625,108274.921875,107856.9140625,108005.2421875,1576587264
2025-06-26 04:00:00+00:00,107878.8203125,107937.328125,107756.046875,107929.109375,108871680
2025-06-26 05:00:00+00:00,107659.53125,107877.796875,107566.5625,107873.875,0
2025-06-26 06:00:00+00:00,107780.125,107849.3125,107625.8125,107671.4609375,121450496
2025-06-26 07:00:00+00:00,107866.8828125,108092.0859375,107808.6953125,107824.9140625,0
2025-06-26 08:00:00+00:00,107843.625,108190.546875,107790.8203125,107855.8046875,1176891392
2025-06-26 09:00:00+00:00,107389.296875,107831.625,107379.1171875,107821.015625,0
2025-06-26 10:00:00+00:00,107425.2578125,107489.9609375,107316.4375,107382.875,393629696
2025-06-26 11:00:00+00:00,107365.1328125,107449.0703125,107220.1328125,107420.421875,0
2025-06-26 12:00:00+00:00,107192.1640625,107388.6640625,107162.703125,107372.484375,0
2025-06-26 13:00:00+00:00,106938.8828125,107289.4921875,106878.515625,107160.265625,0
2025-06-26 14:00:00+00:00,107492.78125,107722.5703125,106947.9296875,106986.796875,0
2025-06-26 15:00:00+00:00,107252.609375,107506.3828125,106702.96875,107485.796875,0
2025-06-26 16:00:00+00:00,107168.015625,107397.3046875,107081.859375,107333.4375,296452096
2025-06-26 17:00:00+00:00,107222.359375,107410.2890625,107199.15625,107199.15625,0
2025-06-26 18:00:00+00:00,107407.8828125,107594.1328125,107210.1328125,107210.1328125,313507840
2025-06-26 19:00:00+00:00,107669.4765625,107669.4765625,107361.0859375,107412.2890625,0
2025-06-26 20:00:00+00:00,107769.1171875,107931.59375,107498.9140625,107576.5234375,1316098048
2025-06-26 21:00:00+00:00,107027.6328125,107786.984375,106908.84375,107786.984375,0
2025-06-26 22:00:00+00:00,107030.1015625,107242.2890625,107015.4296875,107067.3671875,854245376
2025-06-26 23:00:00+00:00,106954.1015625,107087.15625,106931.3828125,107028.2734375,18309120
2025-06-27 00:00:00+00:00,106727.0,107215.3515625,106727.0,106981.390625,0
2025-06-27 01:00:00+00:00,107170.4453125,107207.8671875,106545.3828125,106743.609375,2849107968
2025-06-27 02:00:00+00:00,107308.0078125,107318.21875,107126.0078125,107171.859375,0
2025-06-27 03:00:00+00:00,107524.9140625,107542.796875,107231.75,107293.7421875,0
2025-06-27 04:00:00+00:00,107567.5,107607.015625,107436.09375,107524.375,856809472
2025-06-27 05:00:00+00:00,107335.3828125,107582.1875,107325.734375,107556.578125,127414272
2025-06-27 06:00:00+00:00,107373.609375,107427.75,107271.6875,107324.3359375,0
2025-06-27 07:00:00+00:00,106959.1484375,107745.96875,106939.234375,107356.578125,0
2025-06-27 08:00:00+00:00,107057.3359375,107093.40625,106760.4765625,106954.390625,495468544
2025-06-27 09:00:00+00:00,107140.4921875,107148.453125,106868.4921875,107050.421875,1805549568
2025-06-27 10:00:00+00:00,107042.109375,107203.25,107030.0234375,107143.171875,246525952
2025-06-27 11:00:00+00:00,107021.6484375,107149.203125,106959.8203125,107042.03125,0
2025-06-27 12:00:00+00:00,106694.3671875,107217.40625,106679.3984375,107014.8046875,0
2025-06-27 13:00:00+00:00,106830.2421875,106994.2421875,106554.59375,106709.5625,0
2025-06-27 14:00:00+00:00,106538.234375,107090.1015625,106474.46875,106845.3671875,791162880
2025-06-27 15:00:00+00:00,107394.0078125,107439.484375,106562.2109375,106583.7265625,1757978624
2025-06-27 16:00:00+00:00,107545.2421875,107637.90625,107205.0,107372.234375,818208768
2025-06-27 17:00:00+00:00,106878.515625,107537.2734375,106537.40625,107537.2734375,58273792
2025-06-27 18:00:00+00:00,106675.1328125,107008.34375,106514.46875,106937.0703125,460931072
2025-06-27 19:00:00+00:00,106976.109375,107037.515625,106669.7109375,106747.8359375,0
2025-06-27 20:00:00+00:00,107134.328125,107158.671875,106854.5390625,106873.3203125,808292352
2025-06-27 21:00:00+00:00,107136.015625,107287.1875,107127.40625,107168.4140625,0
2025-06-27 22:00:00+00:00,107156.3125,107234.7421875,107110.0703125,107110.0703125,768507904
2025-06-27 23:00:00+00:00,107090.296875,107182.0078125,107036.84375,107153.2265625,0
2025-06-28 00:00:00+00:00,107113.1328125,107198.578125,106930.1328125,107092.3203125,0
2025-06-28 01:00:00+00:00,107124.390625,107124.390625,106898.6640625,107114.0078125,0
2025-06-28 02:00:00+00:00,107160.5,107235.984375,107079.2265625,107114.609375,0
2025-06-28 03:00:00+00:00,107341.84375,107353.9375,107149.078125,107159.1171875,0
2025-06-28 04:00:00+00:00,107252.0859375,107347.5078125,107244.421875,107341.5546875,0
2025-06-28 05:00:00+00:00,107348.6640625,107348.6640625,107244.8359375,107244.8359375,0
2025-06-28 06:00:00+00:00,107458.4140625,107477.578125,107344.078125,107344.078125,0
2025-06-28 07:00:00+00:00,107519.4921875,107528.4765625,107453.6171875,107467.1796875,0
2025-06-28 08:00:00+00:00,107434.625,107532.1171875,107402.9140625,107512.5,0
2025-06-28 09:00:00+00:00,107358.7421875,107432.2890625,107331.0859375,107432.2890625,0
2025-06-28 10:00:00+00:00,107314.84375,107396.4296875,107312.0625,107353.59375,0
2025-06-28 11:00:00+00:00,107400.9296875,107400.9296875,107308.125,107317.5625,0
2025-06-28 12:00:00+00:00,107376.953125,107402.171875,107333.109375,107393.96875,0
2025-06-28 13:00:00+00:00,107138.6640625,107376.0625,107138.6640625,107376.0625,0
2025-06-28 14:00:00+00:00,107257.9765625,107295.9140625,107146.1953125,107155.53125,0
2025-06-28 15:00:00+00:00,107546.125,107546.125,107246.078125,107260.140625,0
2025-06-28 16:00:00+00:00,107319.7421875,107525.1796875,107315.5078125,107484.96875,0
2025-06-28 17:00:00+00:00,107499.109375,107552.6875,107322.7265625,107332.5234375,0
2025-06-28 18:00:00+00:00,107359.3359375,107503.578125,107298.4296875,107503.578125,143134720
2025-06-28 19:00:00+00:00,107275.7421875,107356.7421875,107275.7421875,107355.15625,0
2025-06-28 20:00:00+00:00,107233.3671875,107268.953125,107210.671875,107262.3359375,0
2025-06-28 21:00:00+00:00,107326.5390625,107326.5390625,107211.1796875,107219.1796875,0
2025-06-28 22:00:00+00:00,107390.8671875,107413.7265625,107302.5703125,107350.8671875,37271552
2025-06-28 23:00:00+00:00,107332.0234375,107395.9921875,107324.7734375,107382.2890625,0
2025-06-29 00:00:00+00:00,107501.03125,107507.2265625,107292.7265625,107321.96875,0
2025-06-29 01:00:00+00:00,107375.5859375,107504.0859375,107372.28125,107502.9453125,0
2025-06-29 02:00:00+00:00,107344.3828125,107374.2265625,107232.7109375,107374.2265625,0
2025-06-29 03:00:00+00:00,107251.6796875,107336.578125,107241.015625,107331.2109375,8538112
2025-06-29 04:00:00+00:00,107295.484375,107295.484375,107253.4609375,107256.5078125,12795904
2025-06-29 05:00:00+00:00,107342.0703125,107348.0546875,107259.71875,107292.6953125,0
2025-06-29 06:00:00+00:00,107394.8125,107394.8125,107335.2578125,107337.6796875,0
2025-06-29 07:00:00+00:00,107377.0703125,107403.9453125,107358.71875,107392.71875,81074176
2025-06-29 08:00:00+00:00,107708.4453125,107737.7578125,107435.5859375,107440.3984375,79933440
2025-06-29 09:00:00+00:00,107900.4609375,107993.7421875,107685.046875,107730.5390625,551581696
2025-06-29 10:00:00+00:00,108177.0078125,108288.640625,107903.734375,107903.734375,52527104
2025-06-29 11:00:00+00:00,108460.78125,108460.78125,108147.4296875,108184.1328125,707563520
2025-06-29 12:00:00+00:00,108209.9609375,108499.40625,108118.34375,108499.40625,1641779200
2025-06-29 13:00:00+00:00,108080.4921875,108247.4296875,108076.5078125,108205.84375,192706560
2025-06-29 14:00:00+00:00,107969.1484375,108237.109375,107857.03125,108081.8515625,177057792
2025-06-29 15:00:00+00:00,107790.5390625,108035.4765625,107709.203125,107956.96875,0
2025-06-29 16:00:00+00:00,107570.9375,107793.9609375,107424.7265625,107788.1484375,1063325696
2025-06-29 17:00:00+00:00,107537.4609375,107591.3828125,107362.265625,107573.59375,0
2025-06-29 18:00:00+00:00,107700.8984375,107733.265625,107499.6640625,107545.375,1126746112
2025-06-29 19:00:00+00:00,107456.1953125,107663.3046875,107401.984375,107663.3046875,12337152
2025-06-29 20:00:00+00:00,107439.0625,107498.0,107410.7109375,107438.9609375,78159872
2025-06-29 21:00:00+00:00,107536.390625,107702.4921875,107333.9765625,107341.421875,381968384
2025-06-29 22:00:00+00:00,108131.703125,108266.078125,107562.2890625,107562.2890625,898189312
2025-06-29 23:00:00+00:00,108388.9765625,108429.15625,108066.7890625,108167.328125,887472128
2025-06-30 00:00:00+00:00,108726.0625,108785.421875,108295.53125,108380.78125,943947776
2025-06-30 01:00:00+00:00,108560.8046875,108798.7890625,108497.6796875,108738.5859375,0
2025-06-30 02:00:00+00:00,108501.2265625,108665.296875,108498.96875,108544.25,1206587392
2025-06-30 03:00:00+00:00,108551.078125,108582.4140625,108476.484375,108530.0,235593728
2025-06-30 04:00:00+00:00,108359.125,108568.1875,108359.125,108548.4765625,87187456
2025-06-30 05:00:00+00:00,108311.265625,108398.1875,108200.484375,108348.9375,242765824
2025-06-30 06:00:00+00:00,107625.296875,108311.6640625,107605.171875,108307.140625,0
2025-06-30 07:00:00+00:00,107655.21875,107753.421875,107525.7109375,107622.1015625,1472544768
2025-06-30 08:00:00+00:00,107514.1796875,107745.203125,107514.1796875,107654.1484375,0
2025-06-30 09:00:00+00:00,107520.625,107697.390625,107520.625,107560.1171875,662908928
2025-06-30 10:00:00+00:00,107648.046875,107658.2265625,107460.7578125,107504.6875,0
2025-06-30 11:00:00+00:00,107674.0625,107969.7265625,107647.53125,107656.9375,0
2025-06-30 12:00:00+00:00,107611.8046875,107818.375,107590.109375,107681.3671875,933748736
2025-06-30 13:00:00+00:00,107520.6640625,107862.25,107520.6640625,107631.59375,699559936
2025-06-30 14:00:00+00:00,106958.109375,107617.5390625,106958.109375,107533.171875,584552448
2025-06-30 15:00:00+00:00,107571.4296875,107737.421875,106767.9375,106823.1015625,1974738944
2025-06-30 16:00:00+00:00,107705.7421875,107850.375,107336.765625,107581.75,0
2025-06-30 17:00:00+00:00,107540.609375,107831.359375,107540.609375,107649.78125,1514344448
2025-06-30 18:00:00+00:00,107285.1171875,107639.46875,107201.5546875,107505.8984375,182800384
2025-06-30 19:00:00+00:00,107750.109375,107750.109375,107257.7265625,107278.4453125,448925696
2025-06-30 20:00:00+00:00,107576.15625,107778.671875,107562.65625,107778.671875,1487716352
2025-06-30 21:00:00+00:00,107179.0546875,107610.7421875,107028.0234375,107600.2109375,0
2025-06-30 22:00:00+00:00,107149.5234375,107339.375,107142.484375,107147.6875,0
2025-06-30 23:00:00+00:00,107110.71875,107244.984375,107098.2109375,107159.1640625,0
2025-07-01 00:00:00+00:00,107375.3515625,107455.09375,107098.8515625,107167.6953125,0
2025-07-01 01:00:00+00:00,107255.734375,107547.9140625,107245.0625,107408.3984375,0
2025-07-01 02:00:00+00:00,107140.375,107436.859375,107140.375,107255.3125,223973376
2025-07-01 03:00:00+00:00,107240.25,107245.3203125,107115.140625,107126.34375,977993728
2025-07-01 04:00:00+00:00,106943.1015625,107262.1953125,106943.1015625,107230.4609375,0
2025-07-01 05:00:00+00:00,106971.1171875,106981.9296875,106786.859375,106933.6953125,291733504
2025-07-01 06:00:00+00:00,106917.4140625,106972.984375,106800.15625,106972.984375,428630016
2025-07-01 07:00:00+00:00,107179.03125,107201.6875,106683.421875,106925.953125,0
2025-07-01 08:00:00+00:00,106739.7578125,107180.140625,106723.9609375,107180.140625,891584512
2025-07-01 09:00:00+00:00,106587.5703125,106814.4375,106530.2421875,106743.71875,378744832
2025-07-01 10:00:00+00:00,106475.359375,106641.1328125,106366.984375,106588.1328125,273752064
2025-07-01 11:00:00+00:00,106611.3984375,106644.5859375,106375.0390625,106505.0,162099200
2025-07-01 12:00:00+00:00,106463.1015625,106714.0859375,106421.203125,106620.203125,0
2025-07-01 13:00:00+00:00,106844.4609375,106896.453125,106349.078125,106460.5390625,470175744
2025-07-01 14:00:00+00:00,105939.2265625,107172.6875,105788.6875,106845.484375,857780224
2025-07-01 15:00:00+00:00,106043.78125,106189.7109375,105696.8359375,105952.9453125,0
2025-07-01 16:00:00+00:00,106075.53125,106282.7265625,105926.5625,106027.3203125,1067520000
2025-07-01 17:00:00+00:00,106288.03125,106315.8671875,105958.8203125,106114.359375,54042624
2025-07-01 18:00:00+00:00,105740.1484375,106274.4453125,105740.1484375,106274.4453125,0
2025-07-01 19:00:00+00:00,105486.3984375,105806.875,105447.2890625,105806.875,3286695936
2025-07-01 20:00:00+00:00,106001.0078125,106001.0078125,105310.0859375,105441.390625,894304256
2025-07-01 21:00:00+00:00,105812.6171875,106094.3828125,105756.921875,105960.734375,0
2025-07-01 22:00:00+00:00,105705.90625,105908.5859375,105688.7421875,105797.34375,1254338560
2025-07-01 23:00:00+00:00,105687.7421875,105689.2109375,105394.8203125,105657.8984375,0
2025-07-02 00:00:00+00:00,105404.9921875,105795.265625,105400.5625,105695.15625,0
2025-07-02 01:00:00+00:00,105733.5859375,105785.921875,105159.734375,105409.7578125,1416867840
2025-07-02 02:00:00+00:00,105934.4140625,105934.4140625,105573.65625,105739.21875,0
2025-07-02 03:00:00+00:00,106196.671875,106224.75,105895.546875,105927.515625,1378025472
2025-07-02 04:00:00+00:00,106379.0078125,106380.546875,106163.4921875,106206.0390625,0
2025-07-02 05:00:00+00:00,106646.625,106660.0625,106335.625,106394.09375,0
2025-07-02 06:00:00+00:00,107023.671875,107036.09375,106653.46875,106653.46875,1806757888
2025-07-02 07:00:00+00:00,107175.7265625,107209.6640625,106908.53125,107047.25,285134848
2025-07-02 08:00:00+00:00,107768.8359375,107768.8359375,107138.453125,107138.453125,590266368
2025-07-02 09:00:00+00:00,107663.046875,107775.84375,107582.34375,107768.96875,0
2025-07-02 10:00:00+00:00,107827.8125,107843.8671875,107665.28125,107666.5859375,657440768
2025-07-02 11:00:00+00:00,107506.9921875,107867.0078125,107434.0234375,107839.78125,0
2025-07-02 12:00:00+00:00,107442.1328125,107512.1484375,107225.046875,107505.0859375,3218194432
2025-07-02 13:00:00+00:00,107783.546875,107994.6796875,107349.9609375,107405.359375,0
2025-07-02 14:00:00+00:00,108195.6875,108195.6875,107795.9453125,107820.53125,0
2025-07-02 15:00:00+00:00,108795.265625,108795.265625,108189.328125,108189.328125,636895232
2025-07-02 16:00:00+00:00,109483.1796875,109645.671875,108765.1875,108782.4765625,3991257088
2025-07-02 17:00:00+00:00,109113.4921875,109751.59375,108944.296875,109602.0625,2370273280
2025-07-02 18:00:00+00:00,109567.359375,109572.546875,109103.6171875,109151.390625,982581248
2025-07-02 19:00:00+00:00,109681.96875,109681.96875,109391.3671875,109583.828125,0
2025-07-02 20:00:00+00:00,109219.171875,109749.2109375,109219.171875,109749.2109375,665661440
2025-07-02 21:00:00+00:00,109495.5390625,109544.3046875,109208.0,109224.9921875,922542080
2025-07-02 22:00:00+00:00,109186.3671875,109543.609375,109162.671875,109543.609375,1503158272
2025-07-02 23:00:00+00:00,108859.609375,109207.421875,108775.125,109184.4375,454692864
2025-07-03 00:00:00+00:00,108969.1796875,109103.1875,108804.40625,108851.234375,576319488
2025-07-03 01:00:00+00:00,109074.4765625,109146.6015625,108905.2109375,108977.109375,0
2025-07-03 02:00:00+00:00,108779.421875,109049.7421875,108607.6796875,109049.7421875,0
2025-07-03 03:00:00+00:00,108692.96875,108834.96875,108669.7890625,108767.15625,0
2025-07-03 04:00:00+00:00,108824.2890625,109018.125,108646.5078125,108699.109375,865816576
2025-07-03 05:00:00+00:00,109386.9921875,109398.8828125,108823.5078125,108823.5078125,0
2025-07-03 06:00:00+00:00,109517.40625,109593.03125,109311.3203125,109389.1484375,0
2025-07-03 07:00:00+00:00,109320.9453125,109517.1328125,109203.0546875,109517.1328125,699301888
2025-07-03 08:00:00+00:00,109419.515625,109582.1640625,109344.8984375,109344.8984375,0
2025-07-03 09:00:00+00:00,109988.8125,110293.7578125,109422.484375,109432.875,1763803136
2025-07-03 10:00:00+00:00,109873.1015625,110021.640625,109726.234375,109999.3828125,462237696
2025-07-03 11:00:00+00:00,109649.375,109881.7734375,109628.796875,109881.7734375,0
2025-07-03 12:00:00+00:00,109182.3828125,109648.09375,108861.40625,109606.515625,159776768
2025-07-03 13:00:00+00:00,110462.3203125,110530.453125,109202.71875,109231.0390625,1795825664
2025-07-03 14:00:00+00:00,109764.9609375,110498.8984375,109675.1953125,110304.4921875,1522659328
2025-07-03 15:00:00+00:00,109162.9609375,109841.5546875,109152.359375,109779.140625,0
2025-07-03 16:00:00+00:00,109487.859375,109690.421875,109080.3671875,109196.5,0
2025-07-03 17:00:00+00:00,109583.15625,109671.234375,109392.96875,109407.015625,0
2025-07-03 18:00:00+00:00,109685.453125,109746.1875,109387.3359375,109593.4140625,0
2025-07-03 19:00:00+00:00,109820.3515625,109924.796875,109687.578125,109687.578125,0
2025-07-03 20:00:00+00:00,109946.921875,109950.5078125,109821.46875,109852.8359375,0
2025-07-03 21:00:00+00:00,109842.90625,110031.03125,109765.109375,109977.6796875,0
2025-07-03 22:00:00+00:00,109749.5,109900.5234375,109719.3125,109841.28125,0
2025-07-03 23:00:00+00:00,109645.609375,109854.015625,109587.6171875,109738.953125,0
2025-07-04 00:00:00+00:00,109521.15625,109734.90625,109483.65625,109639.265625,0
2025-07-04 01:00:00+00:00,109550.421875,109733.6640625,109496.1796875,109514.0625,275783680
2025-07-04 02:00:00+00:00,109255.9453125,109548.578125,109167.8125,109548.578125,322060288
2025-07-04 03:00:00+00:00,109299.890625,109395.671875,109217.5390625,109249.0546875,0
2025-07-04 04:00:00+00:00,109029.203125,109362.890625,109014.6796875,109287.2109375,0
2025-07-04 05:00:00+00:00,109062.9453125,109246.328125,109024.9765625,109025.125,632836096
2025-07-04 06:00:00+00:00,109057.140625,109057.140625,108873.75,109056.609375,348659712
2025-07-04 07:00:00+00:00,108754.359375,109153.4765625,108754.359375,109048.0390625,0
2025-07-04 08:00:00+00:00,108799.5390625,108911.40625,108636.359375,108760.7109375,368332800
2025-07-04 09:00:00+00:00,109038.203125,109091.765625,108806.2421875,108806.2421875,0
2025-07-04 10:00:00+00:00,108948.875,109101.4296875,108921.7109375,109032.875,0
2025-07-04 11:00:00+00:00,108921.5,109136.4140625,108900.7109375,108953.40625,0
2025-07-04 12:00:00+00:00,108779.0546875,109003.8828125,108729.6796875,108946.5078125,0
2025-07-04 13:00:00+00:00,108082.890625,108877.03125,108082.890625,108777.6328125,0
2025-07-04 14:00:00+00:00,107858.15625,108124.9140625,107638.4609375,108020.1171875,0
2025-07-04 15:00:00+00:00,107681.703125,107969.8125,107681.703125,107863.6171875,2148335616
2025-07-04 16:00:00+00:00,107652.265625,107758.140625,107396.2890625,107634.984375,629923840
2025-07-04 17:00:00+00:00,107918.890625,107932.2109375,107766.484375,107843.0546875,167186432
2025-07-04 18:00:00+00:00,107569.9609375,107928.4921875,107569.9609375,107928.4921875,579727360
2025-07-04 19:00:00+00:00,107492.0078125,107658.203125,107315.2578125,107517.5390625,89960448
2025-07-04 20:00:00+00:00,107743.6328125,107810.96875,107478.890625,107494.0859375,0
2025-07-04 21:00:00+00:00,107935.4296875,107957.4140625,107738.78125,107739.703125,0
2025-07-04 22:00:00+00:00,108283.5703125,108283.5703125,107935.4453125,107938.328125,832888832
2025-07-04 23:00:00+00:00,108058.296875,108290.3203125,108013.6640625,108290.3203125,0
2025-07-05 00:00:00+00:00,108235.875,108244.859375,108005.1484375,108019.6015625,1505509376
2025-07-05 01:00:00+00:00,108013.578125,108227.59375,107947.796875,108227.59375,0
2025-07-05 02:00:00+00:00,108114.1328125,108127.9375,107846.3515625,108005.921875,0
2025-07-05 03:00:00+00:00,108207.59375,108306.7265625,108131.8671875,108131.8671875,698318848
2025-07-05 04:00:00+00:00,108187.5625,108367.2578125,108100.796875,108200.8984375,0
2025-07-05 05:00:00+00:00,108178.6875,108188.796875,108072.328125,108171.1953125,0
2025-07-05 06:00:00+00:00,108300.8125,108301.703125,108135.7890625,108173.1171875,0
2025-07-05 07:00:00+00:00,108066.15625,108308.765625,108041.921875,108308.765625,0
2025-07-05 08:00:00+00:00,108057.9296875,108161.625,107981.6328125,108064.390625,0
2025-07-05 09:00:00+00:00,108120.421875,108132.0625,107942.359375,108057.3203125,0
2025-07-05 10:00:00+00:00,108161.25,108223.484375,108103.984375,108134.140625,712302592
2025-07-05 11:00:00+00:00,108182.53125,108271.0,108150.4765625,108164.84375,0
2025-07-05 12:00:00+00:00,108181.4765625,108197.15625,108017.234375,108179.2109375,0
2025-07-05 13:00:00+00:00,108169.796875,108245.2734375,108147.765625,108175.3359375,0
2025-07-05 14:00:00+00:00,108232.96875,108244.8671875,108157.2109375,108160.53125,0
2025-07-05 15:00:00+00:00,108095.359375,108243.3359375,108085.3125,108220.4296875,0
2025-07-05 16:00:00+00:00,108131.8203125,108136.28125,107934.9296875,108088.6328125,0
2025-07-05 17:00:00+00:00,108125.3828125,108181.3828125,108003.265625,108131.7109375,200714240
2025-07-05 18:00:00+00:00,108029.109375,108140.78125,108001.6171875,108137.328125,0
2025-07-05 19:00:00+00:00,108174.7734375,108206.4296875,107985.8046875,108035.3671875,0
2025-07-05 20:00:00+00:00,108133.921875,108187.359375,108035.984375,108171.015625,516923392
2025-07-05 21:00:00+00:00,108120.9140625,108187.65625,108100.546875,108140.4921875,0
2025-07-05 22:00:00+00:00,108227.2578125,108235.0234375,108100.421875,108111.578125,0
2025-07-05 23:00:00+00:00,108235.8203125,108262.84375,108217.25,108232.9296875,556161024
2025-07-06 00:00:00+00:00,108238.1796875,108276.765625,108148.6484375,108247.4140625,0
2025-07-06 01:00:00+00:00,108239.96875,108243.96875,108147.0390625,108243.96875,638107648
2025-07-06 02:00:00+00:00,108166.234375,108288.8515625,108160.5390625,108244.6796875,0
2025-07-06 03:00:00+00:00,108088.8515625,108155.015625,108072.3125,108155.015625,0
2025-07-06 04:00:00+00:00,108025.8046875,108130.46875,107999.8984375,108085.359375,0
2025-07-06 05:00:00+00:00,108036.5,108054.03125,107997.78125,108026.2890625,11692032
2025-07-06 06:00:00+00:00,108179.546875,108245.515625,108015.21875,108043.703125,191395840
2025-07-06 07:00:00+00:00,108082.5390625,108211.546875,108077.5078125,108171.4609375,0
2025-07-06 08:00:00+00:00,108033.875,108099.421875,108005.71875,108084.765625,0
2025-07-06 09:00:00+00:00,107890.59375,108090.875,107890.59375,108036.1640625,0
2025-07-06 10:00:00+00:00,108022.40625,108136.4453125,107848.4375,107903.890625,1065267200
2025-07-06 11:00:00+00:00,108095.28125,108097.734375,107995.3125,108021.6484375,24854528
2025-07-06 12:00:00+00:00,108225.5390625,108234.9609375,108081.265625,108095.796875,217350144
2025-07-06 13:00:00+00:00,108894.3515625,109093.9921875,108235.5234375,108255.109375,1491312640
2025-07-06 14:00:00+00:00,108923.328125,109045.6953125,108713.6875,108834.53125,1248778240
2025-07-06 15:00:00+00:00,108918.4921875,108967.7734375,108733.6171875,108955.421875,0
2025-07-06 16:00:00+00:00,108863.3515625,108958.71875,108745.71875,108958.71875,1102372864
2025-07-06 17:00:00+00:00,108930.9609375,108982.203125,108764.578125,108845.703125,0
2025-07-06 18:00:00+00:00,108477.453125,108932.6953125,108367.203125,108929.4296875,0
2025-07-06 19:00:00+00:00,108527.1328125,108633.0625,108353.9609375,108521.5859375,625231872
2025-07-06 20:00:00+00:00,108747.0625,108847.34375,108564.65625,108564.65625,698865664
2025-07-06 21:00:00+00:00,109176.3359375,109700.84375,108739.46875,108740.9140625,927680512
2025-07-06 22:00:00+00:00,109257.1953125,109524.0,109256.6953125,109257.953125,745349120
2025-07-06 23:00:00+00:00,109236.2734375,109279.859375,109050.5703125,109246.5546875,1407328256
2025-07-07 00:00:00+00:00,108868.8046875,109283.890625,108856.3125,109209.1484375,506859520
2025-07-07 01:00:00+00:00,109048.796875,109118.3984375,108709.5546875,108854.9453125,0
2025-07-07 02:00:00+00:00,109408.09375,109503.9921875,109040.921875,109040.921875,1696288768
2025-07-07 03:00:00+00:00,109393.21875,109661.359375,109393.1640625,109393.1640625,0
2025-07-07 04:00:00+00:00,109144.8828125,109478.3359375,109144.8828125,109397.390625,1109364736
2025-07-07 05:00:00+00:00,109094.75,109209.0078125,109039.984375,109134.15625,0
2025-07-07 06:00:00+00:00,108789.8359375,109182.296875,108780.109375,109092.078125,1317990400
2025-07-07 07:00:00+00:00,109075.921875,109075.921875,108722.2421875,108811.3125,0
2025-07-07 08:00:00+00:00,109033.65625,109087.2890625,108910.2890625,109087.2890625,589475840
2025-07-07 09:00:00+00:00,108836.5234375,109033.65625,108811.484375,109033.65625,0
2025-07-07 10:00:00+00:00,108700.984375,108898.3984375,108700.984375,108821.0625,1289527296
2025-07-07 11:00:00+00:00,108690.28125,108792.3203125,108653.484375,108723.6796875,433184768
2025-07-07 12:00:00+00:00,108353.9453125,108645.0703125,108353.9453125,108622.015625,0
2025-07-07 13:00:00+00:00,108545.1640625,108545.1640625,108080.0,108381.953125,152989696
2025-07-07 14:00:00+00:00,108258.0390625,108608.546875,108011.234375,108542.078125,1001947136
2025-07-07 15:00:00+00:00,108305.9140625,108609.90625,108243.75,108243.75,0
2025-07-07 16:00:00+00:00,107984.1796875,108458.90625,107948.4296875,108314.4140625,2120859648
2025-07-07 17:00:00+00:00,107928.1640625,108302.015625,107841.0859375,107949.3671875,1980092416
2025-07-07 18:00:00+00:00,108008.71875,108080.8984375,107530.203125,107936.7421875,0
2025-07-07 19:00:00+00:00,108141.421875,108300.4765625,108006.7890625,108006.7890625,857055232
2025-07-07 20:00:00+00:00,107892.2734375,108148.7734375,107892.2734375,108080.5703125,1749889024
2025-07-07 21:00:00+00:00,108209.5078125,108224.546875,107825.6953125,107909.0625,0
2025-07-07 22:00:00+00:00,108028.40625,108174.046875,107998.3515625,108174.046875,1044619264
2025-07-07 23:00:00+00:00,108297.0078125,108302.9453125,108028.8515625,108030.1640625,0
2025-07-08 00:00:00+00:00,108305.8828125,108522.578125,108234.7265625,108280.3828125,141615104
2025-07-08 01:00:00+00:00,107746.1640625,108309.1953125,107746.1640625,108309.1953125,123428864
2025-07-08 02:00:00+00:00,107748.1875,107951.4453125,107499.5546875,107742.859375,0
2025-07-08 03:00:00+00:00,107906.484375,107965.6015625,107738.109375,107768.359375,2998263808
2025-07-08 04:00:00+00:00,108007.2890625,108008.8515625,107802.984375,107912.921875,42151936
2025-07-08 05:00:00+00:00,108212.984375,108223.9453125,108003.578125,108010.2109375,0
2025-07-08 06:00:00+00:00,108297.78125,108375.25,108141.359375,108212.9921875,888877056
2025-07-08 07:00:00+00:00,108475.890625,108508.78125,108230.703125,108300.625,2166935552
2025-07-08 08:00:00+00:00,108294.8671875,108523.78125,108287.28125,108469.078125,119185408
2025-07-08 09:00:00+00:00,108453.8984375,108503.8203125,108233.140625,108289.5234375,1184092160
2025-07-08 10:00:00+00:00,108840.90625,108887.2421875,108427.5703125,108463.3828125,0
2025-07-08 11:00:00+00:00,108778.9453125,108997.453125,108773.4453125,108837.765625,0
2025-07-08 12:00:00+00:00,108930.328125,108930.328125,108705.890625,108775.4609375,234123264
2025-07-08 13:00:00+00:00,109106.5390625,109196.1875,108690.0859375,108950.859375,0
2025-07-08 14:00:00+00:00,108387.328125,109094.171875,108313.6328125,109094.171875,1213800448
2025-07-08 15:00:00+00:00,108281.640625,108548.6875,108263.71875,108398.5234375,846757888
2025-07-08 16:00:00+00:00,108476.78125,108537.96875,108126.171875,108291.953125,0
2025-07-08 17:00:00+00:00,109035.0,109083.7890625,108460.3046875,108460.3046875,268922880
2025-07-08 18:00:00+00:00,109185.125,109185.125,108968.734375,108999.578125,1208188928
2025-07-08 19:00:00+00:00,108777.4140625,109161.8515625,108769.078125,109159.84375,0
2025-07-08 20:00:00+00:00,108693.171875,108949.984375,108693.171875,108777.640625,0
2025-07-08 21:00:00+00:00,108897.65625,108982.59375,108650.1796875,108675.84375,1024057344
2025-07-08 22:00:00+00:00,108931.640625,108976.0703125,108858.3046875,108912.1953125,0
2025-07-08 23:00:00+00:00,108965.1796875,109002.140625,108860.7734375,108945.125,0
2025-07-09 00:00:00+00:00,108967.046875,108985.9140625,108821.1015625,108957.828125,0
2025-07-09 01:00:00+00:00,108798.3203125,109154.9921875,108771.40625,108965.625,0
2025-07-09 02:00:00+00:00,108637.7265625,108856.2578125,108637.7265625,108796.6875,0
2025-07-09 03:00:00+00:00,108413.1015625,108665.5625,108384.734375,108642.6015625,26996736
2025-07-09 04:00:00+00:00,108576.4765625,108581.8671875,108362.25,108396.5390625,242372608
2025-07-09 05:00:00+00:00,108789.2734375,108895.203125,108522.859375,108568.5703125,0
2025-07-09 06:00:00+00:00,108857.4375,108879.8828125,108699.3828125,108794.75,0
2025-07-09 07:00:00+00:00,108732.0546875,108885.203125,108695.7421875,108865.4453125,1033498624
2025-07-09 08:00:00+00:00,108702.703125,108871.734375,108696.8984375,108721.953125,0
2025-07-09 09:00:00+00:00,108772.2578125,108779.3046875,108596.765625,108684.96875,134295552
2025-07-09 10:00:00+00:00,108898.609375,108916.6875,108730.625,108770.4453125,401002496
2025-07-09 11:00:00+00:00,109083.6953125,109131.3828125,108902.953125,108902.953125,0
2025-07-09 12:00:00+00:00,109362.3203125,109529.125,109025.953125,109082.46875,2045018112
2025-07-09 13:00:00+00:00,109194.109375,109758.1484375,109194.109375,109349.484375,482971648
2025-07-09 14:00:00+00:00,109006.3828125,109466.1328125,108546.234375,109204.828125,0
2025-07-09 15:00:00+00:00,109095.4921875,109187.828125,108848.671875,108917.0234375,2028007424
2025-07-09 16:00:00+00:00,109428.40625,109473.9921875,109096.2265625,109118.1875,0
2025-07-09 17:00:00+00:00,109210.3984375,109439.890625,109060.84375,109434.703125,0
2025-07-09 18:00:00+00:00,109545.453125,109585.2109375,109159.7109375,109176.859375,1237438464
2025-07-09 19:00:00+00:00,111779.75,111907.4921875,109549.78125,109563.6640625,6318837760
2025-07-09 20:00:00+00:00,110735.8203125,111844.03125,110707.265625,111713.4375,3658063872
2025-07-09 21:00:00+00:00,110968.4921875,111302.828125,110725.1796875,110756.3125,2492063744
2025-07-09 22:00:00+00:00,111428.203125,111454.921875,110919.890625,110919.890625,63569920
2025-07-09 23:00:00+00:00,111322.34375,111575.296875,111322.34375,111431.234375,711135232
2025-07-10 00:00:00+00:00,110969.5,111346.734375,110969.5,111301.765625,1452277760
2025-07-10 01:00:00+00:00,111350.421875,111378.0234375,110958.6875,110968.484375,0
2025-07-10 02:00:00+00:00,111254.3203125,111554.0234375,111208.1875,111242.0859375,1306034176
2025-07-10 03:00:00+00:00,111118.078125,111278.4453125,111046.3828125,111261.2265625,0
2025-07-10 04:00:00+00:00,111187.9765625,111223.1171875,111007.078125,111119.8984375,1026629632
2025-07-10 05:00:00+00:00,111149.3671875,111197.9921875,110992.328125,111197.9921875,0
2025-07-10 06:00:00+00:00,111321.4609375,111359.7109375,111154.90625,111162.234375,0
2025-07-10 07:00:00+00:00,111270.6015625,111458.8359375,111225.1328125,111296.296875,1221574656
2025-07-10 08:00:00+00:00,111288.578125,111418.984375,111158.21875,111269.6796875,728973312
2025-07-10 09:00:00+00:00,111109.375,111300.734375,111074.0078125,111298.09375,4956160
2025-07-10 10:00:00+00:00,111138.0078125,111138.0078125,110932.546875,111084.34375,380301312
2025-07-10 11:00:00+00:00,111068.4453125,111209.5234375,111056.1015625,111131.296875,0
2025-07-10 12:00:00+00:00,110904.953125,111064.6328125,110833.8984375,111064.6328125,0
2025-07-10 13:00:00+00:00,110758.1484375,111069.0,110670.671875,110900.421875,0
2025-07-10 14:00:00+00:00,111266.1796875,111342.6796875,110783.3515625,110803.8125,507428864
2025-07-10 15:00:00+00:00,111454.234375,111454.234375,111056.28125,111307.7109375,192376832
2025-07-10 16:00:00+00:00,112700.9140625,112759.5625,111440.078125,111450.65625,3790327808
2025-07-10 17:00:00+00:00,113822.90625,113822.90625,112669.09375,112685.34375,4786155520
2025-07-10 18:00:00+00:00,113468.078125,113820.921875,113089.25,113820.921875,0
2025-07-10 19:00:00+00:00,113436.828125,113727.0703125,113181.1953125,113491.703125,0
2025-07-10 20:00:00+00:00,113615.3984375,113632.578125,113366.0,113433.3515625,0
2025-07-10 21:00:00+00:00,116458.03125,116595.4609375,113490.0,113593.765625,27653484544
2025-07-10 22:00:00+00:00,116049.703125,116448.0,115805.40625,116448.0,4316897280
2025-07-10 23:00:00+00:00,115990.015625,116076.1640625,115665.5703125,116006.5625,1717452800
2025-07-11 00:00:00+00:00,115724.8125,116021.03125,115247.2265625,115984.171875,1103200256
2025-07-11 01:00:00+00:00,115946.5390625,116036.015625,115534.0390625,115597.171875,794124288
2025-07-11 02:00:00+00:00,116686.59375,116762.0625,115722.59375,115963.5625,1756708864
2025-07-11 03:00:00+00:00,116842.984375,116874.21875,116443.0390625,116681.1015625,1981349888
2025-07-11 04:00:00+00:00,116887.4375,116914.5234375,116538.546875,116889.7109375,523542528
2025-07-11 05:00:00+00:00,117886.609375,118353.171875,116897.8359375,116897.8359375,6234259456
2025-07-11 06:00:00+00:00,117683.5234375,118375.0625,117678.5625,117887.4921875,1437720576
2025-07-11 07:00:00+00:00,117629.5859375,118098.90625,117494.078125,117660.5625,7499751424
2025-07-11 08:00:00+00:00,117986.453125,118133.109375,117585.9921875,117585.9921875,1717977088
2025-07-11 09:00:00+00:00,118498.9609375,118842.6640625,117961.2421875,118008.4140625,2121924608
2025-07-11 10:00:00+00:00,117994.6015625,118500.90625,117989.5703125,118500.90625,1702584320
2025-07-11 11:00:00+00:00,117918.171875,118122.140625,117609.0390625,117990.2578125,1181589504
2025-07-11 12:00:00+00:00,117911.0703125,118240.75,117757.0859375,117861.453125,2146091008
2025-07-11 13:00:00+00:00,118125.1796875,118125.1796875,117271.734375,117896.34375,837246976
2025-07-11 14:00:00+00:00,117695.4375,118123.1484375,117437.8203125,118059.9921875,749166592
2025-07-11 15:00:00+00:00,116967.609375,117929.15625,116814.25,117869.0078125,762732544
2025-07-11 16:00:00+00:00,117439.7734375,117445.515625,116661.6171875,116901.484375,0
2025-07-11 17:00:00+00:00,117649.6875,117729.3359375,117329.3359375,117432.8671875,0
2025-07-11 18:00:00+00:00,117715.6484375,117728.0546875,117352.125,117672.421875,0
2025-07-11 19:00:00+00:00,118029.4921875,118149.40625,117476.484375,117718.7421875,0
2025-07-11 20:00:00+00:00,117766.21875,118088.0,117766.21875,118047.4609375,514588672
2025-07-11 21:00:00+00:00,117625.34375,117924.953125,117514.0859375,117727.9453125,0
2025-07-11 22:00:00+00:00,117616.59375,117673.90625,117279.4296875,117651.9765625,0
2025-07-11 23:00:00+00:00,117550.265625,117693.6171875,117499.015625,117636.234375,0
2025-07-12 00:00:00+00:00,117340.734375,117616.484375,117231.75,117524.09375,0
2025-07-12 01:00:00+00:00,117675.40625,117715.2265625,117409.75,117409.75,0
2025-07-12 02:00:00+00:00,117648.6484375,117812.828125,117626.1015625,117677.6640625,0
2025-07-12 03:00:00+00:00,117715.078125,117879.5625,117634.859375,117645.3515625,0
2025-07-12 04:00:00+00:00,117673.5625,117895.75,117666.171875,117761.0,0
2025-07-12 05:00:00+00:00,117730.7890625,117745.7734375,117586.234375,117673.25,0
2025-07-12 06:00:00+00:00,117956.4453125,118024.96875,117727.8828125,117729.7578125,0
2025-07-12 07:00:00+00:00,117760.8203125,118060.3125,117705.0234375,117904.0859375,0
2025-07-12 08:00:00+00:00,117905.3046875,117907.0,117761.375,117761.375,0
2025-07-12 09:00:00+00:00,118180.8125,118218.5625,117917.140625,117951.625,0
2025-07-12 10:00:00+00:00,118122.8828125,118172.96875,117926.828125,118172.96875,0
2025-07-12 11:00:00+00:00,117825.765625,118128.4296875,117721.203125,118128.4296875,0
2025-07-12 12:00:00+00:00,117501.6953125,117871.25,117355.59375,117857.453125,0
2025-07-12 13:00:00+00:00,117492.2265625,117566.578125,117308.75,117537.9375,0
2025-07-12 14:00:00+00:00,117399.953125,117743.1875,117362.9453125,117509.0234375,0
2025-07-12 15:00:00+00:00,117161.109375,117459.4765625,117013.53125,117403.453125,0
2025-07-12 16:00:00+00:00,117223.59375,117402.1328125,117109.90625,117138.015625,0
2025-07-12 17:00:00+00:00,117488.3359375,117533.46875,117208.515625,117228.8671875,0
2025-07-12 18:00:00+00:00,117484.484375,117510.328125,117411.71875,117500.25,0
2025-07-12 19:00:00+00:00,117565.2890625,117666.734375,117477.4296875,117512.46875,0
2025-07-12 20:00:00+00:00,117120.5234375,117575.6015625,117120.5234375,117575.6015625,0
2025-07-12 21:00:00+00:00,117492.4296875,117569.515625,117046.921875,117101.7578125,799371264
2025-07-12 22:00:00+00:00,117414.0,117554.0390625,117366.203125,117544.59375,0
2025-07-12 23:00:00+00:00,117418.8203125,117472.8359375,117263.5703125,117412.6953125,0
2025-07-13 00:00:00+00:00,117353.125,117471.234375,117271.6171875,117470.078125,901763072
2025-07-13 01:00:00+00:00,117589.046875,117652.7265625,117331.859375,117359.1171875,0
2025-07-13 02:00:00+00:00,117662.59375,117692.8359375,117438.1640625,117586.5625,0
2025-07-13 03:00:00+00:00,117792.78125,117834.703125,117626.75,117653.546875,1409191936
2025-07-13 04:00:00+00:00,117917.75,117922.0,117748.671875,117787.8828125,0
2025-07-13 05:00:00+00:00,117780.7109375,117948.046875,117738.0703125,117912.8671875,320794624
2025-07-13 06:00:00+00:00,117941.8359375,118012.671875,117758.1328125,117782.1328125,639631360
2025-07-13 07:00:00+00:00,117986.4140625,118048.15625,117906.9140625,117931.40625,0
2025-07-13 08:00:00+00:00,117830.8125,118031.8359375,117799.3671875,118000.8828125,0
2025-07-13 09:00:00+00:00,117778.4296875,117940.984375,117741.5859375,117940.984375,0
2025-07-13 10:00:00+00:00,117790.4296875,117865.1796875,117765.6953125,117765.6953125,0
2025-07-13 11:00:00+00:00,118038.7578125,118063.078125,117788.0625,117788.0625,1082335232
2025-07-13 12:00:00+00:00,118472.890625,118577.0703125,118044.3671875,118069.6328125,0
2025-07-13 13:00:00+00:00,118667.1328125,118781.515625,118192.484375,118463.7578125,1527615488
2025-07-13 14:00:00+00:00,118753.609375,119281.8984375,118510.578125,118671.859375,1267732480
2025-07-13 15:00:00+00:00,118731.765625,119089.8984375,118606.1171875,118786.3984375,1012142080
2025-07-13 16:00:00+00:00,118657.1171875,118977.4453125,118576.375,118726.078125,0
2025-07-13 17:00:00+00:00,118719.375,118856.25,118474.6640625,118581.734375,1873559552
2025-07-13 18:00:00+00:00,119012.9765625,119060.8203125,118655.546875,118723.5703125,0
2025-07-13 19:00:00+00:00,119088.7890625,119419.75,119011.2109375,119019.8828125,1760329728
2025-07-13 20:00:00+00:00,119162.328125,119393.0078125,118865.53125,119025.6484375,136531968
2025-07-13 21:00:00+00:00,118671.25,119112.6015625,118607.1953125,119107.875,497934336
2025-07-13 22:00:00+00:00,118659.3203125,118829.328125,118384.328125,118644.0078125,0
2025-07-13 23:00:00+00:00,119097.421875,119187.0,118452.4140625,118618.9921875,1108664320
2025-07-14 00:00:00+00:00,119118.90625,119457.859375,119000.6171875,119118.796875,501055488
2025-07-14 01:00:00+00:00,119135.0390625,119224.375,118961.7734375,119117.421875,1629515776
2025-07-14 02:00:00+00:00,119702.203125,119914.9921875,119024.8515625,119132.5,1252917248
2025-07-14 03:00:00+00:00,120785.5703125,121178.9765625,119646.640625,119701.515625,6972633088
2025-07-14 04:00:00+00:00,121369.859375,121373.2734375,120645.8828125,120771.765625,3036774400
2025-07-14 05:00:00+00:00,122454.9453125,122490.2265625,121213.7578125,121419.8046875,34610356224
2025-07-14 06:00:00+00:00,122091.015625,122481.4453125,122076.796875,122481.4453125,4603215872
2025-07-14 07:00:00+00:00,122776.2734375,123077.6328125,122085.84375,122085.84375,4317732864
2025-07-14 08:00:00+00:00,122566.4453125,122720.3359375,122311.7890625,122720.3359375,1664081920
2025-07-14 09:00:00+00:00,121969.546875,122575.7890625,121933.25,122575.7890625,333651968
2025-07-14 10:00:00+00:00,121918.609375,122085.9609375,121671.1171875,121972.7734375,536502272
2025-07-14 11:00:00+00:00,121487.484375,121922.0,121354.9921875,121922.0,0
2025-07-14 12:00:00+00:00,121863.0,121872.234375,121405.8515625,121470.875,2177007616
2025-07-14 13:00:00+00:00,121618.046875,122019.328125,121237.046875,121900.03125,31477170176
2025-07-14 14:00:00+00:00,121127.671875,121891.3828125,120663.53125,121713.53125,33112211456
2025-07-14 15:00:00+00:00,119827.234375,121185.6953125,119635.109375,121185.6953125,0
2025-07-14 16:00:00+00:00,120258.15625,120269.78125,119206.640625,119819.453125,4751785984
2025-07-14 17:00:00+00:00,119805.5703125,120483.9140625,119780.03125,120260.8984375,0
2025-07-14 18:00:00+00:00,119644.4375,120151.4453125,119641.546875,119807.078125,917569536
2025-07-14 19:00:00+00:00,119836.3125,120069.34375,119655.46875,119655.46875,1998405632
2025-07-14 20:00:00+00:00,120363.046875,120440.1953125,119579.6484375,119898.90625,1351483392
2025-07-14 21:00:00+00:00,120234.40625,120246.875,119897.15625,120246.875,0
2025-07-14 22:00:00+00:00,120076.7421875,120305.6015625,119975.0390625,120095.78125,477184000
2025-07-14 23:00:00+00:00,119846.8125,120075.625,119787.3515625,120075.625,0
2025-07-15 00:00:00+00:00,119553.109375,119933.421875,119307.8359375,119850.5703125,0
2025-07-15 01:00:00+00:00,118664.7421875,119533.4140625,118664.7421875,119533.4140625,0
2025-07-15 02:00:00+00:00,118308.3515625,118826.625,117933.0625,118486.2578125,4024287232
2025-07-15 03:00:00+00:00,117261.6015625,118272.03125,117072.625,118272.03125,0
2025-07-15 04:00:00+00:00,117475.2734375,117480.1171875,116385.875,117169.671875,776044544
2025-07-15 05:00:00+00:00,117382.125,117737.3515625,117043.484375,117494.4140625,0
2025-07-15 06:00:00+00:00,117017.9140625,117329.7265625,116852.4296875,117329.7265625,0
2025-07-15 07:00:00+00:00,116904.0703125,117191.203125,116463.2578125,117029.875,433635328
2025-07-15 08:00:00+00:00,116777.9140625,116826.6171875,116527.1953125,116772.1953125,0
2025-07-15 09:00:00+00:00,116748.390625,117152.890625,116742.1171875,116742.1171875,0
2025-07-15 10:00:00+00:00,117023.9296875,117158.2890625,116769.0546875,116769.0546875,91308032
2025-07-15 11:00:00+00:00,117140.0390625,117140.0390625,116364.6953125,117031.9296875,0
2025-07-15 12:00:00+00:00,117188.5078125,117390.703125,116504.40625,117113.6171875,2139439104
2025-07-15 13:00:00+00:00,118169.8125,118350.546875,117185.96875,117191.140625,0
2025-07-15 14:00:00+00:00,116077.6171875,118389.6484375,115765.6875,118052.2890625,0
2025-07-15 15:00:00+00:00,116382.2734375,116645.8515625,115799.0078125,115967.5703125,2582470656
2025-07-15 16:00:00+00:00,117137.046875,117617.1328125,116353.09375,116376.7421875,0
2025-07-15 17:00:00+00:00,117387.28125,117485.953125,117126.1171875,117126.1171875,40337408
2025-07-15 18:00:00+00:00,116792.6953125,117374.9765625,116128.328125,117374.9765625,133808128
2025-07-15 19:00:00+00:00,116526.4765625,117124.875,116351.6796875,116747.0,2849292288
2025-07-15 20:00:00+00:00,116556.328125,116615.046875,116297.28125,116501.515625,263045120
2025-07-15 21:00:00+00:00,117520.171875,117537.1953125,116399.9296875,116552.8203125,0
2025-07-15 22:00:00+00:00,117845.09375,117867.0390625,117310.5390625,117546.03125,490422272
2025-07-15 23:00:00+00:00,117763.3828125,117969.4609375,117542.15625,117834.3046875,1639129088
2025-07-16 00:00:00+00:00,118115.3203125,118175.71875,117469.7265625,117780.359375,0
2025-07-16 01:00:00+00:00,117748.4765625,118193.09375,117621.8984375,118123.1015625,0
2025-07-16 02:00:00+00:00,117289.0703125,117739.3515625,117107.640625,117739.3515625,0
2025-07-16 03:00:00+00:00,117493.4140625,117510.53125,117259.1171875,117333.3125,0
2025-07-16 04:00:00+00:00,117624.3984375,117666.4375,117284.5859375,117496.40625,0
2025-07-16 05:00:00+00:00,117879.7578125,118029.96875,117668.296875,117668.296875,0
2025-07-16 06:00:00+00:00,118279.6796875,118305.8515625,117792.9140625,117881.5078125,0
2025-07-16 07:00:00+00:00,118178.3515625,118306.0,118080.5625,118279.53125,0
2025-07-16 08:00:00+00:00,118709.171875,118754.2265625,118165.625,118222.5234375,0
2025-07-16 09:00:00+00:00,119121.046875,119193.1875,118706.7578125,118706.7578125,0
2025-07-16 10:00:00+00:00,118762.875,119294.4765625,118762.875,119175.6171875,0
2025-07-16 11:00:00+00:00,118765.2578125,118910.953125,118702.078125,118787.890625,237576192
2025-07-16 12:00:00+00:00,118659.734375,119042.1796875,118659.734375,118778.8984375,0
2025-07-16 13:00:00+00:00,118732.8359375,118916.8359375,118302.0,118662.765625,0
2025-07-16 14:00:00+00:00,119061.125,119180.7734375,118258.3984375,118724.375,239460352
2025-07-16 15:00:00+00:00,119096.1484375,119764.0703125,118540.9140625,119048.296875,1134247936
2025-07-16 16:00:00+00:00,119312.9140625,119312.9140625,118568.6015625,119154.46875,0
2025-07-16 17:00:00+00:00,119129.3125,119696.3984375,119051.0390625,119343.46875,0
2025-07-16 18:00:00+00:00,119634.7890625,119911.6796875,119031.1640625,119107.546875,338296832
2025-07-16 19:00:00+00:00,119255.75,119666.8203125,118926.6640625,119599.03125,0
2025-07-16 20:00:00+00:00,119877.875,119917.2265625,119117.5546875,119317.875,0
2025-07-16 21:00:00+00:00,119434.3125,120054.640625,119434.3125,119946.0234375,1421590528
2025-07-16 22:00:00+00:00,118705.640625,119497.640625,118673.1171875,119494.9453125,0
2025-07-16 23:00:00+00:00,118700.6015625,118872.2421875,118483.9375,118712.8359375,871366656
2025-07-17 00:00:00+00:00,118975.859375,119182.7578125,118696.5703125,118722.8046875,0
2025-07-17 01:00:00+00:00,118028.28125,119103.2890625,117827.1953125,118959.1171875,0
2025-07-17 02:00:00+00:00,118353.7421875,118502.25,118068.640625,118162.828125,1339449344
2025-07-17 03:00:00+00:00,118144.6875,118336.515625,117856.4921875,118326.7734375,0
2025-07-17 04:00:00+00:00,118510.5625,118516.8203125,118028.625,118141.6796875,0
2025-07-17 05:00:00+00:00,118620.125,118659.1328125,118301.5625,118510.25,71065600
2025-07-17 06:00:00+00:00,118450.796875,118799.21875,118410.515625,118630.2734375,1526702080
2025-07-17 07:00:00+00:00,118404.8125,118571.796875,117914.25,118483.515625,0
2025-07-17 08:00:00+00:00,118295.546875,118443.2265625,118157.5078125,118376.4453125,504053760
2025-07-17 09:00:00+00:00,118863.4296875,119145.2109375,118298.609375,118347.5390625,1131642880
2025-07-17 10:00:00+00:00,118471.0078125,118854.8203125,118276.8828125,118821.5625,0
2025-07-17 11:00:00+00:00,118031.359375,118389.890625,118024.015625,118389.890625,20471808
2025-07-17 12:00:00+00:00,117992.2109375,118150.265625,117552.5390625,118028.9375,75923456
2025-07-17 13:00:00+00:00,118419.015625,118419.015625,117641.3671875,117948.0234375,1027366912
2025-07-17 14:00:00+00:00,118724.5234375,118843.9375,118271.2421875,118377.578125,0
2025-07-17 15:00:00+00:00,118933.6328125,119096.03125,118417.4921875,118857.4140625,0
2025-07-17 16:00:00+00:00,118513.140625,118959.7578125,118422.4140625,118921.4921875,225452032
2025-07-17 17:00:00+00:00,119237.3359375,119237.3359375,118542.0625,118542.0625,0
2025-07-17 18:00:00+00:00,119633.6484375,119831.8046875,119291.03125,119346.1171875,835772416
2025-07-17 19:00:00+00:00,118958.125,119910.0703125,118958.125,119663.34375,0
2025-07-17 20:00:00+00:00,119225.7734375,119393.328125,118507.296875,118997.2890625,366555136
2025-07-17 21:00:00+00:00,120373.9296875,120989.984375,119410.4375,119410.4375,2891087872
2025-07-17 22:00:00+00:00,119812.890625,120667.2734375,119597.3515625,120347.53125,0
2025-07-17 23:00:00+00:00,119305.8359375,119911.2734375,119305.8359375,119810.15625,1811636224
2025-07-18 00:00:00+00:00,119850.25,119850.25,119141.3671875,119245.2578125,531275776
2025-07-18 01:00:00+00:00,120422.1328125,120726.0625,119782.234375,119818.390625,888233984
2025-07-18 02:00:00+00:00,120192.859375,120437.9140625,120013.4375,120437.9140625,267214848
2025-07-18 03:00:00+00:00,120309.9765625,120526.953125,120065.875,120191.8359375,0
2025-07-18 04:00:00+00:00,120531.2890625,120553.1953125,119944.328125,120297.1015625,0
2025-07-18 05:00:00+00:00,120652.0625,120689.5703125,120349.8359375,120513.0234375,22153236480
2025-07-18 06:00:00+00:00,120367.9375,120808.9765625,120183.59375,120655.828125,2050719744
2025-07-18 07:00:00+00:00,119531.0390625,120376.25,119531.0390625,120353.796875,0
2025-07-18 08:00:00+00:00,118716.0625,119529.4609375,118483.5625,119442.8828125,24621387776
2025-07-18 09:00:00+00:00,118951.84375,119010.0625,118596.5625,118696.71875,2669928448
2025-07-18 10:00:00+00:00,119241.2734375,119241.2734375,118601.40625,118949.546875,0
2025-07-18 11:00:00+00:00,119234.765625,119331.328125,118853.109375,119300.265625,0
2025-07-18 12:00:00+00:00,119520.921875,119566.1875,119218.6796875,119218.6796875,22479577088
2025-07-18 13:00:00+00:00,118822.4765625,119448.7578125,118612.796875,119448.7578125,386965504
2025-07-18 14:00:00+00:00,118242.84375,119308.71875,117577.9375,118832.140625,1843789824
2025-07-18 15:00:00+00:00,117913.4140625,118291.375,117587.890625,118216.40625,992182272
2025-07-18 16:00:00+00:00,117653.6796875,118052.421875,117586.9375,117930.1015625,1172963328
2025-07-18 17:00:00+00:00,117703.7421875,117998.28125,117438.296875,117666.1640625,0
2025-07-18 18:00:00+00:00,117437.15625,117744.2734375,117422.0703125,117652.46875,0
2025-07-18 19:00:00+00:00,117454.3125,117931.015625,117274.640625,117372.09375,664576000
2025-07-18 20:00:00+00:00,117548.9453125,117575.0234375,116930.9453125,117457.8984375,0
2025-07-18 21:00:00+00:00,117691.2578125,117933.6484375,117509.703125,117509.703125,18744012800
2025-07-18 22:00:00+00:00,117769.78125,117993.546875,117509.5078125,117677.234375,0
2025-07-18 23:00:00+00:00,118004.8671875,118067.6171875,117614.9453125,117765.5859375,0
2025-07-19 00:00:00+00:00,117838.8359375,118092.125,117825.875,118006.859375,0
2025-07-19 01:00:00+00:00,118118.9453125,118147.3203125,117722.90625,117822.9453125,417341440
2025-07-19 02:00:00+00:00,118279.171875,118342.265625,118054.84375,118121.6328125,0
2025-07-19 03:00:00+00:00,118357.1484375,118432.828125,118219.5625,118291.0625,0
2025-07-19 04:00:00+00:00,118223.046875,118424.3046875,118186.4140625,118393.671875,0
2025-07-19 05:00:00+00:00,118312.53125,118360.2265625,118158.75,118227.921875,0
2025-07-19 06:00:00+00:00,118231.6875,118352.8984375,118169.328125,118299.1953125,0
2025-07-19 07:00:00+00:00,118250.859375,118391.71875,118233.015625,118255.7421875,0
2025-07-19 08:00:00+00:00,118219.359375,118349.515625,118059.515625,118251.3828125,0
2025-07-19 09:00:00+00:00,118287.6015625,118378.921875,118148.375,118182.8515625,0
2025-07-19 10:00:00+00:00,118455.0546875,118511.046875,118252.078125,118305.4140625,0
2025-07-19 11:00:00+00:00,118371.65625,118540.4453125,118251.296875,118485.9765625,0
2025-07-19 12:00:00+00:00,118271.4921875,118402.9921875,118188.34375,118393.421875,1239105536
2025-07-19 13:00:00+00:00,118146.1171875,118365.328125,118146.1171875,118284.421875,0
2025-07-19 14:00:00+00:00,117744.015625,118261.3203125,117744.015625,118235.84375,0
2025-07-19 15:00:00+00:00,118124.7265625,118287.9921875,117721.7890625,117721.7890625,0
2025-07-19 16:00:00+00:00,118043.015625,118179.875,117916.2890625,118088.09375,0
2025-07-19 17:00:00+00:00,117839.0625,118014.0,117787.8046875,118009.75,0
2025-07-19 18:00:00+00:00,117902.671875,118062.6328125,117822.4140625,117822.4140625,0
2025-07-19 19:00:00+00:00,118064.9765625,118160.9140625,117709.15625,117913.1796875,0
2025-07-19 20:00:00+00:00,117802.296875,118143.6171875,117802.296875,118048.3671875,0
2025-07-19 21:00:00+00:00,117760.265625,117869.265625,117411.5703125,117768.171875,0
2025-07-19 22:00:00+00:00,117859.21875,117903.6484375,117608.75,117758.5625,48431104
2025-07-19 23:00:00+00:00,117934.9453125,117965.984375,117795.875,117844.421875,0
2025-07-20 00:00:00+00:00,117998.7734375,118021.5390625,117722.3671875,117913.4609375,1134592
2025-07-20 01:00:00+00:00,118002.0234375,118157.1328125,117961.53125,117985.2109375,0
2025-07-20 02:00:00+00:00,118003.4140625,118031.828125,117859.234375,117942.7109375,0
2025-07-20 03:00:00+00:00,118028.1484375,118184.5,117854.8359375,118020.2890625,192065536
2025-07-20 04:00:00+00:00,118018.0,118165.078125,117956.8828125,117988.9140625,0
2025-07-20 05:00:00+00:00,117915.8203125,118016.8671875,117871.2734375,118014.796875,0
2025-07-20 06:00:00+00:00,117871.9609375,117936.171875,117829.4609375,117899.625,0
2025-07-20 07:00:00+00:00,118073.6796875,118243.0078125,117871.8203125,117871.8203125,0
2025-07-20 08:00:00+00:00,118211.6875,118296.390625,118089.6796875,118089.6796875,1507069952
2025-07-20 09:00:00+00:00,118048.1796875,118303.015625,118045.671875,118216.25,601448448
2025-07-20 10:00:00+00:00,117940.9765625,118038.8359375,117940.59375,118019.5546875,0
2025-07-20 11:00:00+00:00,117866.75,118037.6953125,117866.75,117946.3828125,1229848576
2025-07-20 12:00:00+00:00,118103.734375,118127.671875,117773.21875,117903.125,1714704384
2025-07-20 13:00:00+00:00,118366.828125,118376.6171875,118113.609375,118114.2578125,0
2025-07-20 14:00:00+00:00,118497.390625,118759.9296875,118393.8125,118407.953125,1537073152
2025-07-20 15:00:00+00:00,118729.4375,118769.4140625,118415.90625,118467.703125,241033216
2025-07-20 16:00:00+00:00,118594.515625,118837.25,118503.0234375,118713.1171875,0
2025-07-20 17:00:00+00:00,118056.046875,118524.8515625,118056.046875,118524.8515625,798986240
2025-07-20 18:00:00+00:00,118391.1328125,118472.359375,118058.328125,118058.328125,765427712
2025-07-20 19:00:00+00:00,118253.328125,118581.0234375,118253.328125,118394.5859375,0
2025-07-20 20:00:00+00:00,118151.8359375,118293.515625,117960.96875,118246.40625,2104324096
2025-07-20 21:00:00+00:00,118062.3203125,118195.0703125,117903.2578125,118132.40625,18198528
2025-07-20 22:00:00+00:00,117602.59375,118057.8203125,116675.8515625,118057.8203125,1993424896
2025-07-20 23:00:00+00:00,117275.203125,117525.3203125,117108.328125,117510.328125,2012217344
2025-07-21 00:00:00+00:00,117347.2421875,117347.2421875,116589.15625,117214.59375,1223671808
2025-07-21 01:00:00+00:00,117343.640625,117434.7734375,116902.5703125,117364.4296875,0
2025-07-21 02:00:00+00:00,118058.0,118079.6171875,117346.1953125,117346.1953125,740130816
2025-07-21 03:00:00+00:00,118434.7578125,118636.2578125,118139.390625,118139.390625,2080968704
2025-07-21 04:00:00+00:00,118381.0703125,118644.375,118344.2734375,118438.140625,0
2025-07-21 05:00:00+00:00,118427.15625,118437.3828125,118219.1875,118382.3359375,430813184
2025-07-21 06:00:00+00:00,119205.515625,119239.0078125,118300.5390625,118448.3671875,3042537472
2025-07-21 07:00:00+00:00,119341.578125,119619.109375,119183.859375,119183.859375,1157480448
2025-07-21 08:00:00+00:00,119021.6015625,119507.8984375,118929.921875,119362.09375,458702848
2025-07-21 09:00:00+00:00,118730.8046875,119109.8671875,118602.1640625,119033.1015625,0
2025-07-21 10:00:00+00:00,118615.078125,118790.96875,118380.484375,118728.140625,1815691264
2025-07-21 11:00:00+00:00,118191.421875,118757.0,118191.421875,118616.7578125,0
2025-07-21 12:00:00+00:00,118225.0625,118578.8203125,117864.515625,118198.078125,1192800256
2025-07-21 13:00:00+00:00,118851.84375,119107.8203125,117950.6953125,118207.34375,0
2025-07-21 14:00:00+00:00,118864.8203125,119231.0,118567.09375,118871.046875,794247168
2025-07-21 15:00:00+00:00,118360.5390625,119145.921875,118360.5390625,118869.453125,2369077248
2025-07-21 16:00:00+00:00,117839.28125,118424.2265625,117606.25,118372.1328125,530759680
2025-07-21 17:00:00+00:00,117906.921875,118109.4453125,117426.328125,117843.6875,90456064
2025-07-21 18:00:00+00:00,117209.3203125,118190.1171875,117197.4921875,117894.078125,161726464
2025-07-21 19:00:00+00:00,116856.4921875,117511.1953125,116729.4453125,117173.8515625,1014407168
2025-07-21 20:00:00+00:00,117016.5859375,117279.015625,116758.1640625,116762.4375,1413423104
2025-07-21 21:00:00+00:00,117278.2578125,117429.484375,116939.1875,116972.703125,1283432448
2025-07-21 22:00:00+00:00,117439.578125,117657.5859375,117223.4609375,117278.3046875,0
2025-07-21 23:00:00+00:00,117456.6015625,117525.0546875,117195.7890625,117439.3046875,0
2025-07-22 00:00:00+00:00,117171.0546875,117538.984375,117108.828125,117419.6484375,0
2025-07-22 01:00:00+00:00,117838.84375,117957.78125,116342.7890625,117163.0390625,2470969344
2025-07-22 02:00:00+00:00,117041.953125,117835.8359375,117041.953125,117804.4609375,0
2025-07-22 03:00:00+00:00,117207.8984375,117256.484375,116751.0625,117081.5078125,0
2025-07-22 04:00:00+00:00,116747.53125,117346.7734375,116747.53125,117237.3828125,2373304320
2025-07-22 05:00:00+00:00,117328.234375,117364.421875,116639.5,116639.5,1721155584
2025-07-22 06:00:00+00:00,117827.4765625,117827.4765625,117331.03125,117331.03125,0
2025-07-22 07:00:00+00:00,117924.3046875,118593.4140625,117848.9375,117848.9375,1129889792
2025-07-22 08:00:00+00:00,118308.3515625,118318.421875,117588.6953125,117970.9375,1480835072
2025-07-22 09:00:00+00:00,118453.53125,118657.65625,117948.8359375,118316.671875,0
2025-07-22 10:00:00+00:00,118922.2734375,118922.2734375,118392.15625,118468.984375,0
2025-07-22 11:00:00+00:00,119199.2890625,119224.9296875,118862.609375,118974.1015625,0
2025-07-22 12:00:00+00:00,119357.4140625,119459.125,119135.2734375,119206.25,1701707776
2025-07-22 13:00:00+00:00,118292.703125,119514.0,118292.703125,119320.921875,617938944
2025-07-22 14:00:00+00:00,119043.40625,119043.40625,117755.4140625,118156.3125,874684416
2025-07-22 15:00:00+00:00,118934.0390625,119201.5625,118779.609375,119114.0703125,1706762240
2025-07-22 16:00:00+00:00,118715.75,119389.1484375,118711.71875,118956.328125,0
2025-07-22 17:00:00+00:00,119222.640625,119242.125,118489.3515625,118728.0625,758259712
2025-07-22 18:00:00+00:00,119942.9296875,120200.484375,119155.875,119237.1171875,0
2025-07-22 19:00:00+00:00,119278.296875,119866.6484375,119224.71875,119809.140625,0
2025-07-22 20:00:00+00:00,119822.1015625,119901.3203125,119278.8671875,119295.7421875,2167824384
2025-07-22 21:00:00+00:00,119520.0546875,119808.03125,119503.90625,119787.3046875,0
2025-07-22 22:00:00+00:00,119877.09375,120023.4296875,119446.8125,119446.8125,817119232
2025-07-22 23:00:00+00:00,119955.8203125,120265.5234375,119882.9453125,119882.9453125,737886208
2025-07-23 00:00:00+00:00,119590.40625,120104.9765625,119590.40625,119999.453125,0
2025-07-23 01:00:00+00:00,119565.015625,119705.96875,119485.2421875,119594.78125,0
2025-07-23 02:00:00+00:00,119104.0390625,119565.6484375,119064.84375,119549.1171875,0
2025-07-23 03:00:00+00:00,118624.828125,119123.921875,118612.359375,119123.921875,0
2025-07-23 04:00:00+00:00,118999.5703125,118999.5703125,118645.4296875,118675.7109375,1000898560
2025-07-23 05:00:00+00:00,118675.6171875,119010.609375,118675.6171875,119010.609375,0
2025-07-23 06:00:00+00:00,118463.3671875,118732.0234375,118443.4453125,118681.6484375,0
2025-07-23 07:00:00+00:00,118406.828125,118639.28125,118349.90625,118447.875,0
2025-07-23 08:00:00+00:00,118465.625,118579.4375,118313.1953125,118401.2578125,0
2025-07-23 09:00:00+00:00,118147.5390625,118489.234375,117984.546875,118463.921875,0
2025-07-23 10:00:00+00:00,118430.0703125,118437.578125,117915.578125,118105.0625,0
2025-07-23 11:00:00+00:00,118597.546875,118683.1484375,118258.6015625,118426.3828125,0
2025-07-23 12:00:00+00:00,118019.0625,118709.4921875,117893.2421875,118593.6015625,0
2025-07-23 13:00:00+00:00,117521.953125,118257.953125,117404.15625,118034.59375,0
2025-07-23 14:00:00+00:00,118052.3125,118122.4296875,117474.734375,117474.734375,141737984
2025-07-23 15:00:00+00:00,118567.0859375,118646.921875,117925.2578125,118225.6953125,0
2025-07-23 16:00:00+00:00,117795.7109375,118642.1875,117635.609375,118642.1875,315097088
2025-07-23 17:00:00+00:00,118118.5859375,118118.5859375,117438.5625,117785.171875,839766016
2025-07-23 18:00:00+00:00,118396.328125,118424.109375,118109.0703125,118225.8984375,0
2025-07-23 19:00:00+00:00,118449.7890625,118491.515625,118315.0390625,118410.0546875,0
2025-07-23 20:00:00+00:00,118016.7265625,118523.2890625,117687.1875,118432.203125,0
2025-07-23 21:00:00+00:00,118157.109375,118213.71875,117495.484375,118009.640625,742764544
2025-07-23 22:00:00+00:00,118618.5234375,118664.4765625,118061.1796875,118163.4765625,735248384
2025-07-23 23:00:00+00:00,118695.25,118752.03125,118523.15625,118620.6953125,0
2025-07-24 00:00:00+00:00,119081.65625,119177.6328125,118664.9375,118779.09375,0
2025-07-24 01:00:00+00:00,119168.1953125,119168.1953125,118924.265625,119097.4375,0
2025-07-24 02:00:00+00:00,119012.265625,119153.7734375,118892.3359375,119153.7734375,831299584
2025-07-24 03:00:00+00:00,118572.4921875,119284.8671875,118572.4921875,118988.84375,0
2025-07-24 04:00:00+00:00,118049.8671875,118622.2734375,117929.34375,118561.3203125,2766729216
2025-07-24 05:00:00+00:00,117632.6875,118026.96875,117632.6875,118026.96875,380637184
2025-07-24 06:00:00+00:00,117535.9140625,117898.390625,117498.1328125,117727.28125,1790353408
2025-07-24 07:00:00+00:00,118509.7734375,118509.7734375,117435.21875,117586.890625,1916911616
2025-07-24 08:00:00+00:00,118825.03125,118856.7578125,118366.828125,118478.9140625,1796341760
2025-07-24 09:00:00+00:00,118539.0859375,118877.3046875,118412.8046875,118828.953125,290537472
2025-07-24 10:00:00+00:00,118472.0546875,118690.7734375,118047.296875,118556.25,0
2025-07-24 11:00:00+00:00,118711.390625,118786.2421875,118412.84375,118455.0859375,1561567232
2025-07-24 12:00:00+00:00,118609.5234375,118771.921875,118400.4765625,118681.2734375,111124480
2025-07-24 13:00:00+00:00,118331.4296875,118788.3046875,118331.4296875,118597.8203125,0
2025-07-24 14:00:00+00:00,119072.3203125,119072.3203125,117969.96875,118298.3359375,0
2025-07-24 15:00:00+00:00,119151.9921875,119506.0859375,118747.734375,119150.9921875,1522647040
2025-07-24 16:00:00+00:00,118580.53125,119218.703125,118490.8828125,119171.2109375,806240256
2025-07-24 17:00:00+00:00,119200.40625,119355.3125,118569.0703125,118607.703125,0
2025-07-24 18:00:00+00:00,119116.5859375,119472.6484375,119073.21875,119200.09375,0
2025-07-24 19:00:00+00:00,119071.09375,119405.0546875,119046.4453125,119114.8125,0
2025-07-24 20:00:00+00:00,118789.6328125,119021.375,118789.6328125,119021.375,0
2025-07-24 21:00:00+00:00,118635.28125,118845.8515625,118561.359375,118781.1328125,0
2025-07-24 22:00:00+00:00,118413.078125,118699.609375,118272.1640625,118630.0625,308617216
2025-07-24 23:00:00+00:00,118348.0703125,118505.34375,118284.8515625,118394.9609375,88563712
2025-07-25 00:00:00+00:00,117779.953125,118486.9765625,117739.9765625,118378.0546875,1001422848
2025-07-25 01:00:00+00:00,117503.8828125,117824.5234375,117295.9921875,117754.4453125,2409562112
2025-07-25 02:00:00+00:00,116533.9296875,117477.9296875,116533.9296875,117477.9296875,2865963008
2025-07-25 03:00:00+00:00,115427.6015625,116443.5390625,115405.2421875,116443.5390625,4909047808
2025-07-25 04:00:00+00:00,116128.71875,116128.71875,115168.3515625,115443.671875,3868418048
2025-07-25 05:00:00+00:00,115604.828125,116155.8515625,115364.421875,116155.8515625,1119862784
2025-07-25 06:00:00+00:00,115384.5,115567.1328125,115254.6796875,115567.1328125,0
2025-07-25 07:00:00+00:00,115151.2421875,115948.0625,114798.7265625,115368.53125,2529820672
2025-07-25 08:00:00+00:00,115270.9296875,115926.203125,115116.921875,115335.09375,4435738624
2025-07-25 09:00:00+00:00,115946.40625,115948.4296875,115076.5859375,115234.5703125,1407320064
2025-07-25 10:00:00+00:00,116291.2265625,116470.265625,116059.6171875,116059.6171875,839761920
2025-07-25 11:00:00+00:00,116600.1484375,116774.2734375,116341.0546875,116341.0546875,732741632
2025-07-25 12:00:00+00:00,116073.4140625,116593.359375,116001.1875,116586.6640625,1213054976
2025-07-25 13:00:00+00:00,116148.7265625,116544.09375,115678.421875,116097.7734375,238403584
2025-07-25 14:00:00+00:00,114983.9765625,116237.15625,114983.9765625,116194.7265625,3298353152
2025-07-25 15:00:00+00:00,115787.0546875,115859.7265625,114972.328125,114972.328125,0
2025-07-25 16:00:00+00:00,116182.703125,116182.703125,115576.0390625,115777.9765625,146776064
2025-07-25 17:00:00+00:00,116189.2109375,116370.5078125,115950.375,116198.421875,2845523968
2025-07-25 18:00:00+00:00,116562.609375,116584.578125,116121.21875,116139.234375,411222016
2025-07-25 19:00:00+00:00,116763.9375,117031.734375,116473.1171875,116473.1171875,810614784
2025-07-25 20:00:00+00:00,117080.90625,117337.3203125,116649.0546875,116765.3515625,901677056
2025-07-25 21:00:00+00:00,117195.21875,117406.9921875,117061.359375,117096.3828125,0
2025-07-25 22:00:00+00:00,117303.2734375,117369.5625,117139.6484375,117224.3671875,641720320
2025-07-25 23:00:00+00:00,117617.0078125,117630.6015625,117194.71875,117285.3046875,0
2025-07-26 00:00:00+00:00,117496.640625,117625.3828125,117387.65625,117625.3828125,0
2025-07-26 01:00:00+00:00,117201.15625,117575.921875,117201.15625,117515.5390625,0
2025-07-26 02:00:00+00:00,117535.46875,117768.7890625,117238.3671875,117238.3671875,0
2025-07-26 03:00:00+00:00,117553.8046875,117626.7734375,117516.4453125,117551.2421875,0
2025-07-26 04:00:00+00:00,117529.9609375,117589.4296875,117466.8515625,117549.765625,0
2025-07-26 05:00:00+00:00,117498.921875,117589.984375,117474.4765625,117536.7578125,0
2025-07-26 06:00:00+00:00,117382.4375,117516.4140625,117382.4375,117495.921875,0
2025-07-26 07:00:00+00:00,117360.015625,117430.75,117357.3203125,117398.046875,0
2025-07-26 08:00:00+00:00,117611.1875,117650.125,117364.359375,117364.359375,0
2025-07-26 09:00:00+00:00,117626.296875,117645.6015625,117489.1328125,117604.7265625,0
2025-07-26 10:00:00+00:00,118038.515625,118219.609375,117594.9765625,117627.5546875,0
2025-07-26 11:00:00+00:00,117827.984375,118087.5625,117827.984375,118017.4765625,0
2025-07-26 12:00:00+00:00,117974.9375,118035.7421875,117805.625,117817.6875,0
2025-07-26 13:00:00+00:00,118170.46875,118274.765625,117914.25,117942.0625,0
2025-07-26 14:00:00+00:00,118135.6484375,118239.3515625,118022.0,118179.8828125,0
2025-07-26 15:00:00+00:00,118185.640625,118185.640625,117914.8515625,118114.90625,0
2025-07-26 16:00:00+00:00,118107.96875,118227.2734375,118054.28125,118177.0390625,0
2025-07-26 17:00:00+00:00,118068.5625,118118.2890625,118034.6640625,118104.234375,0
2025-07-26 18:00:00+00:00,118124.90625,118143.890625,117999.625,118072.2109375,0
2025-07-26 19:00:00+00:00,118274.2734375,118324.984375,118093.1640625,118123.0625,0
2025-07-26 20:00:00+00:00,118029.8671875,118276.5,117937.3125,118276.5,0
2025-07-26 21:00:00+00:00,118096.7421875,118103.4921875,117933.34375,118001.828125,0
2025-07-26 22:00:00+00:00,118096.6484375,118265.59375,118041.0703125,118103.171875,990928896
2025-07-26 23:00:00+00:00,117946.296875,118085.796875,117929.15625,118085.796875,0
2025-07-27 00:00:00+00:00,117958.875,117999.4375,117872.5,117991.4453125,0
2025-07-27 01:00:00+00:00,118149.2109375,118232.5703125,117958.546875,117988.046875,0
2025-07-27 02:00:00+00:00,118343.5390625,118384.3828125,118069.8125,118133.0390625,732422144
2025-07-27 03:00:00+00:00,118230.5234375,118359.953125,118152.796875,118339.5,48984064
2025-07-27 04:00:00+00:00,118236.5625,118299.453125,118194.7890625,118221.6328125,0
2025-07-27 05:00:00+00:00,118334.046875,118349.2265625,118216.40625,118251.71875,0
2025-07-27 06:00:00+00:00,118312.28125,118440.515625,118259.34375,118329.4765625,0
2025-07-27 07:00:00+00:00,118154.2890625,118319.4140625,118128.609375,118317.828125,0
2025-07-27 08:00:00+00:00,117994.9765625,118188.546875,117994.6640625,118153.8984375,764014592
2025-07-27 09:00:00+00:00,117965.0703125,118045.03125,117905.5078125,117992.4921875,0
2025-07-27 10:00:00+00:00,118264.4765625,118335.84375,118007.5234375,118007.5234375,0
2025-07-27 11:00:00+00:00,118092.28125,118298.96875,118092.28125,118230.6953125,0
2025-07-27 12:00:00+00:00,118142.703125,118164.0078125,117932.4296875,118120.7734375,0
2025-07-27 13:00:00+00:00,118260.8984375,118269.1015625,118137.2265625,118154.78125,1101336576
2025-07-27 14:00:00+00:00,118455.15625,118506.0625,118236.828125,118241.2734375,291979264
2025-07-27 15:00:00+00:00,118623.578125,118623.578125,118328.6484375,118453.84375,0
2025-07-27 16:00:00+00:00,119075.1953125,119542.9765625,118614.6875,118614.6875,3302039552
2025-07-27 17:00:00+00:00,119217.0546875,119349.578125,118898.6640625,119068.3359375,1616539648
2025-07-27 18:00:00+00:00,119106.1015625,119402.5390625,118993.5390625,119272.9296875,1463996416
2025-07-27 19:00:00+00:00,119014.078125,119102.0,118937.546875,119043.546875,0
2025-07-27 20:00:00+00:00,118780.625,119201.984375,118780.625,119005.578125,0
2025-07-27 21:00:00+00:00,119254.2890625,119300.171875,118766.203125,118809.609375,508403712
2025-07-27 22:00:00+00:00,119547.5859375,119792.734375,119290.140625,119290.140625,2366627840
2025-07-27 23:00:00+00:00,119455.046875,119569.078125,119235.8984375,119550.125,554487808
2025-07-28 00:00:00+00:00,119329.5546875,119684.4453125,119202.328125,119443.953125,0
2025-07-28 01:00:00+00:00,119043.1796875,119515.4921875,119019.2578125,119252.3046875,163381248
2025-07-28 02:00:00+00:00,119433.6953125,119788.84375,119066.1796875,119066.1796875,1001295872
2025-07-28 03:00:00+00:00,119302.1953125,119528.828125,119274.0234375,119429.5390625,1138393088
2025-07-28 04:00:00+00:00,119237.8515625,119408.8359375,119153.046875,119296.7734375,0
2025-07-28 05:00:00+00:00,119613.8046875,119676.6640625,119173.5,119230.3046875,970592256
2025-07-28 06:00:00+00:00,119479.84375,119613.3984375,119468.5,119547.6953125,1561079808
2025-07-28 07:00:00+00:00,118903.453125,119482.90625,118812.4375,119482.90625,904105984
2025-07-28 08:00:00+00:00,119103.71875,119103.71875,118836.015625,118907.9609375,812105728
2025-07-28 09:00:00+00:00,118958.2109375,119083.65625,118747.2265625,119083.65625,424554496
2025-07-28 10:00:00+00:00,118774.8828125,118955.0390625,118640.015625,118955.0390625,0
2025-07-28 11:00:00+00:00,118807.0546875,118849.4453125,118534.546875,118779.734375,2036822016
2025-07-28 12:00:00+00:00,118850.6640625,119079.515625,118787.1015625,118818.78125,1012232192
2025-07-28 13:00:00+00:00,118422.59375,119076.203125,118303.703125,118857.0,0
2025-07-28 14:00:00+00:00,117992.28125,118661.2265625,117992.28125,118400.390625,3217715200
2025-07-28 15:00:00+00:00,118196.234375,118482.8984375,117970.9765625,117984.1015625,1921056768
2025-07-28 16:00:00+00:00,118032.8125,118363.9296875,118024.7421875,118172.640625,0
2025-07-28 17:00:00+00:00,117679.984375,118048.0546875,117662.421875,118000.8828125,231014400
2025-07-28 18:00:00+00:00,117794.828125,117811.59375,117441.4375,117665.84375,156262400
2025-07-28 19:00:00+00:00,118000.2421875,118204.90625,117574.1015625,117763.59375,2743607296
2025-07-28 20:00:00+00:00,118014.5859375,118030.828125,117527.25,118002.34375,871837696
2025-07-28 21:00:00+00:00,118059.609375,118318.6328125,117965.0859375,118047.1484375,0
2025-07-28 22:00:00+00:00,117853.2421875,118244.640625,117791.0078125,118093.03125,0
2025-07-28 23:00:00+00:00,117841.21875,118188.4296875,117841.21875,117862.8203125,0
2025-07-29 00:00:00+00:00,117964.1796875,118483.4765625,117601.296875,118016.28125,427134976
2025-07-29 01:00:00+00:00,117877.609375,118254.4296875,117877.609375,117955.765625,0
2025-07-29 02:00:00+00:00,118078.6875,118078.6875,117479.03125,117804.6953125,414171136
2025-07-29 03:00:00+00:00,118799.25,118799.25,118090.15625,118090.15625,1327710208
2025-07-29 04:00:00+00:00,118542.3828125,118750.3828125,118431.859375,118744.6171875,1313501184
2025-07-29 05:00:00+00:00,118824.03125,118842.96875,118526.421875,118526.421875,0
2025-07-29 06:00:00+00:00,118832.34375,119055.5234375,118764.765625,118788.9296875,160026624
2025-07-29 07:00:00+00:00,118862.734375,119273.8671875,118761.1015625,118775.0859375,166846464
2025-07-29 08:00:00+00:00,118854.8359375,119043.3515625,118816.5546875,118880.984375,0
2025-07-29 09:00:00+00:00,118784.359375,118949.5703125,118784.359375,118888.375,1102684160
2025-07-29 10:00:00+00:00,118342.5859375,118782.515625,118342.5859375,118778.828125,586407936
2025-07-29 11:00:00+00:00,118592.3046875,118592.3046875,118196.71875,118305.203125,0
2025-07-29 12:00:00+00:00,118916.671875,119052.2109375,118504.6328125,118586.515625,1431089152
2025-07-29 13:00:00+00:00,118606.1640625,119005.484375,118606.1640625,118887.5703125,0
2025-07-29 14:00:00+00:00,117777.8125,118615.1328125,117747.421875,118615.1328125,0
2025-07-29 15:00:00+00:00,117416.234375,117924.40625,117303.1640625,117821.21875,2061398016
2025-07-29 16:00:00+00:00,117675.1484375,117707.3984375,117028.96875,117395.640625,1218977792
2025-07-29 17:00:00+00:00,117772.6640625,118033.8515625,117669.609375,117712.28125,846725120
2025-07-29 18:00:00+00:00,117535.328125,117794.6875,117491.5703125,117767.265625,0
2025-07-29 19:00:00+00:00,117571.3984375,117937.8515625,117410.3203125,117575.9296875,0
2025-07-29 20:00:00+00:00,117329.8046875,117768.578125,117093.7890625,117524.15625,0
2025-07-29 21:00:00+00:00,117597.90625,117597.90625,117203.1015625,117455.453125,47583232
2025-07-29 22:00:00+00:00,117821.4609375,117821.4609375,117422.46875,117603.140625,696123392
2025-07-29 23:00:00+00:00,117909.7421875,117956.8828125,117703.109375,117830.34375,0
2025-07-30 00:00:00+00:00,117708.3984375,117951.703125,117530.8203125,117913.3671875,0
2025-07-30 01:00:00+00:00,117838.359375,117971.2734375,117443.3046875,117719.1953125,1132052480
2025-07-30 02:00:00+00:00,118008.484375,118082.5078125,117782.1875,117836.6328125,0
2025-07-30 03:00:00+00:00,118159.7109375,118242.1484375,117915.671875,118009.9609375,437764096
2025-07-30 04:00:00+00:00,117988.6015625,118251.953125,117969.40625,118154.046875,0
2025-07-30 05:00:00+00:00,117975.390625,118054.015625,117720.546875,117996.4765625,0
2025-07-30 06:00:00+00:00,118285.96875,118312.8671875,117997.3671875,117997.3671875,0
2025-07-30 07:00:00+00:00,118111.359375,118375.109375,118111.359375,118274.921875,0
2025-07-30 08:00:00+00:00,118409.875,118471.2421875,117997.4296875,118123.1796875,0
2025-07-30 09:00:00+00:00,118198.59375,118421.6015625,118026.7109375,118390.90625,0
2025-07-30 10:00:00+00:00,118079.7578125,118418.5546875,118059.4453125,118155.8203125,0
2025-07-30 11:00:00+00:00,117551.515625,118174.2578125,117474.1484375,118005.3203125,1032929280
2025-07-30 12:00:00+00:00,117814.875,117867.875,117419.4609375,117584.125,284549120
2025-07-30 13:00:00+00:00,117754.9921875,117846.0703125,117472.3359375,117785.9140625,765214720
2025-07-30 14:00:00+00:00,118643.8203125,118679.015625,117664.09375,117664.09375,0
2025-07-30 15:00:00+00:00,117937.5703125,118745.9609375,117937.5703125,118650.1796875,835563520
2025-07-30 16:00:00+00:00,117737.984375,117980.765625,117659.828125,117980.765625,0
2025-07-30 17:00:00+00:00,117803.625,117899.3984375,117687.1875,117754.7734375,0
2025-07-30 18:00:00+00:00,116576.9453125,117955.4921875,116576.9453125,117955.4921875,1396264960
2025-07-30 19:00:00+00:00,117011.015625,117047.546875,115869.3359375,116405.625,4416479232
2025-07-30 20:00:00+00:00,117080.1875,117282.8046875,116913.7109375,116913.7109375,629923840
2025-07-30 21:00:00+00:00,117317.8984375,117337.046875,116958.421875,117118.8828125,0
2025-07-30 22:00:00+00:00,117480.0546875,117480.625,117261.34375,117307.25,1146470400
2025-07-30 23:00:00+00:00,117826.8203125,117904.140625,117465.9140625,117485.3125,0
2025-07-31 00:00:00+00:00,118399.3984375,118501.578125,117818.5859375,117838.7109375,0
2025-07-31 01:00:00+00:00,118023.9609375,118435.0546875,118004.84375,118378.1171875,915152896
2025-07-31 02:00:00+00:00,118433.9375,118463.2578125,117998.1640625,118041.90625,576184320
2025-07-31 03:00:00+00:00,118432.140625,118607.46875,118408.4765625,118414.09375,1142267904
2025-07-31 04:00:00+00:00,118505.9765625,118545.1796875,118386.1953125,118473.015625,0
2025-07-31 05:00:00+00:00,118359.2734375,118513.6484375,118332.890625,118504.4140625,824147968
2025-07-31 06:00:00+00:00,118713.4609375,118713.4609375,118285.5390625,118353.1875,0
2025-07-31 07:00:00+00:00,118658.796875,118902.1640625,118624.3828125,118703.5,1097375744
2025-07-31 08:00:00+00:00,118582.8984375,118725.0234375,118579.4453125,118687.7109375,0
2025-07-31 09:00:00+00:00,118587.5703125,118604.7265625,118465.28125,118580.4765625,0
2025-07-31 10:00:00+00:00,118476.9375,118670.9296875,118419.2265625,118585.40625,435355648
2025-07-31 11:00:00+00:00,118342.421875,118531.6796875,118299.4765625,118484.734375,0
2025-07-31 12:00:00+00:00,118612.9921875,118612.9921875,118299.5,118351.15625,0
2025-07-31 13:00:00+00:00,118594.40625,118646.8203125,117855.0859375,118541.5234375,311705600
2025-07-31 14:00:00+00:00,117908.4140625,118657.671875,117908.4140625,118657.671875,0
2025-07-31 15:00:00+00:00,118289.8828125,118319.3359375,117904.265625,117997.0703125,0
2025-07-31 16:00:00+00:00,118512.8203125,118859.421875,118255.296875,118286.984375,1276305408
2025-07-31 17:00:00+00:00,117776.9609375,118510.4921875,117776.9609375,118510.4921875,0
2025-07-31 18:00:00+00:00,117637.765625,117980.390625,117492.328125,117752.859375,0
2025-07-31 19:00:00+00:00,116779.0859375,117704.234375,116779.0859375,117650.5625,0
2025-07-31 20:00:00+00:00,116494.046875,116873.5546875,116444.921875,116777.6640625,1845248000
2025-07-31 21:00:00+00:00,116270.8203125,116848.3828125,116270.8203125,116482.84375,0
2025-07-31 22:00:00+00:00,116111.1875,116533.390625,116076.609375,116533.390625,933388288
2025-07-31 23:00:00+00:00,115757.0,116339.421875,115604.3671875,116049.8203125,2354184192
2025-08-01 00:00:00+00:00,115435.421875,115879.5859375,114449.7890625,115722.0078125,3028664320
2025-08-01 01:00:00+00:00,115269.4296875,115546.890625,114758.2109375,115401.984375,3413942272
2025-08-01 02:00:00+00:00,115945.609375,115991.015625,115278.5234375,115335.5703125,794394624
2025-08-01 03:00:00+00:00,115640.3046875,116052.7265625,115619.8984375,115967.96875,0
2025-08-01 04:00:00+00:00,115672.640625,115672.640625,115322.0625,115630.7578125,1324482560
2025-08-01 05:00:00+00:00,115575.5546875,115900.2109375,115395.4765625,115671.0703125,0
2025-08-01 06:00:00+00:00,115136.6484375,115608.7265625,115061.5625,115570.6328125,383713280
2025-08-01 07:00:00+00:00,114970.40625,115271.140625,114654.59375,115135.34375,1860141056
2025-08-01 08:00:00+00:00,114703.2890625,115049.4296875,114166.6328125,115049.4296875,1659142144
2025-08-01 09:00:00+00:00,114972.9140625,115280.6953125,114606.796875,114635.4296875,3842539520
2025-08-01 10:00:00+00:00,114716.3671875,115189.5390625,114696.78125,114967.453125,553861120
2025-08-01 11:00:00+00:00,115232.7109375,115295.7578125,114579.4375,114711.6796875,300204032
2025-08-01 12:00:00+00:00,115767.1953125,115850.2421875,115210.328125,115270.125,2005680128
2025-08-01 13:00:00+00:00,114269.515625,115938.75,114185.3671875,115717.5234375,117047296
2025-08-01 14:00:00+00:00,115570.2421875,115785.2890625,114175.7109375,114320.8046875,3635716096
2025-08-01 15:00:00+00:00,115368.703125,115585.75,114690.953125,115585.75,0
2025-08-01 16:00:00+00:00,114875.03125,115640.3984375,114838.78125,115352.6484375,0
2025-08-01 17:00:00+00:00,114362.3828125,114953.9296875,114362.3828125,114953.9296875,319004672
2025-08-01 18:00:00+00:00,113764.3671875,114429.2109375,113764.3671875,114429.2109375,840359936
2025-08-01 19:00:00+00:00,113271.96875,113853.6953125,113209.2265625,113834.5078125,1457725440
2025-08-01 20:00:00+00:00,113835.9921875,113835.9921875,113174.453125,113243.1328125,0
2025-08-01 21:00:00+00:00,113987.046875,114033.1640625,113697.1015625,113923.1640625,745586688
2025-08-01 22:00:00+00:00,113181.90625,113955.4296875,112730.125,113863.2578125,0
2025-08-01 23:00:00+00:00,113333.0078125,113492.921875,112937.1875,113122.9140625,951885824
2025-08-02 00:00:00+00:00,113741.7109375,113771.8125,113193.9296875,113251.890625,0
2025-08-02 01:00:00+00:00,113612.0625,113860.2265625,113419.515625,113766.125,0
2025-08-02 02:00:00+00:00,113634.8125,113703.296875,113514.0625,113600.234375,0
2025-08-02 03:00:00+00:00,113841.9375,113842.25,113653.1796875,113653.1796875,0
2025-08-02 04:00:00+00:00,113976.765625,114013.09375,113805.5078125,113874.0,318988288
2025-08-02 05:00:00+00:00,113942.6171875,114009.953125,113841.90625,113983.0625,0
2025-08-02 06:00:00+00:00,113678.203125,113945.8828125,113471.6875,113942.3515625,0
2025-08-02 07:00:00+00:00,113970.5234375,113977.390625,113549.4453125,113674.84375,0
2025-08-02 08:00:00+00:00,113669.9140625,113989.6484375,113651.3046875,113957.9609375,0
2025-08-02 09:00:00+00:00,113650.296875,113806.6015625,113541.59375,113672.984375,0
2025-08-02 10:00:00+00:00,113563.03125,113659.8984375,113429.890625,113659.8984375,0
2025-08-02 11:00:00+00:00,113745.296875,113869.71875,113414.265625,113546.453125,0
2025-08-02 12:00:00+00:00,113618.6640625,113753.140625,113541.2734375,113753.140625,0
2025-08-02 13:00:00+00:00,113460.1953125,113618.703125,113221.84375,113615.875,0
2025-08-02 14:00:00+00:00,113123.828125,113499.6328125,112971.734375,113427.140625,0
2025-08-02 15:00:00+00:00,112869.921875,113374.0078125,112869.921875,113120.7265625,0
2025-08-02 16:00:00+00:00,113144.0546875,113160.7109375,112729.7421875,112815.6328125,0
2025-08-02 17:00:00+00:00,112677.6015625,113377.78125,112573.8671875,113181.703125,0
2025-08-02 18:00:00+00:00,112332.953125,112829.0703125,112230.8046875,112696.6484375,118276096
2025-08-02 19:00:00+00:00,112272.171875,112868.6328125,112014.5546875,112303.1171875,0
2025-08-02 20:00:00+00:00,112625.9609375,112648.625,112080.4140625,112216.15625,0
2025-08-02 21:00:00+00:00,113002.640625,113013.3515625,112568.3359375,112745.7890625,0
2025-08-02 22:00:00+00:00,112840.8203125,112970.3515625,112540.8984375,112844.625,0
2025-08-02 23:00:00+00:00,112513.46875,112829.125,112291.28125,112829.125,0
2025-08-03 00:00:00+00:00,112899.046875,112932.4140625,111965.9921875,112526.40625,0
2025-08-03 01:00:00+00:00,113110.0390625,113167.4140625,112858.0859375,112907.4453125,1147244544
2025-08-03 02:00:00+00:00,113468.0078125,113468.0078125,113078.2578125,113078.2578125,0
2025-08-03 03:00:00+00:00,113631.9609375,113709.40625,113441.7265625,113481.8046875,1139183616
2025-08-03 04:00:00+00:00,113440.328125,113651.5234375,113328.3359375,113651.5234375,0
2025-08-03 05:00:00+00:00,113602.09375,113632.6953125,113406.8046875,113450.6484375,0
2025-08-03 06:00:00+00:00,113518.3515625,113620.1171875,113462.859375,113608.78125,0
2025-08-03 07:00:00+00:00,113668.7421875,113697.46875,113577.1796875,113577.1796875,52736000
2025-08-03 08:00:00+00:00,113681.1875,113785.0703125,113574.171875,113709.9609375,0
2025-08-03 09:00:00+00:00,113662.4765625,113707.8125,113625.1796875,113707.8125,0
2025-08-03 10:00:00+00:00,113894.8046875,113894.8046875,113639.96875,113639.96875,0
2025-08-03 11:00:00+00:00,113885.9375,114237.65625,113885.9375,113892.0234375,761425920
2025-08-03 12:00:00+00:00,114016.5234375,114088.9296875,113671.03125,113864.9609375,0
2025-08-03 13:00:00+00:00,113927.421875,114059.4453125,113821.5,113968.25,0
2025-08-03 14:00:00+00:00,113781.0625,114061.75,113615.8828125,113986.5,0
2025-08-03 15:00:00+00:00,113946.6640625,113955.1328125,113684.2890625,113776.3671875,0
2025-08-03 16:00:00+00:00,113956.0546875,114021.9453125,113779.796875,113935.1796875,0
2025-08-03 17:00:00+00:00,114113.203125,114176.9375,113966.96875,113988.75,0
2025-08-03 18:00:00+00:00,114370.0703125,114453.2890625,114079.8515625,114106.2109375,0
2025-08-03 19:00:00+00:00,114296.34375,114724.6171875,114296.34375,114383.640625,0
2025-08-03 20:00:00+00:00,114427.25,114449.1484375,114183.78125,114285.9609375,0
2025-08-03 21:00:00+00:00,114472.46875,114538.0078125,114379.140625,114425.734375,1083453440
2025-08-03 22:00:00+00:00,114319.78125,114567.515625,114080.5390625,114453.1171875,0
2025-08-03 23:00:00+00:00,114218.2421875,114433.15625,114185.421875,114291.9296875,281452544
2025-08-04 00:00:00+00:00,114881.65625,114928.4765625,114143.5390625,114217.4765625,0
2025-08-04 01:00:00+00:00,114668.8828125,114984.203125,114639.6171875,114898.1640625,802242560
2025-08-04 02:00:00+00:00,114778.4296875,114875.6015625,114451.453125,114722.265625,0
2025-08-04 03:00:00+00:00,114606.0546875,114800.546875,114547.6015625,114785.9375,851779584
2025-08-04 04:00:00+00:00,114371.6484375,114646.1328125,114371.6484375,114596.4453125,0
2025-08-04 05:00:00+00:00,114388.0859375,114400.4140625,114220.4140625,114384.34375,0
2025-08-04 06:00:00+00:00,114437.890625,114469.0078125,114174.5859375,114406.125,1543614464
2025-08-04 07:00:00+00:00,114708.1484375,114790.765625,114436.40625,114436.40625,493658112
2025-08-04 08:00:00+00:00,114519.984375,114743.8203125,114404.25,114714.421875,0
2025-08-04 09:00:00+00:00,114342.6171875,114714.9921875,114342.6171875,114532.90625,248201216
2025-08-04 10:00:00+00:00,114276.0078125,114444.9375,114240.78125,114325.609375,20017152
2025-08-04 11:00:00+00:00,114483.3046875,114492.703125,114229.25,114237.09375,335609856
2025-08-04 12:00:00+00:00,114441.5,114527.34375,114340.1171875,114497.171875,0
2025-08-04 13:00:00+00:00,114856.0078125,114856.0078125,114208.71875,114494.4296875,148738048
2025-08-04 14:00:00+00:00,114726.8984375,115452.2265625,114699.234375,114954.1796875,1618345984
2025-08-04 15:00:00+00:00,114849.3359375,115019.6015625,114571.46875,114715.265625,1620189184
2025-08-04 16:00:00+00:00,115362.625,115410.125,114864.2109375,114864.2109375,1296277504
2025-08-04 17:00:00+00:00,115197.7890625,115711.4140625,115186.6640625,115270.71875,1730134016
2025-08-04 18:00:00+00:00,114963.1171875,115314.7578125,114938.1796875,115267.8515625,0
2025-08-04 19:00:00+00:00,114743.3359375,115093.9375,114738.0,114942.578125,1206714368
2025-08-04 20:00:00+00:00,114857.4453125,115038.0,114637.7890625,114753.0625,0
2025-08-04 21:00:00+00:00,115161.5625,115263.0390625,114811.171875,114811.171875,0
2025-08-04 22:00:00+00:00,115311.21875,115311.21875,115115.03125,115130.28125,0
2025-08-04 23:00:00+00:00,115096.875,115350.3125,115089.265625,115349.8984375,0
2025-08-05 00:00:00+00:00,114874.7734375,115088.0625,114855.5859375,115074.671875,17942917120
2025-08-05 01:00:00+00:00,114703.6484375,115058.125,114703.6484375,114881.1953125,0
2025-08-05 02:00:00+00:00,114703.34375,114802.78125,114627.578125,114703.40625,374583296
2025-08-05 03:00:00+00:00,114257.125,114720.359375,114257.125,114713.4609375,430583808
2025-08-05 04:00:00+00:00,114360.421875,114407.734375,114171.28125,114255.046875,778424320
2025-08-05 05:00:00+00:00,114418.1796875,114466.5546875,114263.3515625,114338.734375,0
2025-08-05 06:00:00+00:00,114166.625,114497.4921875,114118.5,114404.28125,971395072
2025-08-05 07:00:00+00:00,113975.359375,114377.75,113831.5234375,114171.5625,848695296
2025-08-05 08:00:00+00:00,114246.484375,114467.453125,113915.34375,113966.96875,0
2025-08-05 09:00:00+00:00,114681.90625,114778.4609375,114256.515625,114256.515625,1042243584
2025-08-05 10:00:00+00:00,114834.6796875,115065.7421875,114570.3359375,114677.109375,816959488
2025-08-05 11:00:00+00:00,114819.21875,114958.140625,114749.8515625,114817.2421875,0
2025-08-05 12:00:00+00:00,114014.65625,114876.0703125,113648.4609375,114812.5234375,2028163072
2025-08-05 13:00:00+00:00,114370.3046875,114517.8515625,113954.453125,113958.703125,0
2025-08-05 14:00:00+00:00,113027.515625,114381.8046875,112720.96875,114381.8046875,1008599040
2025-08-05 15:00:00+00:00,112835.015625,113221.0078125,112732.265625,113008.6875,1421500416
2025-08-05 16:00:00+00:00,113118.2890625,113314.828125,112835.1015625,112893.3046875,0
2025-08-05 17:00:00+00:00,113592.734375,113592.734375,113116.984375,113134.390625,0
2025-08-05 18:00:00+00:00,113575.6640625,113620.515625,113320.390625,113613.890625,304365568
2025-08-05 19:00:00+00:00,113687.09375,113726.953125,113427.125,113611.421875,0
2025-08-05 20:00:00+00:00,113562.59375,113955.40625,113507.78125,113721.859375,725209088
2025-08-05 21:00:00+00:00,113628.796875,113841.078125,113572.3828125,113648.5078125,55488512
2025-08-05 22:00:00+00:00,113932.0390625,113955.5859375,113335.28125,113582.96875,0
2025-08-05 23:00:00+00:00,114134.421875,114174.71875,113938.1875,113944.2421875,1715863552
2025-08-06 00:00:00+00:00,113815.3828125,114120.546875,113775.984375,114120.546875,0
2025-08-06 01:00:00+00:00,113844.296875,113927.8671875,113635.5078125,113858.015625,0
2025-08-06 02:00:00+00:00,113622.8046875,113832.9453125,113538.1484375,113832.9453125,801484800
2025-08-06 03:00:00+00:00,113551.65625,113644.328125,113421.2421875,113638.7109375,0
2025-08-06 04:00:00+00:00,113410.203125,113563.0078125,113383.046875,113508.6640625,0
2025-08-06 05:00:00+00:00,114123.0859375,114390.71875,113389.3359375,113424.6953125,1068703744
2025-08-06 06:00:00+00:00,114068.2265625,114187.6328125,113958.0390625,114128.328125,0
2025-08-06 07:00:00+00:00,114206.1796875,114273.5234375,114033.2109375,114067.0,0
2025-08-06 08:00:00+00:00,113929.7109375,114232.296875,113745.4375,114218.4765625,0
2025-08-06 09:00:00+00:00,114073.5234375,114327.6171875,113908.0390625,113933.2578125,0
2025-08-06 10:00:00+00:00,114059.375,114165.625,113908.921875,114081.625,813428736
2025-08-06 11:00:00+00:00,114208.953125,114352.8984375,114001.796875,114059.109375,0
2025-08-06 12:00:00+00:00,113904.203125,114329.078125,113812.9453125,114217.1640625,0
2025-08-06 13:00:00+00:00,114316.96875,114330.1640625,113793.21875,113976.390625,942346240
2025-08-06 14:00:00+00:00,114974.921875,114974.921875,113937.0,114268.8984375,0
2025-08-06 15:00:00+00:00,115471.453125,115471.453125,114848.9609375,115161.4765625,1092530176
2025-08-06 16:00:00+00:00,115129.015625,115459.875,114977.0703125,115458.9921875,1324048384
2025-08-06 17:00:00+00:00,115504.3984375,115504.3984375,115067.234375,115133.71875,0
2025-08-06 18:00:00+00:00,115445.4375,115710.296875,115344.3828125,115575.8828125,973860864
2025-08-06 19:00:00+00:00,115205.375,115533.515625,115179.390625,115450.78125,0
2025-08-06 20:00:00+00:00,115117.453125,115301.96875,115053.5859375,115279.6015625,694349824
2025-08-06 21:00:00+00:00,115056.0234375,115228.7734375,114899.3984375,115082.7578125,0
2025-08-06 22:00:00+00:00,115133.546875,115220.09375,115059.7890625,115096.90625,579104768
2025-08-06 23:00:00+00:00,115009.640625,115134.453125,115005.1953125,115134.453125,0
2025-08-07 00:00:00+00:00,114932.734375,115033.0703125,114891.0,114989.9296875,0
2025-08-07 01:00:00+00:00,114724.8125,115215.6875,114681.8515625,114947.828125,0
2025-08-07 02:00:00+00:00,114592.7890625,114900.046875,114494.453125,114773.96875,389025792
2025-08-07 03:00:00+00:00,114567.03125,114626.5,114428.9453125,114577.9453125,1003520000
2025-08-07 04:00:00+00:00,114381.4375,114667.6015625,114302.2265625,114579.71875,123703296
2025-08-07 05:00:00+00:00,114555.6640625,114576.015625,114308.21875,114371.9140625,0
2025-08-07 06:00:00+00:00,114701.609375,114775.59375,114553.6796875,114575.4765625,237137920
2025-08-07 07:00:00+00:00,114809.2109375,114881.34375,114699.265625,114699.265625,0
2025-08-07 08:00:00+00:00,115032.8984375,115187.0859375,114801.390625,114801.390625,0
2025-08-07 09:00:00+00:00,115069.34375,115069.34375,114915.5078125,114996.6953125,0
2025-08-07 10:00:00+00:00,116368.921875,116437.8046875,115079.3203125,115087.8125,1889755136
2025-08-07 11:00:00+00:00,116559.3203125,116797.9140625,116433.6796875,116464.8984375,3040317440
2025-08-07 12:00:00+00:00,116402.2421875,116579.1796875,116071.6015625,116550.71875,2510921728
2025-08-07 13:00:00+00:00,116630.1953125,116729.703125,116258.8359375,116405.4453125,0
2025-08-07 14:00:00+00:00,116354.5390625,116672.90625,116236.71875,116672.90625,82845696
2025-08-07 15:00:00+00:00,116814.0625,116814.0625,116316.765625,116439.046875,0
2025-08-07 16:00:00+00:00,116282.21875,116776.375,115709.796875,116742.9921875,0
2025-08-07 17:00:00+00:00,116500.390625,116541.6796875,116233.359375,116327.71875,0
2025-08-07 18:00:00+00:00,116568.8046875,116568.8046875,116212.734375,116543.46875,0
2025-08-07 19:00:00+00:00,117494.296875,117562.84375,116561.6328125,116590.4609375,2015072256
2025-08-07 20:00:00+00:00,117215.6484375,117518.5,117215.6484375,117518.5,2337857536
2025-08-07 21:00:00+00:00,117137.75,117395.7109375,117134.796875,117239.421875,0
2025-08-07 22:00:00+00:00,117612.0,117652.4140625,117154.5234375,117160.0859375,0
2025-08-07 23:00:00+00:00,117498.5859375,117609.859375,117344.578125,117609.859375,395649024
2025-08-08 00:00:00+00:00,117376.3828125,117650.203125,116910.75,117519.6484375,2325843968
2025-08-08 01:00:00+00:00,116887.671875,117277.1015625,116854.6328125,117277.1015625,0
2025-08-08 02:00:00+00:00,116731.21875,116942.0390625,116731.21875,116900.1484375,180207616
2025-08-08 03:00:00+00:00,116769.4609375,117001.5546875,116745.6015625,116752.296875,353783808
2025-08-08 04:00:00+00:00,116789.0390625,116862.296875,116711.1875,116756.859375,285458432
2025-08-08 05:00:00+00:00,116580.0,116789.109375,116580.0,116789.109375,118034432
2025-08-08 06:00:00+00:00,116747.109375,116747.109375,116411.0859375,116564.1796875,0
2025-08-08 07:00:00+00:00,116877.3203125,116995.234375,116613.9453125,116783.0,133521408
2025-08-08 08:00:00+00:00,116655.0234375,116945.6875,116487.3671875,116809.28125,3160850432
2025-08-08 09:00:00+00:00,116717.1015625,116746.375,116530.7890625,116655.6640625,0
2025-08-08 10:00:00+00:00,116543.75,116722.0234375,116411.046875,116713.8203125,0
2025-08-08 11:00:00+00:00,116929.6640625,116929.6640625,116563.5390625,116563.5390625,0
2025-08-08 12:00:00+00:00,116559.515625,116919.9296875,116559.484375,116919.9296875,0
2025-08-08 13:00:00+00:00,116900.4296875,116971.0234375,116538.90625,116559.890625,0
2025-08-08 14:00:00+00:00,116507.296875,117239.4453125,116455.796875,116975.6171875,1423253504
2025-08-08 15:00:00+00:00,116230.0859375,116536.015625,115939.8984375,116505.921875,0
2025-08-08 16:00:00+00:00,116212.515625,116302.453125,116046.96875,116226.0,0
2025-08-08 17:00:00+00:00,116675.7421875,116709.359375,116209.1171875,116209.1171875,0
2025-08-08 18:00:00+00:00,116499.234375,116915.0625,116363.015625,116805.390625,1660063744
2025-08-08 19:00:00+00:00,116437.53125,116736.21875,116381.703125,116507.75,0
2025-08-08 20:00:00+00:00,116843.96875,116892.46875,116393.59375,116461.078125,0
2025-08-08 21:00:00+00:00,116960.8046875,116981.71875,116765.34375,116881.2421875,0
2025-08-08 22:00:00+00:00,116903.859375,117013.2421875,116826.328125,116947.7578125,140230656
2025-08-08 23:00:00+00:00,116675.9765625,116941.296875,116675.9765625,116888.4765625,0
2025-08-09 00:00:00+00:00,116591.859375,116753.59375,116591.859375,116675.4765625,0
2025-08-09 01:00:00+00:00,116586.75,116657.7734375,116561.0234375,116587.5,0
2025-08-09 02:00:00+00:00,116429.5703125,116588.5546875,116413.7265625,116581.0234375,15265792
2025-08-09 03:00:00+00:00,116409.6484375,116480.953125,116379.140625,116427.21875,0
2025-08-09 04:00:00+00:00,116457.578125,116683.546875,116378.53125,116393.5234375,0
2025-08-09 05:00:00+00:00,116763.7265625,116965.1796875,116438.9140625,116464.140625,2623160320
2025-08-09 06:00:00+00:00,116695.8203125,116760.390625,116562.875,116750.390625,170971136
2025-08-09 07:00:00+00:00,116768.0390625,116900.9765625,116668.484375,116690.0625,0
2025-08-09 08:00:00+00:00,117120.3046875,117146.671875,116773.609375,116776.765625,176160768
2025-08-09 09:00:00+00:00,117452.484375,117452.484375,117085.96875,117169.3984375,0
2025-08-09 10:00:00+00:00,117439.8984375,117882.5703125,117426.2578125,117563.578125,1616347136
2025-08-09 11:00:00+00:00,117119.1171875,117463.09375,117119.1171875,117463.09375,1231925248
2025-08-09 12:00:00+00:00,117132.5625,117236.1640625,117031.171875,117114.3046875,318316544
2025-08-09 13:00:00+00:00,116982.453125,117154.09375,116901.9140625,117115.7421875,0
2025-08-09 14:00:00+00:00,116981.8046875,117005.625,116798.453125,116955.8203125,0
2025-08-09 15:00:00+00:00,116853.0625,117145.7578125,116741.6171875,116982.609375,137273344
2025-08-09 16:00:00+00:00,116699.578125,116952.84375,116672.34375,116890.015625,0
2025-08-09 17:00:00+00:00,116693.5078125,116786.9609375,116670.296875,116689.8984375,0
2025-08-09 18:00:00+00:00,116665.0625,116732.09375,116576.6328125,116687.53125,0
2025-08-09 19:00:00+00:00,116570.796875,116724.921875,116566.1171875,116658.1640625,0
2025-08-09 20:00:00+00:00,116799.75,116920.9375,116545.8046875,116573.875,1407725568
2025-08-09 21:00:00+00:00,116605.6015625,116811.5390625,116411.359375,116766.2578125,172015616
2025-08-09 22:00:00+00:00,116575.609375,116750.46875,116547.5625,116561.875,0
2025-08-09 23:00:00+00:00,116510.625,116610.875,116471.703125,116554.1484375,1384132608
2025-08-10 00:00:00+00:00,116744.0546875,116787.96875,116485.6953125,116485.6953125,125177856
2025-08-10 01:00:00+00:00,116569.484375,116794.0,116565.4296875,116793.4375,0
2025-08-10 02:00:00+00:00,117329.9609375,117329.9609375,116592.90625,116592.90625,319541248
2025-08-10 03:00:00+00:00,118426.71875,118460.84375,117311.6796875,117351.2890625,6138826752
2025-08-10 04:00:00+00:00,118451.0390625,118749.9609375,118421.640625,118513.453125,1284833280
2025-08-10 05:00:00+00:00,118053.5078125,118508.109375,117982.9375,118492.03125,0
2025-08-10 06:00:00+00:00,118086.1875,118176.328125,117761.5703125,118100.9296875,0
2025-08-10 07:00:00+00:00,117818.4609375,118222.03125,117535.3125,118134.1953125,1191317504
2025-08-10 08:00:00+00:00,118329.0859375,118379.359375,117650.25,117808.515625,278392832
2025-08-10 09:00:00+00:00,118305.375,118455.3203125,118146.5625,118323.265625,57630720
2025-08-10 10:00:00+00:00,118028.3046875,118254.640625,118026.9375,118254.640625,0
2025-08-10 11:00:00+00:00,118368.125,118494.34375,117945.6796875,118049.6015625,431976448
2025-08-10 12:00:00+00:00,118530.4921875,118744.640625,118303.828125,118352.1953125,0
2025-08-10 13:00:00+00:00,118432.8125,118679.5,118407.9140625,118502.140625,549187584
2025-08-10 14:00:00+00:00,118779.0546875,118807.0,118353.0078125,118445.5703125,1520439296
2025-08-10 15:00:00+00:00,118798.2890625,119064.3828125,118572.078125,118786.0078125,779726848
2025-08-10 16:00:00+00:00,118685.03125,118907.8359375,118657.984375,118840.7578125,128950272
2025-08-10 17:00:00+00:00,118545.0,118694.046875,118467.5546875,118673.984375,100249600
2025-08-10 18:00:00+00:00,118562.1953125,118619.1484375,118436.875,118533.53125,0
2025-08-10 19:00:00+00:00,118686.203125,118704.8671875,118471.40625,118551.171875,0
2025-08-10 20:00:00+00:00,118425.8046875,118746.59375,118136.4375,118680.3828125,438177792
2025-08-10 21:00:00+00:00,118680.9140625,118680.9140625,118109.78125,118369.1328125,0
2025-08-10 22:00:00+00:00,119012.703125,119012.703125,118705.4375,118736.8359375,1994403840
2025-08-10 23:00:00+00:00,119313.0625,119313.0625,118911.046875,119242.1484375,0
2025-08-11 00:00:00+00:00,119240.609375,119472.78125,119194.046875,119275.765625,1354743808
2025-08-11 01:00:00+00:00,119812.7734375,119812.7734375,119024.75,119184.78125,1893748736
2025-08-11 02:00:00+00:00,121881.5,121881.5,120019.859375,120019.859375,7218122752
2025-08-11 03:00:00+00:00,121819.734375,122069.453125,121560.703125,121898.984375,0
2025-08-11 04:00:00+00:00,122132.25,122132.25,121668.109375,121819.734375,1358790656
2025-08-11 05:00:00+00:00,121988.09375,122282.0859375,121798.7421875,122086.9765625,408305664
2025-08-11 06:00:00+00:00,122257.4609375,122321.09375,121982.5859375,122030.6875,2323488768
2025-08-11 07:00:00+00:00,121474.9375,122292.1171875,121474.9375,122292.1171875,642064384
2025-08-11 08:00:00+00:00,121732.2734375,121758.90625,121220.90625,121552.8046875,0
2025-08-11 09:00:00+00:00,121342.6640625,121678.328125,121213.1953125,121678.328125,2269347840
2025-08-11 10:00:00+00:00,121147.8125,121365.90625,121014.9140625,121351.8671875,601800704
2025-08-11 11:00:00+00:00,120566.5546875,121222.375,120330.2109375,121222.375,2032836608
2025-08-11 12:00:00+00:00,119532.65625,120601.6640625,119532.65625,120580.1640625,1929510912
2025-08-11 13:00:00+00:00,120021.5390625,120275.6796875,119412.0234375,119592.1015625,1977982976
2025-08-11 14:00:00+00:00,120229.578125,120533.515625,119810.3828125,120009.6328125,1737252864
2025-08-11 15:00:00+00:00,120298.703125,120378.140625,119876.25,120182.234375,0
2025-08-11 16:00:00+00:00,120025.6640625,120761.953125,119969.0859375,120274.6640625,1262903296
2025-08-11 17:00:00+00:00,119530.5859375,120147.4765625,119521.953125,119955.796875,1693450240
2025-08-11 18:00:00+00:00,119749.9609375,119860.6015625,119319.8515625,119477.9765625,1063051264
2025-08-11 19:00:00+00:00,119041.1796875,119765.6875,118702.703125,119765.6875,0
2025-08-11 20:00:00+00:00,118884.6875,119072.4921875,118593.59375,119069.25,987791360
2025-08-11 21:00:00+00:00,118701.859375,119142.859375,118244.21875,118870.25,79028224
2025-08-11 22:00:00+00:00,118893.6640625,118921.9140625,118318.578125,118736.8125,0
2025-08-11 23:00:00+00:00,118727.8359375,118879.2734375,118665.2421875,118789.171875,87801856
2025-08-12 00:00:00+00:00,119002.5390625,119002.5390625,118653.796875,118692.4453125,0
2025-08-12 01:00:00+00:00,119015.5,119076.65625,118844.3203125,118981.7265625,242524160
2025-08-12 02:00:00+00:00,119094.8203125,119282.2421875,118886.8046875,119017.75,0
2025-08-12 03:00:00+00:00,118821.9609375,119126.578125,118816.2265625,119076.3515625,0
2025-08-12 04:00:00+00:00,119096.234375,119166.390625,118823.96875,118830.3046875,0
2025-08-12 05:00:00+00:00,118774.203125,119000.5,118479.1328125,119000.5,0
2025-08-12 06:00:00+00:00,118875.28125,119040.984375,118714.859375,118862.8984375,1149059072
2025-08-12 07:00:00+00:00,119008.7265625,119158.25,118849.84375,118849.84375,0
2025-08-12 08:00:00+00:00,118807.8359375,119051.3828125,118747.390625,118984.25,0
2025-08-12 09:00:00+00:00,118427.9921875,118883.609375,118427.9921875,118813.5546875,0
2025-08-12 10:00:00+00:00,118488.03125,118613.609375,118233.9140625,118457.6640625,0
2025-08-12 11:00:00+00:00,118538.09375,118629.5234375,118248.375,118445.1328125,0
2025-08-12 12:00:00+00:00,119225.609375,119243.5625,118287.1328125,118503.2734375,0
2025-08-12 13:00:00+00:00,118814.625,119619.734375,118695.375,119261.984375,316956672
2025-08-12 14:00:00+00:00,119393.4765625,119405.96875,118773.8828125,118824.1484375,0
2025-08-12 15:00:00+00:00,119922.3984375,119922.3984375,119377.3359375,119449.7890625,1478017024
2025-08-12 16:00:00+00:00,119632.25,120191.6953125,119541.3515625,119931.0390625,685391872
2025-08-12 17:00:00+00:00,119235.515625,119823.9296875,119235.515625,119648.8671875,0
2025-08-12 18:00:00+00:00,119314.765625,120017.6640625,119293.4765625,119301.6171875,0
2025-08-12 19:00:00+00:00,119680.90625,119948.6953125,119330.1328125,119330.1328125,176119808
2025-08-12 20:00:00+00:00,120193.7890625,120238.5234375,119516.0625,119633.859375,781828096
2025-08-12 21:00:00+00:00,119825.9765625,120151.2421875,119815.53125,120151.2421875,0
2025-08-12 22:00:00+00:00,120050.078125,120050.078125,119630.546875,119845.171875,994082816
2025-08-12 23:00:00+00:00,120142.1171875,120224.296875,119910.8359375,120060.96875,370221056
2025-08-13 00:00:00+00:00,119689.9609375,120127.8984375,119689.765625,120122.796875,653926400
2025-08-13 01:00:00+00:00,119463.59375,119657.46875,119336.53125,119657.46875,0
2025-08-13 02:00:00+00:00,119529.0859375,119684.9765625,119086.6953125,119425.921875,1595645952
2025-08-13 03:00:00+00:00,119476.5234375,119592.2578125,119296.3046875,119523.9453125,159760384
2025-08-13 04:00:00+00:00,119348.6171875,119791.2734375,119326.96875,119462.859375,871923712
2025-08-13 05:00:00+00:00,118998.46875,119659.515625,118952.4375,119330.9375,0
2025-08-13 06:00:00+00:00,119400.1484375,119400.1484375,118947.28125,119042.0234375,631873536
2025-08-13 07:00:00+00:00,119616.9921875,119616.9921875,119276.1171875,119399.6484375,0
2025-08-13 08:00:00+00:00,119980.5546875,119980.5546875,119463.890625,119525.0234375,0
2025-08-13 09:00:00+00:00,120142.625,120142.625,119778.6171875,120052.34375,1450704896
2025-08-13 10:00:00+00:00,120477.109375,120477.109375,120064.5,120113.4921875,1129242624
2025-08-13 11:00:00+00:00,120605.2421875,120696.03125,120447.4921875,120460.1015625,667648000
2025-08-13 12:00:00+00:00,120258.7890625,120623.2578125,120239.7421875,120553.5234375,0
2025-08-13 13:00:00+00:00,121716.09375,121968.4609375,120141.8671875,120257.3359375,2184413184
2025-08-13 14:00:00+00:00,121022.6796875,122194.5703125,120871.765625,121723.3359375,3603816448
2025-08-13 15:00:00+00:00,120958.8125,121333.3515625,120424.625,120910.9921875,1851768832
2025-08-13 16:00:00+00:00,121394.3515625,121700.859375,120987.1953125,120987.1953125,367140864
2025-08-13 17:00:00+00:00,121871.4453125,121871.4453125,121444.4296875,121504.8203125,176472064
2025-08-13 18:00:00+00:00,121643.25,121939.2265625,121484.0546875,121804.703125,1922359296
2025-08-13 19:00:00+00:00,122809.1484375,122833.9921875,121585.328125,121593.328125,1967988736
2025-08-13 20:00:00+00:00,122923.15625,123010.359375,122576.3203125,122776.171875,1522974720
2025-08-13 21:00:00+00:00,122535.375,122968.1328125,122389.515625,122936.5859375,812646400
2025-08-13 22:00:00+00:00,122987.421875,123617.78125,122686.2109375,122686.2109375,0
2025-08-13 23:00:00+00:00,123361.953125,123617.78125,123000.171875,123000.171875,3407527936
2025-08-14 00:00:00+00:00,123810.921875,124322.2890625,123341.7890625,123341.7890625,3260981248
2025-08-14 01:00:00+00:00,123414.03125,123945.828125,123414.03125,123869.3046875,595369984
2025-08-14 02:00:00+00:00,123686.0703125,123718.9375,123320.046875,123390.09375,1586315264
2025-08-14 03:00:00+00:00,123411.46875,123867.5703125,123363.4609375,123675.6953125,264364032
2025-08-14 04:00:00+00:00,123111.234375,123434.03125,123107.796875,123385.7578125,0
2025-08-14 05:00:00+00:00,122177.6328125,123135.5390625,122166.375,123072.71875,1441939456
2025-08-14 06:00:00+00:00,121810.6015625,122045.5625,121390.3671875,121861.046875,2135875584
2025-08-14 07:00:00+00:00,121824.171875,122042.609375,121608.96875,121828.5625,931831808
2025-08-14 08:00:00+00:00,121655.5078125,122029.578125,121655.5078125,121679.1171875,0
2025-08-14 09:00:00+00:00,121707.8671875,121948.40625,121576.109375,121669.2265625,764551168
2025-08-14 10:00:00+00:00,120913.8828125,121747.2578125,120851.3359375,121678.7109375,0
2025-08-14 11:00:00+00:00,120991.6328125,121050.1171875,120773.1875,120951.2578125,1494548480
2025-08-14 12:00:00+00:00,118951.2734375,121136.59375,118627.9453125,120989.5390625,4162887680
2025-08-14 13:00:00+00:00,118488.84375,119133.8359375,117861.6484375,118660.359375,2836643840
2025-08-14 14:00:00+00:00,118852.7734375,119387.296875,118093.8515625,118472.3515625,0
2025-08-14 15:00:00+00:00,118269.46875,118915.6953125,117955.9140625,118915.6953125,0
2025-08-14 16:00:00+00:00,117913.7265625,118243.765625,117538.5859375,118185.2265625,3270074368
2025-08-14 17:00:00+00:00,117913.828125,118162.203125,117628.0859375,117883.328125,648306688
2025-08-14 18:00:00+00:00,118234.71875,118253.53125,117415.6328125,117912.0,193847296
2025-08-14 19:00:00+00:00,118128.84375,118468.0859375,118080.1328125,118130.9140625,0
2025-08-14 20:00:00+00:00,117890.3359375,118183.265625,117806.765625,118009.6796875,1509220352
2025-08-14 21:00:00+00:00,117966.9609375,118260.5625,117491.609375,117962.875,555540480
2025-08-14 22:00:00+00:00,118394.3984375,118409.71875,117726.4609375,117970.4140625,0
2025-08-14 23:00:00+00:00,118373.78125,118606.28125,118329.8125,118378.7109375,0
2025-08-15 00:00:00+00:00,118288.8125,118567.65625,118197.203125,118369.5234375,0
2025-08-15 01:00:00+00:00,118805.9375,118815.6328125,118163.7265625,118288.765625,0
2025-08-15 02:00:00+00:00,118820.6171875,118992.0859375,118733.0625,118807.9921875,583221248
2025-08-15 03:00:00+00:00,119074.125,119186.390625,118755.0,118801.1796875,0
2025-08-15 04:00:00+00:00,118961.09375,119305.8671875,118901.171875,119082.140625,0
2025-08-15 05:00:00+00:00,119005.5859375,119038.59375,118777.1953125,118941.0546875,0
2025-08-15 06:00:00+00:00,119188.8359375,119318.265625,118991.25,119061.7421875,0
2025-08-15 07:00:00+00:00,119039.1328125,119174.453125,118877.3515625,119174.453125,0
2025-08-15 08:00:00+00:00,118993.6171875,119236.25,118993.6171875,119045.8125,0
2025-08-15 09:00:00+00:00,118740.5703125,119124.140625,118707.171875,118987.9140625,0
2025-08-15 10:00:00+00:00,118976.0390625,119098.2578125,118776.4453125,118776.4453125,0
2025-08-15 11:00:00+00:00,119092.765625,119178.8359375,118976.0390625,118976.0390625,0
2025-08-15 12:00:00+00:00,118795.734375,119180.734375,118636.75,119063.6796875,0
2025-08-15 13:00:00+00:00,117857.6484375,118796.171875,117816.5390625,118778.9140625,0
2025-08-15 14:00:00+00:00,117435.5703125,118317.8984375,117407.59375,117782.15625,0
2025-08-15 15:00:00+00:00,117359.5390625,117633.0,116943.2890625,117419.5390625,1144651776
2025-08-15 16:00:00+00:00,117443.96875,117453.5390625,116933.53125,117322.6171875,0
2025-08-15 17:00:00+00:00,117678.0078125,117874.921875,117078.4453125,117431.4609375,1136173056
2025-08-15 18:00:00+00:00,117189.328125,117669.5546875,117143.375,117652.7109375,0
2025-08-15 19:00:00+00:00,117005.4921875,117445.734375,116943.34375,117169.6796875,1112195072
2025-08-15 20:00:00+00:00,117355.7578125,117382.484375,116975.9140625,116988.03125,0
2025-08-15 21:00:00+00:00,117377.7890625,117421.7109375,117130.6640625,117387.796875,0
2025-08-15 22:00:00+00:00,117777.828125,117809.890625,117390.6484375,117397.0859375,0
2025-08-15 23:00:00+00:00,117416.2890625,117856.671875,117155.9609375,117834.296875,181051392
2025-08-16 00:00:00+00:00,117834.2734375,117845.6953125,117317.09375,117400.25,95674368
2025-08-16 01:00:00+00:00,117899.3203125,117996.0625,117740.0390625,117807.765625,0
2025-08-16 02:00:00+00:00,117597.875,117908.4453125,117568.140625,117899.140625,0
2025-08-16 03:00:00+00:00,117511.21875,117768.6796875,117511.21875,117588.375,0
2025-08-16 04:00:00+00:00,117906.609375,117972.375,117541.3203125,117563.4765625,0
2025-08-16 05:00:00+00:00,117679.5546875,117914.1953125,117650.5859375,117914.1953125,1111580672
2025-08-16 06:00:00+00:00,117480.609375,117715.640625,117407.203125,117682.0,0
2025-08-16 07:00:00+00:00,117716.4453125,117775.7109375,117459.0625,117459.4375,1628676096
2025-08-16 08:00:00+00:00,117731.0390625,117739.671875,117594.671875,117697.734375,0
2025-08-16 09:00:00+00:00,117492.3046875,117778.8828125,117492.3046875,117717.0078125,0
2025-08-16 10:00:00+00:00,117462.5703125,117492.1171875,117333.25,117477.3984375,776949760
2025-08-16 11:00:00+00:00,117449.0625,117623.28125,117449.0625,117456.53125,902344704
2025-08-16 12:00:00+00:00,117822.1171875,117822.1171875,117450.9765625,117471.9609375,0
2025-08-16 13:00:00+00:00,117711.4921875,117864.6640625,117681.4375,117816.8671875,0
2025-08-16 14:00:00+00:00,117856.0390625,117857.359375,117634.3359375,117724.671875,0
2025-08-16 15:00:00+00:00,117767.9140625,117878.2265625,117724.0234375,117876.3515625,0
2025-08-16 16:00:00+00:00,117849.9765625,117901.65625,117761.578125,117761.578125,0
2025-08-16 17:00:00+00:00,117788.0234375,117848.1171875,117740.796875,117844.7109375,0
2025-08-16 18:00:00+00:00,117754.328125,117839.0,117739.125,117763.1875,195624960
2025-08-16 19:00:00+00:00,117767.9921875,117835.7578125,117731.3515625,117763.015625,0
2025-08-16 20:00:00+00:00,117719.40625,117790.984375,117635.40625,117736.015625,774717440
2025-08-16 21:00:00+00:00,117570.6875,117732.0,117559.5625,117720.5546875,0
2025-08-16 22:00:00+00:00,117568.421875,117624.609375,117360.578125,117544.4609375,0
2025-08-16 23:00:00+00:00,117503.9765625,117570.578125,117371.7109375,117570.578125,0
2025-08-17 00:00:00+00:00,117360.65625,117503.46875,117347.796875,117469.3359375,0
2025-08-17 01:00:00+00:00,117524.3125,117544.625,117290.15625,117330.4296875,0
2025-08-17 02:00:00+00:00,117626.6171875,117627.1875,117517.671875,117520.65625,0
2025-08-17 03:00:00+00:00,117765.3046875,117815.1484375,117587.96875,117675.7890625,20779008
2025-08-17 04:00:00+00:00,118171.15625,118241.6484375,117761.90625,117767.4140625,0
2025-08-17 05:00:00+00:00,118105.5625,118294.734375,118086.8984375,118157.1015625,1339236352
2025-08-17 06:00:00+00:00,118014.9609375,118199.4296875,118003.5546875,118081.53125,0
2025-08-17 07:00:00+00:00,118071.015625,118132.140625,117948.640625,118014.2578125,572059648
2025-08-17 08:00:00+00:00,118419.7734375,118423.84375,118010.484375,118080.25,0
2025-08-17 09:00:00+00:00,118405.140625,118508.453125,118322.5,118449.40625,277647360
2025-08-17 10:00:00+00:00,118412.234375,118412.234375,118287.96875,118398.609375,0
2025-08-17 11:00:00+00:00,118369.0,118448.046875,118338.7109375,118436.0078125,0
2025-08-17 12:00:00+00:00,118223.8828125,118402.625,118223.8828125,118372.2421875,0
2025-08-17 13:00:00+00:00,118491.015625,118563.1015625,118143.78125,118231.96875,156930048
2025-08-17 14:00:00+00:00,118211.59375,118532.2734375,118211.59375,118477.265625,0
2025-08-17 15:00:00+00:00,118316.7734375,118326.390625,118203.421875,118236.9296875,0
2025-08-17 16:00:00+00:00,117884.3125,118371.2265625,117851.0625,118296.4921875,0
2025-08-17 17:00:00+00:00,117971.7421875,117984.2734375,117788.5625,117882.3984375,1185296384
2025-08-17 18:00:00+00:00,117562.0078125,118000.1171875,117375.875,117966.953125,0
2025-08-17 19:00:00+00:00,117640.03125,117815.3125,117574.78125,117608.4140625,1802014720
2025-08-17 20:00:00+00:00,117710.4296875,117800.5859375,117627.234375,117651.453125,76914688
2025-08-17 21:00:00+00:00,117770.484375,117834.515625,117685.3203125,117693.2890625,0
2025-08-17 22:00:00+00:00,118031.5859375,118065.2578125,117822.046875,117831.9140625,0
2025-08-17 23:00:00+00:00,117454.890625,118033.203125,117454.890625,118033.203125,0
2025-08-18 00:00:00+00:00,117303.65625,117614.078125,117143.4140625,117494.421875,2164441088
2025-08-18 01:00:00+00:00,116400.40625,117472.375,116347.5234375,117397.4375,2634481664
2025-08-18 02:00:00+00:00,115557.8515625,116390.0390625,115442.7421875,116390.0390625,2232246272
2025-08-18 03:00:00+00:00,115407.0625,115689.1484375,115081.5546875,115556.53125,3306549248
2025-08-18 04:00:00+00:00,115542.0390625,115589.6953125,115200.8359375,115398.6875,805580800
2025-08-18 05:00:00+00:00,115733.71875,115765.796875,115121.5390625,115566.125,0
2025-08-18 06:00:00+00:00,115287.3125,115760.46875,115043.21875,115760.46875,2877702144
2025-08-18 07:00:00+00:00,115287.9375,115537.90625,115287.9375,115397.15625,861499392
2025-08-18 08:00:00+00:00,115190.609375,115454.5546875,115180.9609375,115277.6484375,549584896
2025-08-18 09:00:00+00:00,115091.5,115177.9921875,114731.1796875,115160.4921875,2473992192
2025-08-18 10:00:00+00:00,115151.1328125,115327.984375,115080.96875,115085.421875,0
2025-08-18 11:00:00+00:00,115053.3359375,115183.2890625,114935.84375,115118.265625,1478561792
2025-08-18 12:00:00+00:00,115510.9375,115510.9375,114997.203125,115016.4296875,0
2025-08-18 13:00:00+00:00,115143.65625,115760.1015625,115119.2421875,115523.53125,866316288
2025-08-18 14:00:00+00:00,115662.203125,115662.203125,114930.9296875,114930.9296875,1906556928
2025-08-18 15:00:00+00:00,116203.03125,116203.03125,115508.8828125,115700.4921875,2157150208
2025-08-18 16:00:00+00:00,116043.0078125,116394.2578125,115904.2265625,116210.2890625,31981568
2025-08-18 17:00:00+00:00,116529.6328125,116856.8359375,116051.859375,116051.859375,1388085248
2025-08-18 18:00:00+00:00,116552.859375,116639.8046875,116285.3125,116499.8984375,1025777664
2025-08-18 19:00:00+00:00,116405.7578125,116661.9375,116286.7265625,116652.6953125,0
2025-08-18 20:00:00+00:00,116417.1796875,116572.1484375,116121.84375,116360.4140625,0
2025-08-18 21:00:00+00:00,116698.0390625,116733.2109375,116447.3828125,116447.3828125,2076581888
2025-08-18 22:00:00+00:00,116543.3125,117028.4609375,116543.3125,116703.6640625,0
2025-08-18 23:00:00+00:00,116257.96875,116602.2109375,116175.7734375,116468.1875,235405312
2025-08-19 00:00:00+00:00,116524.3984375,116534.1328125,115610.1875,116271.6015625,427171840
2025-08-19 01:00:00+00:00,115821.453125,116756.0,115797.4453125,116578.7265625,0
2025-08-19 02:00:00+00:00,115863.5078125,116090.9765625,115723.7421875,115831.3828125,0
2025-08-19 03:00:00+00:00,114947.203125,115795.015625,114874.3828125,115795.015625,0
2025-08-19 04:00:00+00:00,115400.8203125,115400.8203125,114585.953125,114851.71875,0
2025-08-19 05:00:00+00:00,115023.4453125,115495.6640625,115021.2578125,115370.84375,0
2025-08-19 06:00:00+00:00,115042.796875,115168.6796875,114988.71875,115008.8515625,0
2025-08-19 07:00:00+00:00,115001.0546875,115079.5234375,114674.0390625,115079.5234375,0
2025-08-19 08:00:00+00:00,115267.640625,115297.4453125,114845.21875,115020.03125,0
2025-08-19 09:00:00+00:00,115369.671875,115535.046875,115250.15625,115283.9765625,0
2025-08-19 10:00:00+00:00,115418.71875,115618.0546875,115369.4609375,115417.5390625,0
2025-08-19 11:00:00+00:00,115603.1875,115665.671875,115515.34375,115551.34375,1521803264
2025-08-19 12:00:00+00:00,115581.46875,115650.921875,115362.9921875,115579.1796875,0
2025-08-19 13:00:00+00:00,115213.078125,115906.09375,114991.3046875,115659.4296875,0
2025-08-19 14:00:00+00:00,113937.984375,115355.3671875,113835.5,115211.4921875,324857856
2025-08-19 15:00:00+00:00,113787.046875,114139.1015625,113644.3984375,113792.46875,3713126400
2025-08-19 16:00:00+00:00,113372.8515625,113864.96875,113372.8515625,113772.09375,123523072
2025-08-19 17:00:00+00:00,113512.59375,113574.3828125,113195.8359375,113383.703125,2715095040
2025-08-19 18:00:00+00:00,113073.9453125,113505.4609375,112881.6796875,113505.4609375,0
2025-08-19 19:00:00+00:00,113166.703125,113504.4609375,112783.140625,113047.875,2818899968
2025-08-19 20:00:00+00:00,113519.8203125,113524.0703125,112958.2109375,113177.1328125,1072906240
2025-08-19 21:00:00+00:00,113423.859375,113541.453125,113404.875,113541.453125,0
2025-08-19 22:00:00+00:00,113174.9609375,113399.6484375,113068.15625,113399.6484375,0
2025-08-19 23:00:00+00:00,112840.0546875,113153.234375,112758.0625,113153.234375,1839628288
2025-08-20 00:00:00+00:00,113238.5,113311.2421875,112852.109375,112852.109375,1180835840
2025-08-20 01:00:00+00:00,112979.859375,113403.109375,112578.671875,113243.3671875,38207488
2025-08-20 02:00:00+00:00,113457.5234375,113465.1484375,112960.8671875,112984.4296875,600080384
2025-08-20 03:00:00+00:00,113541.34375,113643.3671875,113335.1328125,113438.5,188071936
2025-08-20 04:00:00+00:00,113594.2578125,113680.3828125,113484.078125,113528.4609375,0
2025-08-20 05:00:00+00:00,113692.9921875,113760.7890625,113486.4453125,113607.828125,2302205952
2025-08-20 06:00:00+00:00,113676.25,113728.2265625,113505.875,113703.1640625,0
2025-08-20 07:00:00+00:00,113451.265625,113820.421875,113451.265625,113687.8984375,0
2025-08-20 08:00:00+00:00,114021.1875,114021.1875,113457.4765625,113466.0,2202107904
2025-08-20 09:00:00+00:00,113669.8828125,114013.078125,113657.6328125,114013.078125,308445184
2025-08-20 10:00:00+00:00,113816.09375,113859.609375,113567.734375,113686.3828125,0
2025-08-20 11:00:00+00:00,113596.515625,113841.28125,113099.78125,113791.546875,329121792
2025-08-20 12:00:00+00:00,113705.6875,113921.5390625,113580.9765625,113631.84375,2177835008
2025-08-20 13:00:00+00:00,112865.7265625,113684.1640625,112616.859375,113684.1640625,0
2025-08-20 14:00:00+00:00,113506.515625,113777.5546875,112415.5234375,112703.984375,0
2025-08-20 15:00:00+00:00,113373.6171875,114295.6953125,113249.421875,113422.0703125,0
2025-08-20 16:00:00+00:00,113799.1796875,114272.2265625,113348.59375,113371.375,1064108032
2025-08-20 17:00:00+00:00,114199.7890625,114264.796875,113799.8984375,113827.96875,0
2025-08-20 18:00:00+00:00,113533.53125,114191.2265625,113276.453125,114191.2265625,487022592
2025-08-20 19:00:00+00:00,114327.890625,114327.890625,113490.65625,113490.65625,0
2025-08-20 20:00:00+00:00,114376.203125,114376.203125,114034.90625,114210.65625,0
2025-08-20 21:00:00+00:00,114396.2265625,114462.578125,114001.078125,114384.9609375,1769496576
2025-08-20 22:00:00+00:00,114618.34375,114618.34375,114233.0625,114371.7578125,0
2025-08-20 23:00:00+00:00,114258.2265625,114586.8984375,114227.3828125,114586.8984375,0
2025-08-21 00:00:00+00:00,114322.1640625,114495.2734375,114043.1171875,114209.3359375,0
2025-08-21 01:00:00+00:00,114639.0859375,114639.0859375,113992.6015625,114308.3046875,0
2025-08-21 02:00:00+00:00,113970.3515625,114771.703125,113935.7109375,114691.3046875,326995968
2025-08-21 03:00:00+00:00,113991.1640625,114445.578125,113991.1640625,114010.3203125,0
2025-08-21 04:00:00+00:00,113849.703125,114011.5,113831.1953125,113978.6328125,352923648
2025-08-21 05:00:00+00:00,113982.1171875,114000.3046875,113643.625,113799.046875,0
2025-08-21 06:00:00+00:00,113827.703125,113978.375,113622.8828125,113978.375,0
2025-08-21 07:00:00+00:00,113900.2265625,113913.1953125,113613.75,113801.484375,1403158528
2025-08-21 08:00:00+00:00,113624.0859375,113984.890625,113618.0625,113889.75,0
2025-08-21 09:00:00+00:00,113401.7109375,113593.390625,113320.8515625,113584.0859375,951054336
2025-08-21 10:00:00+00:00,113275.0703125,113433.9765625,113267.4375,113370.5078125,0
2025-08-21 11:00:00+00:00,113145.5,113510.7109375,113054.1015625,113310.09375,0
2025-08-21 12:00:00+00:00,113033.9921875,113382.296875,112951.0390625,113100.2578125,795279360
2025-08-21 13:00:00+00:00,113562.15625,113686.0703125,113066.4375,113066.4375,0
2025-08-21 14:00:00+00:00,113260.3203125,113969.453125,113030.0,113478.859375,0
2025-08-21 15:00:00+00:00,112787.421875,113323.375,112692.859375,113273.03125,0
2025-08-21 16:00:00+00:00,112368.7734375,112907.7890625,112368.7734375,112764.4921875,367108096
2025-08-21 17:00:00+00:00,112411.7578125,112543.9453125,112192.890625,112379.140625,0
2025-08-21 18:00:00+00:00,112621.09375,112622.484375,112225.4140625,112397.9921875,0
2025-08-21 19:00:00+00:00,112098.296875,112686.1640625,111998.2421875,112597.09375,626245632
2025-08-21 20:00:00+00:00,112512.1875,112732.3359375,112052.5703125,112126.984375,0
2025-08-21 21:00:00+00:00,112592.7734375,112685.015625,112088.0078125,112376.0,1800216576
2025-08-21 22:00:00+00:00,112475.0390625,112644.9609375,112408.0234375,112590.0234375,0
2025-08-21 23:00:00+00:00,112419.2734375,112473.40625,112247.234375,112473.40625,550043648
2025-08-22 00:00:00+00:00,112606.9140625,112780.8125,112462.859375,112462.859375,646316032
2025-08-22 01:00:00+00:00,112830.328125,112861.4765625,112326.234375,112596.3515625,0
2025-08-22 02:00:00+00:00,113170.9296875,113465.9921875,112790.0859375,112802.421875,0
2025-08-22 03:00:00+00:00,112872.5703125,113410.03125,112872.5703125,113140.171875,0
2025-08-22 04:00:00+00:00,112746.4453125,113195.9375,112746.4453125,112889.4609375,811245568
2025-08-22 05:00:00+00:00,113214.0390625,113226.7265625,112800.9140625,112800.9140625,0
2025-08-22 06:00:00+00:00,112978.5,113322.9375,112843.296875,113213.6171875,1391489024
2025-08-22 07:00:00+00:00,113088.390625,113199.3359375,112966.46875,112981.09375,0
2025-08-22 08:00:00+00:00,112978.0625,113271.6796875,112921.7421875,113075.296875,0
2025-08-22 09:00:00+00:00,113027.53125,113091.546875,112834.0703125,112963.25,0
2025-08-22 10:00:00+00:00,112511.015625,113031.9296875,112503.90625,113019.8828125,1556811776
2025-08-22 11:00:00+00:00,112307.1015625,112547.09375,112149.6796875,112517.921875,434515968
2025-08-22 12:00:00+00:00,112285.3125,112646.125,111678.9453125,112320.546875,0
2025-08-22 13:00:00+00:00,112341.90625,112580.203125,112003.4453125,112374.1796875,3393957888
2025-08-22 14:00:00+00:00,115893.3984375,116063.359375,113463.6171875,113463.6171875,9979600896
2025-08-22 15:00:00+00:00,116548.1640625,117170.0703125,115847.453125,115847.453125,2338242560
2025-08-22 16:00:00+00:00,116138.5078125,116710.7578125,116138.5078125,116412.21875,2979381248
2025-08-22 17:00:00+00:00,116927.09375,116970.9765625,116140.4375,116140.4375,1081376768
2025-08-22 18:00:00+00:00,116753.453125,117370.6796875,116753.453125,116991.2890625,2289491968
2025-08-22 19:00:00+00:00,116641.0234375,116895.8671875,116518.4453125,116789.6171875,0
2025-08-22 20:00:00+00:00,116979.171875,117083.703125,116589.9140625,116626.09375,1626415104
2025-08-22 21:00:00+00:00,116979.8984375,117136.4609375,116828.40625,117027.0078125,0
2025-08-22 22:00:00+00:00,116714.5703125,117026.875,116544.0703125,116988.5078125,1587273728
2025-08-22 23:00:00+00:00,116867.5234375,116914.109375,116659.1015625,116713.40625,0
2025-08-23 00:00:00+00:00,116837.5234375,116995.2421875,116721.28125,116920.8671875,99893248
2025-08-23 01:00:00+00:00,116402.8515625,116828.0234375,116285.21875,116828.0234375,0
2025-08-23 02:00:00+00:00,115936.1640625,116460.8203125,115572.25,116391.1875,1177559040
2025-08-23 03:00:00+00:00,115515.0859375,115966.515625,115439.2890625,115942.640625,539926528
2025-08-23 04:00:00+00:00,115869.9921875,115891.8828125,115513.8984375,115513.8984375,70762496
2025-08-23 05:00:00+00:00,115927.1484375,115972.3828125,115757.1484375,115861.8203125,391405568
2025-08-23 06:00:00+00:00,115711.03125,115951.671875,115660.75,115913.5234375,0
2025-08-23 07:00:00+00:00,115735.765625,115844.9609375,115638.7421875,115691.3515625,0
2025-08-23 08:00:00+00:00,115702.2421875,115816.578125,115608.53125,115765.34375,0
2025-08-23 09:00:00+00:00,115704.84375,115729.328125,115567.6015625,115729.328125,0
2025-08-23 10:00:00+00:00,115537.765625,115709.2734375,115537.765625,115709.2734375,0
2025-08-23 11:00:00+00:00,115192.3046875,115583.359375,115192.3046875,115512.8046875,0
2025-08-23 12:00:00+00:00,115180.78125,115417.75,115161.328125,115209.71875,0
2025-08-23 13:00:00+00:00,114839.1640625,115161.734375,114731.859375,115161.734375,0
2025-08-23 14:00:00+00:00,114608.515625,115031.5859375,114608.515625,114808.7265625,0
2025-08-23 15:00:00+00:00,114805.515625,114896.5859375,114596.171875,114596.171875,0
2025-08-23 16:00:00+00:00,114971.4609375,115020.6875,114680.375,114786.4296875,0
2025-08-23 17:00:00+00:00,115051.421875,115094.5703125,114938.7734375,114985.1484375,0
2025-08-23 18:00:00+00:00,115098.2265625,115130.609375,115008.6953125,115068.8359375,0
2025-08-23 19:00:00+00:00,115092.0390625,115111.0078125,115004.40625,115105.78125,0
2025-08-23 20:00:00+00:00,115287.625,115287.625,115060.4765625,115083.1484375,0
2025-08-23 21:00:00+00:00,115067.3515625,115274.1015625,114987.0,115274.1015625,0
2025-08-23 22:00:00+00:00,115264.8671875,115264.8671875,115019.890625,115019.890625,0
2025-08-23 23:00:00+00:00,115378.8515625,115378.8515625,115197.640625,115272.3203125,0
2025-08-24 00:00:00+00:00,115326.2265625,115477.46875,115288.7734375,115341.6015625,0
2025-08-24 01:00:00+00:00,115425.359375,115501.6171875,115150.46875,115303.703125,297271296
2025-08-24 02:00:00+00:00,115016.7578125,115574.6875,115016.7578125,115410.8671875,0
2025-08-24 03:00:00+00:00,114992.4921875,115094.3359375,114927.15625,115010.4453125,0
2025-08-24 04:00:00+00:00,115051.9609375,115222.7265625,114992.4296875,114992.4296875,0
2025-08-24 05:00:00+00:00,114962.171875,115150.2734375,114887.3515625,115092.5703125,471986176
2025-08-24 06:00:00+00:00,114826.4765625,115015.2265625,114817.7109375,114951.46875,0
2025-08-24 07:00:00+00:00,114883.2890625,115066.1640625,114833.015625,114851.421875,0
2025-08-24 08:00:00+00:00,114767.2890625,114912.2265625,114714.59375,114878.625,0
2025-08-24 09:00:00+00:00,114800.9296875,114977.53125,114655.2734375,114792.1484375,173441024
2025-08-24 10:00:00+00:00,114794.0859375,114912.9453125,114581.65625,114820.140625,1078009856
2025-08-24 11:00:00+00:00,114711.46875,114852.0234375,114594.328125,114765.578125,0
2025-08-24 12:00:00+00:00,114646.7890625,114769.359375,114590.96875,114716.8984375,287670272
2025-08-24 13:00:00+00:00,114561.0859375,114789.8203125,114561.0859375,114649.8984375,0
2025-08-24 14:00:00+00:00,114545.8515625,114573.9921875,114357.6171875,114538.1328125,0
2025-08-24 15:00:00+00:00,114398.2578125,114781.2734375,114396.75,114526.65625,23498752
2025-08-24 16:00:00+00:00,114282.5,114470.15625,114282.5,114387.1640625,2456383488
2025-08-24 17:00:00+00:00,114323.34375,114496.5390625,114234.453125,114234.453125,0
2025-08-24 18:00:00+00:00,114522.609375,114843.671875,114283.4609375,114338.8828125,1902788608
2025-08-24 19:00:00+00:00,112449.1484375,114680.59375,111409.109375,114600.421875,6329581568
2025-08-24 20:00:00+00:00,112636.9609375,112974.921875,111874.1875,112441.1015625,6395842560
2025-08-24 21:00:00+00:00,112978.4296875,113286.96875,112439.6796875,112712.71875,4273319936
2025-08-24 22:00:00+00:00,113421.484375,113447.484375,112656.4140625,112976.2734375,523165696
2025-08-24 23:00:00+00:00,113420.0703125,113635.75,113387.09375,113450.765625,2078236672
2025-08-25 00:00:00+00:00,112598.359375,113465.1796875,112174.9375,113465.1796875,963608576
2025-08-25 01:00:00+00:00,113050.2421875,113107.5859375,112614.9375,112614.9375,0
2025-08-25 02:00:00+00:00,113404.015625,113582.109375,113053.7265625,113061.3984375,266977280
2025-08-25 03:00:00+00:00,113118.7890625,113599.9296875,113118.7890625,113393.859375,0
2025-08-25 04:00:00+00:00,112754.6875,112979.21875,112628.0078125,112920.9296875,855244800
2025-08-25 05:00:00+00:00,112349.7578125,112825.0625,112349.7578125,112758.53125,0
2025-08-25 06:00:00+00:00,111903.8359375,112400.140625,111822.84375,112343.109375,1103085568
2025-08-25 07:00:00+00:00,111457.546875,112089.1953125,111412.125,111896.0859375,2758770688
2025-08-25 08:00:00+00:00,111534.6171875,111777.3828125,111141.390625,111479.4296875,830603264
2025-08-25 09:00:00+00:00,111786.0546875,111786.0546875,111240.7109375,111449.40625,2041970688
2025-08-25 10:00:00+00:00,110970.5859375,111754.6796875,110960.2109375,111739.171875,1251696640
2025-08-25 11:00:00+00:00,111212.9140625,111249.8046875,110932.9921875,110972.6328125,1067360256
2025-08-25 12:00:00+00:00,111600.2265625,111632.4921875,111060.1640625,111332.1640625,0
2025-08-25 13:00:00+00:00,111466.3203125,111729.3203125,110610.125,111582.875,4931002368
2025-08-25 14:00:00+00:00,112205.3046875,112261.7421875,111443.328125,111464.984375,612769792
2025-08-25 15:00:00+00:00,112189.828125,112542.4140625,111912.0234375,112263.2265625,560521216
2025-08-25 16:00:00+00:00,112568.9375,112931.53125,112107.5234375,112196.6328125,493535232
2025-08-25 17:00:00+00:00,112516.5625,112737.5234375,112207.640625,112549.109375,892469248
2025-08-25 18:00:00+00:00,112390.84375,112616.2890625,112273.4296875,112329.5546875,0
2025-08-25 19:00:00+00:00,110787.1953125,112397.8359375,110787.1953125,112397.8359375,0
2025-08-25 20:00:00+00:00,109806.3515625,111059.7109375,109587.390625,110681.6796875,2979602432
2025-08-25 21:00:00+00:00,110165.21875,110272.8125,109347.6328125,109620.015625,1732689920
2025-08-25 22:00:00+00:00,110169.9453125,110624.734375,110039.3984375,110111.34375,693854208
2025-08-25 23:00:00+00:00,110227.09375,110262.484375,109813.3828125,110183.0,149184512
2025-08-26 00:00:00+00:00,109268.765625,110061.859375,109027.5859375,110061.859375,1963229184
2025-08-26 01:00:00+00:00,109836.5,109904.40625,108848.1484375,109237.6796875,505675776
2025-08-26 02:00:00+00:00,109784.90625,110002.5546875,109577.828125,109907.125,1616084992
2025-08-26 03:00:00+00:00,109869.03125,109945.328125,109509.21875,109730.625,0
2025-08-26 04:00:00+00:00,110130.296875,110255.3125,109887.8125,109887.8125,0
2025-08-26 05:00:00+00:00,110255.9140625,110363.8515625,110105.796875,110111.2265625,394649600
2025-08-26 06:00:00+00:00,110000.4609375,110317.1171875,109958.3515625,110253.4375,0
2025-08-26 07:00:00+00:00,110296.25,110424.1796875,109808.4765625,110009.40625,384491520
2025-08-26 08:00:00+00:00,110147.953125,110429.0,110042.84375,110308.2734375,0
2025-08-26 09:00:00+00:00,110139.7578125,110417.5859375,110060.609375,110118.0546875,266739712
2025-08-26 10:00:00+00:00,110218.859375,110415.7734375,110141.609375,110155.8203125,0
2025-08-26 11:00:00+00:00,109839.578125,110226.9921875,109620.921875,110226.9921875,0
2025-08-26 12:00:00+00:00,110142.703125,110638.0078125,109629.2109375,109872.1484375,169066496
2025-08-26 13:00:00+00:00,110047.2265625,110225.71875,109454.8046875,110211.0546875,1187921920
2025-08-26 14:00:00+00:00,110412.0859375,110485.359375,109850.8984375,110065.25,0
2025-08-26 15:00:00+00:00,109698.75,110548.015625,109588.1015625,110344.5625,0
2025-08-26 16:00:00+00:00,110061.875,110061.875,109468.15625,109686.6875,0
2025-08-26 17:00:00+00:00,109914.828125,110170.796875,109600.59375,110130.3359375,0
2025-08-26 18:00:00+00:00,110709.3984375,110982.7421875,110047.5546875,110047.5546875,1453957120
2025-08-26 19:00:00+00:00,111146.6171875,111167.3359375,110555.0,110700.8984375,0
2025-08-26 20:00:00+00:00,111346.375,111409.8515625,110980.5078125,111130.5078125,0
2025-08-26 21:00:00+00:00,111549.203125,111566.96875,111173.53125,111334.640625,0
2025-08-26 22:00:00+00:00,111917.2265625,111943.8046875,111566.1171875,111566.1171875,1384022016
2025-08-26 23:00:00+00:00,111807.0859375,112368.234375,111769.828125,111939.515625,0
2025-08-27 00:00:00+00:00,111376.7421875,111798.0,111373.9375,111798.0,0
2025-08-27 01:00:00+00:00,111305.421875,111464.859375,111128.421875,111370.6328125,0
2025-08-27 02:00:00+00:00,111172.4765625,111480.734375,111153.4296875,111305.6953125,226095104
2025-08-27 03:00:00+00:00,111481.5078125,111699.0,110964.9375,111172.3359375,0
2025-08-27 04:00:00+00:00,111614.9921875,111689.1328125,111440.6640625,111449.578125,37318656
2025-08-27 05:00:00+00:00,111367.6640625,111645.75,111347.015625,111580.609375,0
2025-08-27 06:00:00+00:00,111041.0859375,111382.8671875,111041.0859375,111382.8671875,0
2025-08-27 07:00:00+00:00,110675.125,111100.0703125,110669.53125,111049.234375,0
2025-08-27 08:00:00+00:00,110742.8359375,110814.359375,110467.1171875,110809.140625,1023123456
2025-08-27 09:00:00+00:00,110822.7421875,111075.9453125,110738.5390625,110738.5390625,35627008
2025-08-27 10:00:00+00:00,111003.09375,111226.359375,110821.5390625,110821.5390625,0
2025-08-27 11:00:00+00:00,111332.21875,111368.9921875,111002.828125,111002.828125,2944655360
2025-08-27 12:00:00+00:00,111336.8828125,111386.765625,111063.8203125,111320.4765625,0
2025-08-27 13:00:00+00:00,111486.96875,111875.046875,111109.6484375,111355.328125,0
2025-08-27 14:00:00+00:00,111771.734375,112619.4140625,111355.3671875,111498.0625,515461120
2025-08-27 15:00:00+00:00,112023.328125,112090.1640625,111630.5234375,111809.6640625,0
2025-08-27 16:00:00+00:00,112147.6171875,112236.375,111638.5,112024.5703125,0
2025-08-27 17:00:00+00:00,112386.8359375,112398.7890625,111932.1171875,112136.921875,0
2025-08-27 18:00:00+00:00,111985.984375,112601.2890625,111985.984375,112350.28125,0
2025-08-27 19:00:00+00:00,112014.6796875,112205.875,111691.28125,111990.515625,537780224
2025-08-27 20:00:00+00:00,112364.0078125,112364.0078125,111282.8359375,112061.1875,0
2025-08-27 21:00:00+00:00,111441.859375,112408.921875,111388.7421875,112408.921875,1505361920
2025-08-27 22:00:00+00:00,111426.265625,111562.8046875,111116.78125,111502.21875,648323072
2025-08-27 23:00:00+00:00,111207.3828125,111541.421875,111143.1640625,111437.4453125,0
2025-08-28 00:00:00+00:00,111308.015625,111506.0,110909.0703125,111261.3671875,0
2025-08-28 01:00:00+00:00,111656.3203125,111673.765625,111342.4921875,111342.4921875,0
2025-08-28 02:00:00+00:00,111488.0,111776.1328125,111452.265625,111658.140625,0
2025-08-28 03:00:00+00:00,112015.8984375,112015.8984375,111437.6328125,111502.46875,42577920
2025-08-28 04:00:00+00:00,112942.90625,113059.3671875,111970.390625,112006.796875,1063051264
2025-08-28 05:00:00+00:00,112893.703125,113122.7890625,112714.1484375,112958.8125,2131705856
2025-08-28 06:00:00+00:00,113247.359375,113247.359375,112729.5546875,112852.0546875,0
2025-08-28 07:00:00+00:00,113161.2734375,113361.6875,113093.859375,113223.515625,1028882432
2025-08-28 08:00:00+00:00,113120.5703125,113356.453125,113082.3671875,113144.1875,0
2025-08-28 09:00:00+00:00,112933.2421875,113258.3203125,112921.984375,113165.171875,0
2025-08-28 10:00:00+00:00,113098.9296875,113098.9296875,112859.7734375,112936.71875,89935872
2025-08-28 11:00:00+00:00,112917.171875,113146.5859375,112850.3671875,113125.640625,1218129920
2025-08-28 12:00:00+00:00,113300.609375,113303.515625,112833.4296875,112919.453125,0
2025-08-28 13:00:00+00:00,112750.296875,113436.234375,112642.71875,113268.8671875,298897408
2025-08-28 14:00:00+00:00,113209.078125,113275.4609375,112607.65625,112820.375,0
2025-08-28 15:00:00+00:00,112651.3203125,113252.4921875,112412.203125,113180.9609375,0
2025-08-28 16:00:00+00:00,112523.75,113151.2890625,112523.75,112666.2265625,0
2025-08-28 17:00:00+00:00,112419.140625,112621.234375,112245.453125,112390.0859375,723529728
2025-08-28 18:00:00+00:00,112387.3359375,112701.203125,112243.625,112337.234375,736608256
2025-08-28 19:00:00+00:00,111929.84375,112546.96875,111929.84375,112388.578125,0
2025-08-28 20:00:00+00:00,111927.296875,112102.2890625,111879.1015625,112002.265625,0
2025-08-28 21:00:00+00:00,112036.6640625,112121.0859375,111906.0,111915.5234375,0
2025-08-28 22:00:00+00:00,112376.0234375,112449.6328125,112039.9453125,112039.9453125,0
2025-08-28 23:00:00+00:00,112564.375,112564.375,112344.203125,112369.2109375,0
2025-08-29 00:00:00+00:00,112216.7578125,112609.453125,112178.25,112571.5234375,0
2025-08-29 01:00:00+00:00,111540.625,112246.4140625,111456.0625,112237.90625,0
2025-08-29 02:00:00+00:00,111476.0625,111789.3203125,111393.3828125,111493.0234375,3052290048
2025-08-29 03:00:00+00:00,111766.6328125,111833.53125,111374.9296875,111462.921875,119070720
2025-08-29 04:00:00+00:00,111445.75,111843.453125,111445.75,111744.1015625,0
2025-08-29 05:00:00+00:00,111256.859375,111560.125,111180.7265625,111514.65625,1834229760
2025-08-29 06:00:00+00:00,111270.171875,111378.4140625,111000.53125,111323.203125,1415340032
2025-08-29 07:00:00+00:00,109912.609375,111287.2890625,109912.609375,111287.2890625,869351424
2025-08-29 08:00:00+00:00,109629.1328125,110268.9921875,109623.640625,110011.09375,1393401856
2025-08-29 09:00:00+00:00,109805.1015625,109911.9921875,109479.6171875,109630.3515625,1499598848
2025-08-29 10:00:00+00:00,110003.2265625,110005.5234375,109789.4921875,109789.4921875,1047064576
2025-08-29 11:00:00+00:00,110073.78125,110138.59375,109883.4140625,110003.9765625,0
2025-08-29 12:00:00+00:00,110734.15625,111122.7109375,110098.5625,110098.5625,2043314176
2025-08-29 13:00:00+00:00,109151.3359375,110754.40625,109033.1171875,110742.6328125,179478528
2025-08-29 14:00:00+00:00,108207.609375,109407.5390625,108207.609375,109092.34375,4561563648
2025-08-29 15:00:00+00:00,108451.421875,108684.90625,108178.3359375,108178.3359375,852131840
2025-08-29 16:00:00+00:00,108737.859375,108822.3046875,108183.71875,108394.265625,852312064
2025-08-29 17:00:00+00:00,108529.4375,108744.71875,108201.8984375,108744.71875,1013579776
2025-08-29 18:00:00+00:00,108173.1953125,108487.5859375,108109.5703125,108471.8359375,75997184
2025-08-29 19:00:00+00:00,108279.3359375,108716.734375,108057.3984375,108156.765625,0
2025-08-29 20:00:00+00:00,107851.8984375,108257.84375,107647.5234375,108226.9609375,2984861696
2025-08-29 21:00:00+00:00,108429.515625,108430.15625,107577.2578125,107787.125,268648448
2025-08-29 22:00:00+00:00,108344.0859375,108468.0625,108208.421875,108468.0625,1096818688
2025-08-29 23:00:00+00:00,108443.875,108568.0859375,108384.6015625,108384.6015625,0
2025-08-30 00:00:00+00:00,108286.078125,108393.5703125,108177.6171875,108297.4609375,0
2025-08-30 01:00:00+00:00,107690.4140625,108347.0703125,107623.0859375,108276.625,0
2025-08-30 02:00:00+00:00,107876.6875,107959.1171875,107481.96875,107481.96875,1859297280
2025-08-30 03:00:00+00:00,108411.421875,108413.6953125,107783.9453125,107816.765625,752386048
2025-08-30 04:00:00+00:00,108462.3046875,108643.46875,108390.046875,108406.9140625,2741182464
2025-08-30 05:00:00+00:00,108359.2734375,108452.6484375,108157.109375,108450.21875,86343680
2025-08-30 06:00:00+00:00,108240.8984375,108550.5859375,108207.8125,108369.03125,0
2025-08-30 07:00:00+00:00,108525.1015625,108525.1015625,108129.125,108301.578125,244809728
2025-08-30 08:00:00+00:00,108594.765625,108735.8984375,108504.5703125,108511.9453125,0
2025-08-30 09:00:00+00:00,108531.2109375,108603.8203125,108493.6953125,108593.859375,0
2025-08-30 10:00:00+00:00,108457.046875,108692.4921875,108432.2890625,108536.8046875,0
2025-08-30 11:00:00+00:00,108708.3046875,108708.3046875,108441.1484375,108446.515625,0
2025-08-30 12:00:00+00:00,108561.0546875,108636.734375,108383.5,108636.734375,0
2025-08-30 13:00:00+00:00,108498.4296875,108616.9453125,108234.0703125,108596.5703125,0
2025-08-30 14:00:00+00:00,108678.6484375,108716.6015625,108429.0859375,108526.3828125,0
2025-08-30 15:00:00+00:00,108863.3203125,108921.6953125,108559.046875,108660.921875,0
2025-08-30 16:00:00+00:00,108816.078125,108866.2890625,108670.3203125,108834.3671875,0
2025-08-30 17:00:00+00:00,108767.1171875,108896.359375,108658.234375,108822.6015625,0
2025-08-30 18:00:00+00:00,108730.0078125,108846.6015625,108659.5546875,108776.90625,58793984
2025-08-30 19:00:00+00:00,108824.9375,108883.3828125,108707.4765625,108743.109375,0
2025-08-30 20:00:00+00:00,108639.3359375,108849.4765625,108623.515625,108849.4765625,0
2025-08-30 21:00:00+00:00,108605.9296875,108685.296875,108539.984375,108658.3984375,0
2025-08-30 22:00:00+00:00,108541.5703125,108588.5546875,108488.5546875,108585.7578125,0
2025-08-30 23:00:00+00:00,108810.75,108819.2890625,108539.5,108539.5,545320960
2025-08-31 00:00:00+00:00,109365.6953125,109373.0390625,108823.390625,108823.390625,0
2025-08-31 01:00:00+00:00,109478.2578125,109485.015625,109175.8125,109376.25,0
2025-08-31 02:00:00+00:00,109233.8359375,109457.3984375,109208.8359375,109457.3984375,0
2025-08-31 03:00:00+00:00,109194.828125,109375.828125,109194.828125,109258.9140625,0
2025-08-31 04:00:00+00:00,108793.9375,109206.90625,108724.515625,109206.90625,0
2025-08-31 05:00:00+00:00,108749.2578125,108809.8203125,108583.234375,108809.8203125,570896384
2025-08-31 06:00:00+00:00,108730.6640625,108776.1640625,108537.7265625,108755.0625,0
2025-08-31 07:00:00+00:00,108716.578125,108825.6875,108685.6796875,108727.1171875,0
2025-08-31 08:00:00+00:00,109011.53125,109025.8671875,108710.109375,108710.109375,0
2025-08-31 09:00:00+00:00,108484.96875,109101.8359375,108484.96875,109019.46875,985403392
2025-08-31 10:00:00+00:00,108560.2890625,108611.0859375,108371.3125,108491.1015625,881606656
2025-08-31 11:00:00+00:00,108399.5859375,108596.3828125,108367.296875,108573.53125,0
2025-08-31 12:00:00+00:00,108309.609375,108449.4140625,108309.609375,108398.4296875,365711360
2025-08-31 13:00:00+00:00,108413.6875,108417.625,108198.328125,108378.109375,583958528
2025-08-31 14:00:00+00:00,108447.1171875,108488.046875,108285.6796875,108451.1015625,866668544
2025-08-31 15:00:00+00:00,108792.7734375,108802.875,108456.09375,108456.09375,0
2025-08-31 16:00:00+00:00,108941.890625,108966.1875,108594.28125,108800.4296875,1459662848
2025-08-31 17:00:00+00:00,108992.6953125,108995.109375,108869.109375,108922.2578125,0
2025-08-31 18:00:00+00:00,109146.3828125,109214.1875,108968.3515625,108989.984375,314433536
2025-08-31 19:00:00+00:00,108923.2578125,109155.5390625,108923.2578125,109150.1640625,1211330560
2025-08-31 20:00:00+00:00,109114.9921875,109115.359375,108879.96875,108914.359375,173584384
2025-08-31 21:00:00+00:00,109062.1953125,109114.53125,108964.9609375,109114.53125,0
2025-08-31 22:00:00+00:00,108865.8046875,109222.7109375,108775.375,109052.53125,0
2025-08-31 23:00:00+00:00,108248.1328125,108879.8046875,108107.3203125,108879.8046875,694411264
2025-09-01 00:00:00+00:00,108297.6484375,108358.640625,107695.9921875,108250.2578125,2111078400
2025-09-01 01:00:00+00:00,108195.7734375,108384.953125,108038.9609375,108260.0546875,219394048
2025-09-01 02:00:00+00:00,107628.609375,108194.625,107444.34375,108159.1015625,0
2025-09-01 03:00:00+00:00,107691.9609375,107738.5078125,107423.6328125,107598.8125,1168699392
2025-09-01 04:00:00+00:00,107398.1015625,107740.9609375,107298.0625,107681.828125,1013510144
2025-09-01 05:00:00+00:00,107872.78125,107982.8828125,107285.796875,107403.703125,796512256
2025-09-01 06:00:00+00:00,108074.4453125,108112.953125,107632.34375,107867.140625,0
2025-09-01 07:00:00+00:00,109362.9140625,109362.9140625,108026.1484375,108069.3828125,3762995200
2025-09-01 08:00:00+00:00,109587.96875,109766.078125,109455.796875,109709.828125,3232522240
2025-09-01 09:00:00+00:00,109543.7890625,109830.2265625,109543.7890625,109587.5625,395812864
2025-09-01 10:00:00+00:00,108530.640625,109515.0859375,108233.1953125,109515.0859375,0
2025-09-01 11:00:00+00:00,108799.1171875,108819.6796875,108492.2890625,108536.140625,457818112
2025-09-01 12:00:00+00:00,109045.0546875,109107.3515625,108667.6953125,108776.453125,1115918336
2025-09-01 13:00:00+00:00,109061.3984375,109512.0859375,108977.84375,109089.6484375,0
2025-09-01 14:00:00+00:00,109207.9453125,109278.7890625,108893.4296875,109038.40625,481697792
2025-09-01 15:00:00+00:00,108739.5,109357.1796875,108632.5703125,109161.625,0
2025-09-01 16:00:00+00:00,108768.2578125,109068.015625,108716.7734375,108826.9453125,421453824
2025-09-01 17:00:00+00:00,108937.65625,108937.65625,108515.65625,108802.203125,790372352
2025-09-01 18:00:00+00:00,109247.953125,109247.953125,108937.2109375,108937.2109375,263876608
2025-09-01 19:00:00+00:00,109211.0859375,109306.6171875,109181.90625,109232.6953125,0
2025-09-01 20:00:00+00:00,108721.984375,109208.625,108529.2890625,109208.625,2686664704
2025-09-01 21:00:00+00:00,107759.4765625,108831.078125,107492.140625,108830.3203125,2231328768
2025-09-01 22:00:00+00:00,108466.65625,108494.484375,107670.453125,107789.4296875,0
2025-09-01 23:00:00+00:00,109201.875,109356.9609375,108458.8046875,108458.8046875,1869123584
2025-09-02 00:00:00+00:00,109021.984375,109295.4453125,108903.71875,109212.2578125,116895744
2025-09-02 01:00:00+00:00,109384.578125,109562.296875,109010.171875,109023.4296875,0
2025-09-02 02:00:00+00:00,110044.421875,110044.421875,109218.828125,109337.2265625,0
2025-09-02 03:00:00+00:00,110348.9453125,110519.984375,110130.1484375,110223.5234375,2117955584
2025-09-02 04:00:00+00:00,110242.09375,110406.0234375,110164.5546875,110310.9765625,0
2025-09-02 05:00:00+00:00,110245.2578125,110293.7109375,110088.6640625,110288.4921875,0
2025-09-02 06:00:00+00:00,110448.15625,110556.90625,110201.4609375,110228.9453125,1920831488
2025-09-02 07:00:00+00:00,110170.484375,110389.234375,110060.0078125,110389.234375,0
2025-09-02 08:00:00+00:00,110425.78125,110645.4921875,110081.4140625,110247.1171875,0
2025-09-02 09:00:00+00:00,110419.2890625,110669.25,110291.578125,110383.4765625,975183872
2025-09-02 10:00:00+00:00,110273.1875,110464.140625,110179.875,110428.890625,0
2025-09-02 11:00:00+00:00,109632.28125,110249.078125,109632.28125,110239.984375,171921408
2025-09-02 12:00:00+00:00,108794.3125,109751.4296875,108533.296875,109716.6640625,1509433344
2025-09-02 13:00:00+00:00,111127.953125,111259.1953125,108858.9453125,108858.9453125,4588544000
2025-09-02 14:00:00+00:00,111291.859375,111685.984375,110894.0703125,111156.0078125,4205453312
2025-09-02 15:00:00+00:00,110739.5390625,111475.296875,110683.8046875,111327.6875,0
2025-09-02 16:00:00+00:00,110709.96875,111113.765625,110512.7421875,110808.984375,2241560576
2025-09-02 17:00:00+00:00,110904.5625,110999.53125,110648.28125,110765.4375,794255360
2025-09-02 18:00:00+00:00,110661.8203125,110913.2265625,110209.7109375,110913.2265625,1680343040
2025-09-02 19:00:00+00:00,110691.515625,110831.34375,110477.3359375,110666.953125,707862528
2025-09-02 20:00:00+00:00,111404.5859375,111404.5859375,110771.65625,110780.9453125,0
2025-09-02 21:00:00+00:00,111195.28125,111520.5,111195.28125,111412.328125,0
2025-09-02 22:00:00+00:00,111231.90625,111231.90625,110887.0390625,111188.3203125,0
2025-09-02 23:00:00+00:00,111194.046875,111264.3203125,111037.8671875,111264.3203125,0
2025-09-03 00:00:00+00:00,111360.8125,111753.7890625,111220.8046875,111220.8046875,0
2025-09-03 01:00:00+00:00,111170.2578125,111398.796875,110917.2109375,111328.1171875,550445056
2025-09-03 02:00:00+00:00,111404.796875,111454.953125,111095.1328125,111182.1484375,0
2025-09-03 03:00:00+00:00,111066.8046875,111404.953125,110934.234375,111382.578125,0
2025-09-03 04:00:00+00:00,111033.609375,111114.46875,110866.5,111075.1875,0
2025-09-03 05:00:00+00:00,110710.3203125,111049.6640625,110697.703125,111035.484375,0
2025-09-03 06:00:00+00:00,110722.7265625,110846.0,110612.40625,110705.9296875,1127833600
2025-09-03 07:00:00+00:00,111106.625,111106.625,110593.75,110726.1875,0
2025-09-03 08:00:00+00:00,111003.421875,111264.015625,110994.609375,111105.78125,0
2025-09-03 09:00:00+00:00,111264.2890625,111280.796875,110911.609375,111017.2734375,0
2025-09-03 10:00:00+00:00,111452.21875,111459.6953125,111194.6953125,111317.734375,1138827264
2025-09-03 11:00:00+00:00,111481.59375,111677.0234375,111430.125,111450.9609375,0
2025-09-03 12:00:00+00:00,111149.4921875,111818.2578125,111091.890625,111477.34375,0
2025-09-03 13:00:00+00:00,111441.4765625,111843.203125,111124.6328125,111136.234375,0
2025-09-03 14:00:00+00:00,112325.359375,112500.1796875,111224.890625,111476.4375,0
2025-09-03 15:00:00+00:00,112241.46875,112381.546875,111969.3671875,112278.8515625,0
2025-09-03 16:00:00+00:00,111872.140625,112317.984375,111741.9765625,112238.2265625,0
2025-09-03 17:00:00+00:00,112337.8515625,112525.1015625,111873.9140625,111873.9140625,0
2025-09-03 18:00:00+00:00,112002.2265625,112526.0390625,111834.3203125,112340.1953125,910266368
2025-09-03 19:00:00+00:00,112226.90625,112226.90625,111804.046875,112028.9453125,0
2025-09-03 20:00:00+00:00,112231.0703125,112260.90625,112110.9765625,112244.5859375,0
2025-09-03 21:00:00+00:00,112009.5546875,112283.734375,111827.1015625,112227.2890625,0
2025-09-03 22:00:00+00:00,111972.9375,112181.65625,111888.078125,112021.640625,0
2025-09-03 23:00:00+00:00,111711.046875,112011.1640625,111688.9921875,111986.0859375,0
2025-09-04 00:00:00+00:00,112172.578125,112193.5859375,111674.84375,111744.234375,0
2025-09-04 01:00:00+00:00,111924.265625,112154.9765625,111726.640625,112154.9765625,17377939456
2025-09-04 02:00:00+00:00,111473.390625,112002.25,111472.7265625,111971.96875,0
2025-09-04 03:00:00+00:00,111217.6015625,111724.65625,111217.6015625,111491.375,0
2025-09-04 04:00:00+00:00,111071.1328125,111347.8515625,111071.1328125,111192.984375,25452544
2025-09-04 05:00:00+00:00,110663.5078125,110990.9296875,110653.1328125,110990.9296875,2135429120
2025-09-04 06:00:00+00:00,110435.484375,110741.96875,110348.5,110691.234375,0
2025-09-04 07:00:00+00:00,110547.7421875,110652.0625,110400.9375,110432.640625,603664384
2025-09-04 08:00:00+00:00,110671.84375,110857.4921875,110461.3671875,110512.90625,0
2025-09-04 09:00:00+00:00,110816.671875,110873.0859375,110671.8046875,110671.8046875,0
2025-09-04 10:00:00+00:00,110687.796875,111143.953125,110687.796875,110825.25,0
2025-09-04 11:00:00+00:00,110837.40625,111050.8203125,110657.265625,110685.0859375,0
2025-09-04 12:00:00+00:00,110975.234375,111119.59375,110605.734375,110849.5234375,1423966208
2025-09-04 13:00:00+00:00,110524.90625,110981.6328125,110296.2578125,110963.7265625,0
2025-09-04 14:00:00+00:00,109892.4921875,110512.9609375,109779.40625,110512.9609375,0
2025-09-04 15:00:00+00:00,109530.46875,109866.703125,109371.359375,109866.703125,343379968
2025-09-04 16:00:00+00:00,109437.9296875,109669.453125,109409.0859375,109523.4296875,190877696
2025-09-04 17:00:00+00:00,109814.0546875,109874.0625,109432.703125,109432.703125,799760384
2025-09-04 18:00:00+00:00,110018.34375,110193.546875,109753.7109375,109800.7578125,492523520
2025-09-04 19:00:00+00:00,109895.53125,110105.765625,109755.96875,109996.203125,348819456
2025-09-04 20:00:00+00:00,110356.1328125,110393.0859375,109844.3046875,109844.3046875,0
2025-09-04 21:00:00+00:00,110548.140625,110561.984375,110367.34375,110368.7734375,686153728
2025-09-04 22:00:00+00:00,111498.0546875,111498.0546875,110513.296875,110513.296875,0
2025-09-04 23:00:00+00:00,110732.3046875,111678.6015625,110621.0,111494.2890625,2002931712
2025-09-05 00:00:00+00:00,110494.9765625,110931.828125,110467.9453125,110729.4375,978141184
2025-09-05 01:00:00+00:00,111081.3203125,111091.078125,110477.34375,110496.21875,1242234880
2025-09-05 02:00:00+00:00,111379.1953125,111478.21875,111096.984375,111106.4375,637964288
2025-09-05 03:00:00+00:00,111305.1171875,111343.9609375,111128.6796875,111343.9609375,0
2025-09-05 04:00:00+00:00,111455.859375,111455.859375,111170.2421875,111303.3515625,0
2025-09-05 05:00:00+00:00,111594.609375,111698.046875,111426.578125,111454.8984375,317755392
2025-09-05 06:00:00+00:00,111859.859375,111859.859375,111543.453125,111589.1875,0
2025-09-05 07:00:00+00:00,112966.625,112978.6015625,111895.2890625,111895.2890625,3723489280
2025-09-05 08:00:00+00:00,112632.7734375,112967.1640625,112623.40625,112967.1640625,538128384
2025-09-05 09:00:00+00:00,112289.5625,112630.625,112157.6484375,112630.625,1059188736
2025-09-05 10:00:00+00:00,112251.5859375,112498.109375,112196.921875,112294.421875,0
2025-09-05 11:00:00+00:00,112341.5703125,112381.3046875,112149.3203125,112261.734375,0
2025-09-05 12:00:00+00:00,113149.515625,113283.8125,112309.8515625,112342.234375,3668733952
2025-09-05 13:00:00+00:00,113034.7265625,113266.09375,112829.0625,113224.96875,3800858624
2025-09-05 14:00:00+00:00,110607.890625,113064.015625,110566.109375,113064.015625,1527681024
2025-09-05 15:00:00+00:00,110702.4921875,111002.875,110376.859375,110558.9453125,3302883328
2025-09-05 16:00:00+00:00,110817.0234375,110929.4375,110558.0625,110719.3359375,0
2025-09-05 17:00:00+00:00,110602.2109375,110815.3515625,110238.5703125,110815.3515625,198053888
2025-09-05 18:00:00+00:00,111199.7265625,111281.484375,110587.9375,110613.5078125,829370368
2025-09-05 19:00:00+00:00,111528.140625,111528.140625,111171.6484375,111207.890625,259428352
2025-09-05 20:00:00+00:00,111607.9921875,111636.3671875,111362.9921875,111609.984375,0
2025-09-05 21:00:00+00:00,110656.4140625,111666.4296875,110608.625,111610.40625,751489024
2025-09-05 22:00:00+00:00,110857.2578125,110938.921875,110551.4296875,110638.703125,1063362560
2025-09-05 23:00:00+00:00,110649.296875,110842.7734375,110623.5078125,110840.6171875,0
2025-09-06 00:00:00+00:00,110797.7578125,110824.2421875,110574.765625,110652.1640625,0
2025-09-06 01:00:00+00:00,110875.328125,110910.296875,110755.9375,110787.890625,304758784
2025-09-06 02:00:00+00:00,111137.484375,111137.484375,110736.7109375,110878.3359375,0
2025-09-06 03:00:00+00:00,111058.125,111273.9609375,111025.109375,111168.21875,825393152
2025-09-06 04:00:00+00:00,110879.0859375,111071.171875,110787.1796875,111071.171875,0
2025-09-06 05:00:00+00:00,110718.0234375,110877.9296875,110699.9453125,110877.9296875,0
2025-09-06 06:00:00+00:00,110789.765625,110812.359375,110711.4453125,110727.96875,46432256
2025-09-06 07:00:00+00:00,110836.75,110842.8984375,110763.3046875,110772.8515625,0
2025-09-06 08:00:00+00:00,110945.8203125,110949.9140625,110772.1328125,110831.0546875,0
2025-09-06 09:00:00+00:00,110716.5703125,110938.875,110703.890625,110938.875,0
2025-09-06 10:00:00+00:00,110762.1484375,110784.9375,110686.8984375,110710.734375,0
2025-09-06 11:00:00+00:00,110789.0,110856.046875,110665.9375,110771.1796875,491196416
2025-09-06 12:00:00+00:00,110846.40625,110896.8671875,110761.7265625,110795.421875,0
2025-09-06 13:00:00+00:00,110917.984375,110917.984375,110839.5078125,110856.6796875,0
2025-09-06 14:00:00+00:00,110829.4140625,110993.1015625,110810.359375,110940.0625,0
2025-09-06 15:00:00+00:00,110488.421875,110851.734375,110416.796875,110824.1484375,0
2025-09-06 16:00:00+00:00,110280.65625,110430.78125,110094.4765625,110430.78125,1571016704
2025-09-06 17:00:00+00:00,110163.4140625,110290.6875,110028.703125,110290.6875,0
2025-09-06 18:00:00+00:00,110258.4375,110301.140625,110106.1171875,110164.71875,0
2025-09-06 19:00:00+00:00,110053.5546875,110281.9296875,110034.0234375,110245.4921875,0
2025-09-06 20:00:00+00:00,110156.0390625,110174.15625,110051.5859375,110056.1484375,0
2025-09-06 21:00:00+00:00,110229.203125,110255.25,110167.171875,110214.3125,0
2025-09-06 22:00:00+00:00,110183.8359375,110243.2109375,110137.90625,110229.875,0
2025-09-06 23:00:00+00:00,110225.75,110298.0625,110154.6875,110202.6328125,0
2025-09-07 00:00:00+00:00,110385.0859375,110385.0859375,110229.953125,110256.1640625,0
2025-09-07 01:00:00+00:00,110550.453125,110601.1796875,110355.53125,110384.5859375,217135104
2025-09-07 02:00:00+00:00,110683.2734375,110695.84375,110481.796875,110574.3828125,115441664
2025-09-07 03:00:00+00:00,110652.203125,110749.53125,110624.2265625,110679.2734375,618588160
2025-09-07 04:00:00+00:00,110582.6328125,110663.921875,110520.9375,110643.9375,0
2025-09-07 05:00:00+00:00,110675.0078125,110710.359375,110574.421875,110575.6640625,177319936
2025-09-07 06:00:00+00:00,110522.2265625,110669.578125,110522.2265625,110669.578125,172412928
2025-09-07 07:00:00+00:00,110727.1640625,110892.4296875,110510.875,110510.875,0
2025-09-07 08:00:00+00:00,111092.46875,111289.5078125,110744.1171875,110761.1953125,2547316736
2025-09-07 09:00:00+00:00,111096.421875,111253.71875,110945.609375,111095.7734375,0
2025-09-07 10:00:00+00:00,111152.0,111181.7734375,111054.421875,111123.703125,1143304192
2025-09-07 11:00:00+00:00,111246.515625,111269.6015625,111200.4375,111203.1796875,105789440
2025-09-07 12:00:00+00:00,111107.859375,111279.7890625,111079.3046875,111243.015625,0
2025-09-07 13:00:00+00:00,111205.328125,111217.1875,111056.15625,111116.4921875,104626176
2025-09-07 14:00:00+00:00,111130.5234375,111373.484375,111082.71875,111195.7578125,506914816
2025-09-07 15:00:00+00:00,111286.8125,111347.78125,111125.6015625,111139.7734375,471412736
2025-09-07 16:00:00+00:00,111229.4296875,111352.1875,111181.453125,111307.1171875,0
2025-09-07 17:00:00+00:00,110983.96875,111233.1640625,110933.453125,111217.984375,0
2025-09-07 18:00:00+00:00,111052.1484375,111057.2265625,110875.9609375,110974.9765625,905959424
2025-09-07 19:00:00+00:00,111255.8359375,111261.0546875,111044.0078125,111044.0078125,0
2025-09-07 20:00:00+00:00,111294.6953125,111319.2578125,111145.703125,111255.328125,986576896
2025-09-07 21:00:00+00:00,111082.7734375,111329.40625,111081.171875,111329.40625,25165824
2025-09-07 22:00:00+00:00,111277.328125,111326.4765625,111063.4453125,111082.4609375,247877632
2025-09-07 23:00:00+00:00,111146.4609375,111588.0,111119.3671875,111255.1796875,0
2025-09-08 00:00:00+00:00,110840.5390625,111283.84375,110840.5390625,111142.3828125,656431104
2025-09-08 01:00:00+00:00,110941.9609375,110964.6875,110741.2890625,110841.5859375,1305186304
2025-09-08 02:00:00+00:00,111204.9921875,111302.421875,110693.453125,110893.8359375,0
2025-09-08 03:00:00+00:00,111041.9765625,111342.140625,111041.9765625,111227.59375,1722718208
2025-09-08 04:00:00+00:00,110963.0625,111211.2109375,110959.328125,111039.375,0
2025-09-08 05:00:00+00:00,111049.8203125,111049.8203125,110911.1484375,110968.9375,816074752
2025-09-08 06:00:00+00:00,111131.03125,111187.25,110932.765625,111038.8125,131706880
2025-09-08 07:00:00+00:00,111271.1328125,111601.3515625,111121.09375,111121.09375,29904896
2025-09-08 08:00:00+00:00,111624.125,111817.59375,111265.1484375,111268.75,3246080
2025-09-08 09:00:00+00:00,112037.8828125,112037.8828125,111629.671875,111655.5625,0
2025-09-08 10:00:00+00:00,112031.0234375,112156.03125,111926.640625,112061.0390625,3455330304
2025-09-08 11:00:00+00:00,112068.1953125,112104.296875,111794.5625,112022.4765625,0
2025-09-08 12:00:00+00:00,112030.5390625,112114.2890625,111929.578125,112057.0546875,1166768128
2025-09-08 13:00:00+00:00,111938.5703125,112317.9375,111938.5703125,112033.6484375,2086508544
2025-09-08 14:00:00+00:00,112607.8984375,112724.6171875,111896.8359375,111896.8359375,1180610560
2025-09-08 15:00:00+00:00,112595.875,112854.5,112537.984375,112616.265625,2223353856
2025-09-08 16:00:00+00:00,112440.6796875,112642.3359375,112321.671875,112608.8203125,981393408
2025-09-08 17:00:00+00:00,112188.6171875,112516.2734375,112118.546875,112398.421875,0
2025-09-08 18:00:00+00:00,112474.921875,112474.921875,112207.5703125,112207.5703125,431095808
2025-09-08 19:00:00+00:00,112022.578125,112469.6171875,112022.578125,112469.6171875,491020288
2025-09-08 20:00:00+00:00,111993.96875,112126.1015625,111905.640625,112035.3203125,1482104832
2025-09-08 21:00:00+00:00,112291.1484375,112320.859375,111936.6796875,111975.5234375,0
2025-09-08 22:00:00+00:00,112239.0625,112452.875,112209.8671875,112314.0859375,34738176
2025-09-08 23:00:00+00:00,112068.1484375,112285.5234375,111991.3828125,112229.5390625,0
2025-09-09 00:00:00+00:00,111649.0546875,112074.9140625,111581.09375,112052.796875,353800192
2025-09-09 01:00:00+00:00,111407.5,111708.9765625,111322.21875,111647.34375,92106752
2025-09-09 02:00:00+00:00,111336.7890625,111409.453125,111154.515625,111381.1953125,172179456
2025-09-09 03:00:00+00:00,111703.9765625,111717.2265625,111273.8515625,111328.078125,0
2025-09-09 04:00:00+00:00,112034.1484375,112037.7890625,111644.59375,111700.046875,1832796160
2025-09-09 05:00:00+00:00,112203.765625,112206.6796875,111873.25,112022.1484375,0
2025-09-09 06:00:00+00:00,113026.8984375,113104.7109375,112186.3125,112199.828125,3608227840
2025-09-09 07:00:00+00:00,112989.015625,113217.2578125,112801.0078125,113025.5859375,746602496
2025-09-09 08:00:00+00:00,112951.1953125,113143.078125,112898.2109375,112991.265625,0
2025-09-09 09:00:00+00:00,112957.4140625,112997.0625,112909.7578125,112977.4296875,0
2025-09-09 10:00:00+00:00,112717.6640625,113015.3359375,112661.0390625,112935.2890625,0
2025-09-09 11:00:00+00:00,112523.546875,112809.8828125,112523.546875,112718.2109375,979988480
2025-09-09 12:00:00+00:00,112638.4140625,112806.9609375,112466.78125,112470.359375,452018176
2025-09-09 13:00:00+00:00,112732.890625,112881.1875,112534.609375,112668.09375,0
2025-09-09 14:00:00+00:00,111773.1796875,112783.640625,111567.359375,112748.78125,2480820224
2025-09-09 15:00:00+00:00,110944.890625,111781.921875,110791.4609375,111781.921875,1911250944
2025-09-09 16:00:00+00:00,110978.484375,111116.8359375,110815.9921875,110893.046875,584019968
2025-09-09 17:00:00+00:00,111039.015625,111181.2578125,110919.515625,110967.609375,0
2025-09-09 18:00:00+00:00,111169.3828125,111288.0859375,110987.4609375,111041.5390625,312508416
2025-09-09 19:00:00+00:00,111368.671875,111384.5625,111167.234375,111167.234375,57470976
2025-09-09 20:00:00+00:00,111501.578125,111501.578125,111121.6015625,111334.5234375,767508480
2025-09-09 21:00:00+00:00,111309.5078125,111697.6796875,111309.5078125,111502.65625,2927251456
2025-09-09 22:00:00+00:00,111551.9140625,111607.8203125,111298.3828125,111298.3828125,0
2025-09-09 23:00:00+00:00,111539.609375,111554.59375,111387.2109375,111554.59375,0
2025-09-10 00:00:00+00:00,110990.7421875,111541.515625,110990.7421875,111539.0625,893505536
2025-09-10 01:00:00+00:00,111007.0625,111184.9375,110943.1328125,110992.9609375,0
2025-09-10 02:00:00+00:00,111392.8671875,111535.8046875,111001.46875,111001.46875,56930304
2025-09-10 03:00:00+00:00,111502.8828125,111535.3046875,111372.8203125,111390.4453125,1102069760
2025-09-10 04:00:00+00:00,111553.984375,111598.234375,111434.921875,111518.578125,0
2025-09-10 05:00:00+00:00,111554.6171875,111665.0078125,111400.5859375,111530.640625,174059520
2025-09-10 06:00:00+00:00,111832.5234375,111935.40625,111427.4921875,111565.0078125,0
2025-09-10 07:00:00+00:00,112519.7109375,112523.78125,111800.625,111803.984375,2199670784
2025-09-10 08:00:00+00:00,112388.7421875,112786.7265625,112371.2109375,112527.6015625,2778734592
2025-09-10 09:00:00+00:00,112275.1484375,112392.1171875,112150.9296875,112373.2578125,0
2025-09-10 10:00:00+00:00,112289.03125,112402.6328125,112226.4921875,112270.421875,0
2025-09-10 11:00:00+00:00,112280.671875,112403.21875,112217.03125,112271.875,493449216
2025-09-10 12:00:00+00:00,113270.46875,113465.3671875,112297.1953125,112297.1953125,3406188544
2025-09-10 13:00:00+00:00,113965.6328125,114273.765625,113353.78125,113353.78125,4645933056
2025-09-10 14:00:00+00:00,113865.6015625,114272.484375,113845.796875,113978.34375,0
2025-09-10 15:00:00+00:00,113882.9921875,114091.578125,113775.65625,113895.7421875,0
2025-09-10 16:00:00+00:00,113736.421875,113888.1640625,113597.4453125,113873.4296875,704032768
2025-09-10 17:00:00+00:00,113737.1953125,114047.515625,113470.390625,113755.3203125,0
2025-09-10 18:00:00+00:00,113638.4765625,113866.7890625,113388.03125,113737.9765625,1260883968
2025-09-10 19:00:00+00:00,113526.3203125,113638.1328125,113182.9921875,113630.7890625,1463263232
2025-09-10 20:00:00+00:00,113643.0859375,113847.921875,113597.1171875,113597.1171875,109436928
2025-09-10 21:00:00+00:00,113817.8515625,113833.5703125,113631.1171875,113631.1171875,0
2025-09-10 22:00:00+00:00,113887.1328125,113987.9921875,113782.7421875,113845.25,0
2025-09-10 23:00:00+00:00,113926.6875,114024.8828125,113808.953125,113885.984375,1182875648
2025-09-11 00:00:00+00:00,113905.65625,113986.796875,113723.5390625,113963.09375,0
2025-09-11 01:00:00+00:00,113942.5390625,114085.4765625,113863.78125,113899.3359375,0
2025-09-11 02:00:00+00:00,113867.109375,113932.6796875,113745.4921875,113932.6796875,0
2025-09-11 03:00:00+00:00,114413.3515625,114413.3515625,113848.5625,113848.5625,0
2025-09-11 04:00:00+00:00,114142.3984375,114414.1328125,114118.7734375,114414.1328125,705150976
2025-09-11 05:00:00+00:00,114291.84375,114331.796875,113998.6640625,114150.4921875,99282944
2025-09-11 06:00:00+00:00,114405.6015625,114456.7578125,114110.953125,114289.390625,0
2025-09-11 07:00:00+00:00,114071.8046875,114370.3984375,113991.0,114370.3984375,0
2025-09-11 08:00:00+00:00,114067.03125,114177.046875,114012.5859375,114093.453125,0
2025-09-11 09:00:00+00:00,113860.0,114091.3828125,113796.6015625,114069.5234375,0
2025-09-11 10:00:00+00:00,114066.0,114101.171875,113885.390625,113885.390625,0
2025-09-11 11:00:00+00:00,114000.4453125,114079.3046875,113940.015625,114077.1953125,0
2025-09-11 12:00:00+00:00,113969.546875,114370.140625,113736.9765625,114017.7421875,0
2025-09-11 13:00:00+00:00,114680.28125,114680.28125,113477.2734375,113981.578125,0
2025-09-11 14:00:00+00:00,114509.71875,114634.171875,113948.765625,114634.171875,992927744
2025-09-11 15:00:00+00:00,114170.0,114688.921875,114046.375,114495.8046875,0
2025-09-11 16:00:00+00:00,114540.5390625,114586.1953125,114200.7578125,114200.7578125,1283981312
2025-09-11 17:00:00+00:00,114570.6015625,114597.015625,114382.9140625,114523.53125,0
2025-09-11 18:00:00+00:00,114306.1171875,114596.65625,114139.515625,114585.0625,0
2025-09-11 19:00:00+00:00,114501.234375,114501.234375,114238.8671875,114323.6640625,0
2025-09-11 20:00:00+00:00,114429.0078125,114495.859375,114276.1484375,114475.2578125,0
2025-09-11 21:00:00+00:00,114527.1171875,114538.3515625,114423.53125,114423.53125,0
2025-09-11 22:00:00+00:00,115180.265625,115268.078125,114491.3359375,114503.3203125,832286720
2025-09-11 23:00:00+00:00,115516.46875,115516.46875,115145.78125,115145.78125,297746432
2025-09-12 00:00:00+00:00,115954.1875,116313.515625,115479.90625,115509.0078125,2627772416
2025-09-12 01:00:00+00:00,115464.5703125,115975.6875,115440.8125,115892.6875,146116608
2025-09-12 02:00:00+00:00,115368.2734375,115660.1484375,115310.6328125,115451.421875,2361892864
2025-09-12 03:00:00+00:00,115220.484375,115411.6875,115094.921875,115386.390625,1117282304
2025-09-12 04:00:00+00:00,115396.28125,115506.7578125,115119.1796875,115212.5859375,270061568
2025-09-12 05:00:00+00:00,115644.3984375,115676.625,115366.28125,115399.4765625,0
2025-09-12 06:00:00+00:00,115339.8125,115635.3203125,115298.0703125,115615.4453125,1897570304
2025-09-12 07:00:00+00:00,115135.9921875,115407.453125,115132.8203125,115327.5234375,425377792
2025-09-12 08:00:00+00:00,115061.484375,115243.7265625,114998.703125,115137.4296875,1851052032
2025-09-12 09:00:00+00:00,115003.0234375,115127.859375,114886.8125,115068.0546875,0
2025-09-12 10:00:00+00:00,114993.8046875,115050.4453125,114978.4921875,115038.9140625,0
2025-09-12 11:00:00+00:00,114938.0546875,115136.171875,114930.9140625,114987.2265625,0
2025-09-12 12:00:00+00:00,115126.8046875,115176.8515625,114804.1484375,114950.421875,0
2025-09-12 13:00:00+00:00,115185.203125,115196.5,114880.484375,115079.5078125,0
2025-09-12 14:00:00+00:00,115274.1328125,115482.4609375,114915.75,115206.6953125,0
2025-09-12 15:00:00+00:00,115153.8828125,115293.8359375,114994.0546875,115293.8359375,257040384
2025-09-12 16:00:00+00:00,115496.796875,115496.796875,115111.78125,115143.40625,430469120
2025-09-12 17:00:00+00:00,115872.78125,115967.6875,115470.7890625,115494.78125,1036898304
2025-09-12 18:00:00+00:00,116507.125,116548.390625,115862.8828125,115868.046875,483684352
2025-09-12 19:00:00+00:00,116737.328125,116757.53125,116345.7109375,116518.3671875,4423929856
2025-09-12 20:00:00+00:00,116246.875,116742.59375,116075.5078125,116742.59375,1314820096
2025-09-12 21:00:00+00:00,115942.3984375,116228.8515625,115833.453125,116228.8515625,458739712
2025-09-12 22:00:00+00:00,116114.9375,116364.8203125,115944.0703125,115944.0703125,0
2025-09-12 23:00:00+00:00,116127.5,116217.0859375,116002.2890625,116090.5703125,0
2025-09-13 00:00:00+00:00,116312.78125,116324.7109375,116042.4609375,116104.3125,0
2025-09-13 01:00:00+00:00,115825.0546875,116319.5390625,115748.4140625,116270.375,0
2025-09-13 02:00:00+00:00,115936.828125,116028.3359375,115788.2578125,115828.2578125,0
2025-09-13 03:00:00+00:00,115982.34375,116037.6953125,115890.5234375,115937.9765625,90005504
2025-09-13 04:00:00+00:00,115766.4453125,115987.9375,115753.2734375,115987.9375,0
2025-09-13 05:00:00+00:00,115752.0859375,115864.71875,115736.8359375,115769.78125,0
2025-09-13 06:00:00+00:00,115784.3046875,115838.671875,115715.4765625,115756.9296875,0
2025-09-13 07:00:00+00:00,115848.1640625,115902.5078125,115739.1640625,115795.578125,0
2025-09-13 08:00:00+00:00,116034.0390625,116087.453125,115826.25,115837.9375,0
2025-09-13 09:00:00+00:00,116079.5859375,116079.5859375,115929.5703125,116032.1328125,0
2025-09-13 10:00:00+00:00,115995.7734375,116203.2109375,115993.609375,116030.7890625,1107873792
2025-09-13 11:00:00+00:00,116030.7734375,116053.453125,115947.9375,115992.0703125,0
2025-09-13 12:00:00+00:00,116054.7734375,116076.9140625,115918.9375,116035.7265625,0
2025-09-13 13:00:00+00:00,115833.890625,116062.9765625,115726.734375,116058.7890625,0
2025-09-13 14:00:00+00:00,115868.53125,116013.7265625,115687.0078125,115836.21875,141111296
2025-09-13 15:00:00+00:00,115805.0546875,115947.1328125,115651.375,115831.609375,0
2025-09-13 16:00:00+00:00,115382.09375,115854.96875,115343.2109375,115813.9296875,1044320256
2025-09-13 17:00:00+00:00,115611.921875,115631.1484375,115267.875,115384.9921875,0
2025-09-13 18:00:00+00:00,115662.40625,115704.1328125,115483.8046875,115593.953125,0
2025-09-13 19:00:00+00:00,115818.53125,115830.921875,115632.6484375,115678.78125,0
2025-09-13 20:00:00+00:00,115969.03125,115995.4296875,115834.5234375,115834.5234375,0
2025-09-13 21:00:00+00:00,115932.28125,116030.765625,115888.7890625,115962.671875,0
2025-09-13 22:00:00+00:00,115918.3515625,115967.0390625,115879.6171875,115912.09375,0
2025-09-13 23:00:00+00:00,115954.34375,116006.609375,115902.9140625,115916.5703125,0
2025-09-14 00:00:00+00:00,115980.40625,116058.015625,115887.109375,115973.2734375,0
2025-09-14 01:00:00+00:00,115998.7890625,116015.921875,115814.53125,115978.3671875,0
2025-09-14 02:00:00+00:00,115898.96875,116106.2109375,115822.8125,115996.0703125,635744256
2025-09-14 03:00:00+00:00,115703.71875,115906.484375,115703.71875,115906.484375,0
2025-09-14 04:00:00+00:00,115782.1640625,115789.3671875,115547.2421875,115726.7109375,0
2025-09-14 05:00:00+00:00,115922.703125,115962.1171875,115772.9453125,115796.4765625,14161920
2025-09-14 06:00:00+00:00,115778.2421875,115961.0390625,115764.203125,115926.9453125,0
2025-09-14 07:00:00+00:00,115861.3203125,115861.3203125,115761.8828125,115764.359375,1433866240
2025-09-14 08:00:00+00:00,115981.859375,116003.7734375,115801.0078125,115852.65625,691787776
2025-09-14 09:00:00+00:00,116103.0703125,116180.9765625,115953.5390625,115983.0546875,184264704
2025-09-14 10:00:00+00:00,116053.609375,116149.6484375,115990.265625,116098.6953125,0
2025-09-14 11:00:00+00:00,115822.6015625,116109.1328125,115811.2578125,116065.7578125,0
2025-09-14 12:00:00+00:00,115817.46875,115883.1640625,115717.1953125,115823.5625,1194657792
2025-09-14 13:00:00+00:00,115373.25,115806.78125,115271.9296875,115801.015625,0
2025-09-14 14:00:00+00:00,115422.3984375,115651.3046875,115267.8515625,115380.5390625,623876096
2025-09-14 15:00:00+00:00,115268.5859375,115462.40625,115266.046875,115447.71875,1299994624
2025-09-14 16:00:00+00:00,115494.1328125,115565.5625,115247.9375,115275.0234375,0
2025-09-14 17:00:00+00:00,115636.96875,115684.28125,115458.7578125,115508.515625,0
2025-09-14 18:00:00+00:00,115435.7734375,115621.703125,115424.640625,115621.703125,688816128
2025-09-14 19:00:00+00:00,115641.296875,115663.8671875,115392.5546875,115439.78125,0
2025-09-14 20:00:00+00:00,115851.6171875,115870.859375,115647.2890625,115647.2890625,0
2025-09-14 21:00:00+00:00,116003.96875,116125.625,115661.3984375,115847.1328125,333606912
2025-09-14 22:00:00+00:00,116065.3203125,116110.6640625,115891.1953125,116085.46875,284608512
2025-09-14 23:00:00+00:00,115400.28125,116053.8046875,115222.3984375,116053.8046875,0
2025-09-15 00:00:00+00:00,115079.078125,115377.84375,115044.1328125,115377.84375,871794688
2025-09-15 01:00:00+00:00,115210.203125,115327.71875,114914.4140625,115090.1484375,0
2025-09-15 02:00:00+00:00,115387.7734375,115483.9609375,115252.7578125,115252.7578125,918392832
2025-09-15 03:00:00+00:00,115557.875,115597.46875,115420.21875,115420.21875,0
2025-09-15 04:00:00+00:00,116072.3046875,116160.1328125,115443.796875,115498.6875,0
2025-09-15 05:00:00+00:00,116538.5625,116538.5625,116078.6328125,116081.90625,2606168064
2025-09-15 06:00:00+00:00,116156.4609375,116728.8046875,116113.703125,116552.7109375,978898944
2025-09-15 07:00:00+00:00,115852.203125,116371.4765625,115724.46875,116158.3203125,82448384
2025-09-15 08:00:00+00:00,114832.109375,115847.5078125,114787.7734375,115847.5078125,3977240576
2025-09-15 09:00:00+00:00,114923.2734375,115185.609375,114684.9765625,114799.9296875,3299057664
2025-09-15 10:00:00+00:00,114840.640625,114955.1953125,114783.5234375,114913.84375,992309248
2025-09-15 11:00:00+00:00,115141.7890625,115180.359375,114790.0546875,114818.375,0
2025-09-15 12:00:00+00:00,114742.5234375,115078.7421875,114733.15625,115078.7421875,2293567488
2025-09-15 13:00:00+00:00,114681.8125,115074.171875,114461.0625,114780.5234375,1657626624
2025-09-15 14:00:00+00:00,114753.9375,115052.34375,114498.03125,114663.7734375,1332846592
2025-09-15 15:00:00+00:00,114924.40625,114938.625,114473.515625,114713.421875,971124736
2025-09-15 16:00:00+00:00,114705.625,114962.4140625,114682.4609375,114908.6953125,405258240
2025-09-15 17:00:00+00:00,115040.7578125,115040.7578125,114692.5625,114693.5,408776704
2025-09-15 18:00:00+00:00,115331.7734375,115334.75,114931.359375,115113.3125,1208266752
2025-09-15 19:00:00+00:00,115306.9609375,115539.0546875,115013.609375,115313.0625,1210920960
2025-09-15 20:00:00+00:00,115338.6640625,115541.0390625,115254.5625,115320.3671875,727822336
2025-09-15 21:00:00+00:00,115518.28125,115550.703125,115315.859375,115373.796875,0
2025-09-15 22:00:00+00:00,115338.0234375,115614.8515625,115252.890625,115518.28125,0
2025-09-15 23:00:00+00:00,115442.625,115516.2109375,115279.65625,115305.875,1544253440
2025-09-16 00:00:00+00:00,115068.5625,115409.3046875,115013.296875,115409.3046875,0
2025-09-16 01:00:00+00:00,115062.1640625,115497.015625,115056.5234375,115123.3203125,0
2025-09-16 02:00:00+00:00,115058.359375,115233.25,115054.0234375,115054.0234375,0
2025-09-16 03:00:00+00:00,115396.15625,115466.3046875,115073.40625,115075.8984375,145477632
2025-09-16 04:00:00+00:00,115522.9375,115567.84375,115052.5390625,115373.046875,107380736
2025-09-16 05:00:00+00:00,115932.1796875,115939.734375,115502.984375,115530.953125,0
2025-09-16 06:00:00+00:00,115798.1328125,116063.2578125,115651.921875,115939.046875,0
2025-09-16 07:00:00+00:00,115793.6328125,115902.484375,115778.8515625,115882.0,0
2025-09-16 08:00:00+00:00,115666.703125,115977.1328125,115584.53125,115825.875,0
2025-09-16 09:00:00+00:00,115511.71875,115729.4921875,115503.3515625,115684.453125,0
2025-09-16 10:00:00+00:00,115396.5703125,115591.0234375,115396.5703125,115515.0078125,0
2025-09-16 11:00:00+00:00,115324.4921875,115454.9453125,115277.6484375,115397.921875,328523776
2025-09-16 12:00:00+00:00,115464.609375,115473.015625,115309.421875,115316.625,0
2025-09-16 13:00:00+00:00,115137.484375,115537.140625,114836.9765625,115447.28125,0
2025-09-16 14:00:00+00:00,115304.0703125,115304.109375,114878.1015625,115220.90625,811401216
2025-09-16 15:00:00+00:00,115817.6328125,115817.6328125,115046.9375,115290.765625,0
2025-09-16 16:00:00+00:00,116017.3515625,116017.3515625,115657.3125,115877.859375,1705508864
2025-09-16 17:00:00+00:00,116555.5,116899.6875,116050.34375,116050.34375,1819627520
2025-09-16 18:00:00+00:00,116439.640625,116802.0703125,116309.109375,116533.046875,95584256
2025-09-16 19:00:00+00:00,116838.1953125,116842.2265625,116452.859375,116452.859375,0
2025-09-16 20:00:00+00:00,116908.7734375,116927.453125,116779.5,116803.6875,25550848
2025-09-16 21:00:00+00:00,116888.015625,116984.7109375,116640.6015625,116898.9765625,1225736192
2025-09-16 22:00:00+00:00,116892.421875,117005.2734375,116747.9921875,116871.5703125,0
2025-09-16 23:00:00+00:00,116827.5,116961.046875,116686.5078125,116893.5,1131700224
2025-09-17 00:00:00+00:00,116648.71875,116850.6015625,116648.71875,116850.6015625,0
2025-09-17 01:00:00+00:00,116717.203125,116775.125,116632.46875,116654.0390625,0
2025-09-17 02:00:00+00:00,116802.546875,117077.015625,116651.21875,116716.921875,1038876672
2025-09-17 03:00:00+00:00,116496.1328125,116795.7109375,116478.84375,116795.7109375,0
2025-09-17 04:00:00+00:00,116388.203125,116530.171875,116224.40625,116461.4296875,0
2025-09-17 05:00:00+00:00,117205.8984375,117205.8984375,116367.6484375,116367.6484375,80977920
2025-09-17 06:00:00+00:00,117215.6171875,117234.984375,117049.3671875,117171.234375,1656107008
2025-09-17 07:00:00+00:00,117231.4375,117307.265625,117178.8125,117274.3359375,817156096
2025-09-17 08:00:00+00:00,116902.21875,117231.09375,116739.328125,117231.09375,0
2025-09-17 09:00:00+00:00,116637.7109375,116904.3671875,116630.0078125,116904.3671875,780918784
2025-09-17 10:00:00+00:00,116400.84375,116606.09375,116325.875,116592.453125,0
2025-09-17 11:00:00+00:00,116302.6484375,116413.953125,116302.6484375,116413.953125,2556227584
2025-09-17 12:00:00+00:00,116257.09375,116501.5078125,116161.5703125,116302.0625,0
2025-09-17 13:00:00+00:00,116137.4375,116338.8671875,115970.84375,116223.84375,0
2025-09-17 14:00:00+00:00,115657.4375,116268.796875,115546.03125,116155.5546875,1952952320
2025-09-17 15:00:00+00:00,115905.0703125,115905.0703125,115609.0,115645.0703125,53686272
2025-09-17 16:00:00+00:00,115677.8203125,115865.7578125,115477.0390625,115865.7578125,0
2025-09-17 17:00:00+00:00,116103.15625,116262.7109375,115636.0078125,115675.640625,0
2025-09-17 18:00:00+00:00,115236.6328125,116172.5234375,114794.9765625,116041.9609375,6476320768
2025-09-17 19:00:00+00:00,115696.234375,115984.5234375,115229.671875,115258.3125,5092921344
2025-09-17 20:00:00+00:00,115626.7265625,116168.828125,115578.453125,115729.7109375,0
2025-09-17 21:00:00+00:00,116094.5625,116161.3984375,115445.453125,115656.515625,1227915264
2025-09-17 22:00:00+00:00,116773.1875,116801.34375,116157.8046875,116157.8046875,214429696
2025-09-17 23:00:00+00:00,116466.671875,117002.515625,116421.2265625,116628.296875,714919936
2025-09-18 00:00:00+00:00,116363.171875,116486.8359375,116196.5625,116467.4296875,3101806592
2025-09-18 01:00:00+00:00,116739.9609375,116878.25,116369.84375,116370.6640625,0
2025-09-18 02:00:00+00:00,117002.390625,117002.390625,116523.6484375,116721.640625,0
2025-09-18 03:00:00+00:00,117653.3359375,117898.7734375,116986.59375,116986.59375,4003880960
2025-09-18 04:00:00+00:00,117569.375,117762.78125,117286.34375,117759.6640625,2583150592
2025-09-18 05:00:00+00:00,117239.3515625,117619.953125,117221.0546875,117619.953125,0
2025-09-18 06:00:00+00:00,117124.6796875,117310.1484375,116939.6484375,117310.1484375,114356224
2025-09-18 07:00:00+00:00,117099.4375,117205.953125,117084.09375,117104.359375,0
2025-09-18 08:00:00+00:00,117246.796875,117368.875,117052.8125,117105.71875,0
2025-09-18 09:00:00+00:00,117312.2109375,117351.1484375,117178.953125,117255.421875,904450048
2025-09-18 10:00:00+00:00,117168.03125,117338.6875,117116.8828125,117325.4921875,0
2025-09-18 11:00:00+00:00,117081.515625,117314.390625,117073.328125,117220.015625,0
2025-09-18 12:00:00+00:00,117174.1796875,117314.6875,117035.140625,117090.3984375,0
2025-09-18 13:00:00+00:00,117356.7109375,117640.875,117124.5625,117166.59375,0
2025-09-18 14:00:00+00:00,117701.359375,117852.9765625,117408.25,117408.25,1847939072
2025-09-18 15:00:00+00:00,117697.25,117697.25,117377.5390625,117686.8828125,455639040
2025-09-18 16:00:00+00:00,117610.421875,117827.921875,117581.7109375,117631.9296875,0
2025-09-18 17:00:00+00:00,117564.8828125,117756.9609375,117479.5703125,117616.2578125,0
2025-09-18 18:00:00+00:00,117861.9609375,117898.1640625,117570.8125,117570.8125,0
2025-09-18 19:00:00+00:00,117427.1640625,117858.265625,117236.7734375,117858.265625,0
2025-09-18 20:00:00+00:00,117583.5078125,117705.625,117402.9375,117486.6015625,0
2025-09-18 21:00:00+00:00,117379.0,117567.1640625,117370.7421875,117567.1640625,0
2025-09-18 22:00:00+00:00,117107.078125,117341.546875,117107.078125,117337.84375,0
2025-09-18 23:00:00+00:00,117134.8046875,117164.4296875,116696.75,116881.90625,0
2025-09-19 00:00:00+00:00,117412.0078125,117438.828125,117094.859375,117145.1953125,340508672
2025-09-19 01:00:00+00:00,117256.796875,117475.3515625,117180.2890625,117443.3203125,0
2025-09-19 02:00:00+00:00,117172.5234375,117323.4453125,117116.4140625,117274.7890625,0
2025-09-19 03:00:00+00:00,117009.984375,117321.5703125,116949.7578125,117173.84375,0
2025-09-19 04:00:00+00:00,117058.4453125,117126.15625,116780.1015625,117017.921875,0
2025-09-19 05:00:00+00:00,116950.359375,117038.8515625,116877.78125,117036.6328125,484921344
2025-09-19 06:00:00+00:00,116793.1171875,116950.0078125,116738.625,116950.0078125,0
2025-09-19 07:00:00+00:00,116967.1640625,117014.578125,116732.1640625,116732.1640625,195760128
2025-09-19 08:00:00+00:00,116972.2734375,117140.1640625,116960.078125,116967.28125,0
2025-09-19 09:00:00+00:00,116547.0859375,117014.3984375,116547.0859375,116975.6953125,15396864
2025-09-19 10:00:00+00:00,116596.1015625,116598.3203125,116502.2109375,116556.4609375,1131405312
2025-09-19 11:00:00+00:00,116426.0390625,116599.65625,116370.609375,116599.65625,0
2025-09-19 12:00:00+00:00,116210.609375,116524.375,116204.4296875,116452.109375,1420275712
2025-09-19 13:00:00+00:00,116360.90625,116470.6640625,116117.1640625,116209.2734375,0
2025-09-19 14:00:00+00:00,115926.796875,116482.2734375,115865.28125,116332.7734375,0
2025-09-19 15:00:00+00:00,115936.1796875,115997.890625,115558.5390625,115934.796875,594272256
2025-09-19 16:00:00+00:00,116126.671875,116161.7421875,115859.7265625,115938.2734375,585625600
2025-09-19 17:00:00+00:00,115620.453125,116141.796875,115618.453125,116141.796875,0
2025-09-19 18:00:00+00:00,115443.84375,115657.453125,115442.953125,115605.015625,501399552
2025-09-19 19:00:00+00:00,115209.8828125,115507.4375,115179.890625,115457.90625,0
2025-09-19 20:00:00+00:00,115342.609375,115468.5234375,115163.265625,115175.921875,1095151616
2025-09-19 21:00:00+00:00,115526.75,115574.9921875,115358.6640625,115368.515625,0
2025-09-19 22:00:00+00:00,115655.7421875,115694.890625,115521.1171875,115522.828125,314523648
2025-09-19 23:00:00+00:00,115682.671875,115682.671875,115525.921875,115671.0078125,0
2025-09-20 00:00:00+00:00,115772.796875,115775.0234375,115635.7578125,115692.296875,0
2025-09-20 01:00:00+00:00,115738.84375,115772.1953125,115668.171875,115772.1953125,361943040
2025-09-20 02:00:00+00:00,115657.40625,115696.9765625,115526.171875,115696.9765625,0
2025-09-20 03:00:00+00:00,115522.9140625,115670.8984375,115492.8984375,115659.546875,0
2025-09-20 04:00:00+00:00,115608.515625,115640.8203125,115488.640625,115524.921875,0
2025-09-20 05:00:00+00:00,115776.7109375,115778.4765625,115579.453125,115621.5546875,0
2025-09-20 06:00:00+00:00,115766.5703125,115777.109375,115707.5,115768.3125,172417024
2025-09-20 07:00:00+00:00,116007.2421875,116045.046875,115755.953125,115760.4140625,0
2025-09-20 08:00:00+00:00,115828.8359375,116022.3203125,115820.546875,116021.7734375,634980352
2025-09-20 09:00:00+00:00,115726.609375,115842.578125,115718.8046875,115784.2890625,0
2025-09-20 10:00:00+00:00,115784.9453125,115862.25,115720.203125,115720.203125,189151232
2025-09-20 11:00:00+00:00,115955.46875,115982.546875,115803.78125,115803.78125,0
2025-09-20 12:00:00+00:00,115938.71875,115999.328125,115865.8046875,115952.671875,0
2025-09-20 13:00:00+00:00,115969.9140625,116012.0703125,115905.234375,115938.6171875,0
2025-09-20 14:00:00+00:00,116044.1484375,116091.0390625,115934.5234375,115966.765625,0
2025-09-20 15:00:00+00:00,116035.3828125,116180.5234375,116021.6171875,116030.6796875,0
2025-09-20 16:00:00+00:00,116101.015625,116127.0546875,115930.9296875,116037.046875,0
2025-09-20 17:00:00+00:00,115901.4375,116130.8203125,115877.3671875,116121.2109375,0
2025-09-20 18:00:00+00:00,115783.5625,115897.96875,115776.2265625,115897.96875,23228416
2025-09-20 19:00:00+00:00,115790.46875,115874.7890625,115769.09375,115783.4765625,0
2025-09-20 20:00:00+00:00,115840.140625,115869.9296875,115755.96875,115775.234375,0
2025-09-20 21:00:00+00:00,115846.9140625,115999.984375,115806.6484375,115806.6484375,11997184
2025-09-20 22:00:00+00:00,115847.4765625,115866.875,115807.3984375,115863.546875,90370048
2025-09-20 23:00:00+00:00,115724.0234375,115845.046875,115683.046875,115845.046875,0
2025-09-21 00:00:00+00:00,115723.4921875,115785.5546875,115622.875,115732.8046875,0
2025-09-21 01:00:00+00:00,115581.90625,115711.5703125,115573.4765625,115711.5703125,40093696
2025-09-21 02:00:00+00:00,115740.890625,115745.828125,115536.5078125,115587.2265625,0
2025-09-21 03:00:00+00:00,115710.53125,115768.515625,115681.9453125,115737.9609375,24522752
2025-09-21 04:00:00+00:00,115593.734375,115745.9375,115560.2109375,115745.9375,909469696
2025-09-21 05:00:00+00:00,115694.1640625,115709.3984375,115562.78125,115576.1171875,0
2025-09-21 06:00:00+00:00,115758.40625,115860.1875,115718.015625,115718.015625,1094483968
2025-09-21 07:00:00+00:00,115867.5859375,115871.125,115690.875,115767.65625,0
2025-09-21 08:00:00+00:00,115688.3203125,115898.25,115643.8046875,115879.21875,844255232
2025-09-21 09:00:00+00:00,115780.6484375,115780.6484375,115433.453125,115698.3046875,429182976
2025-09-21 10:00:00+00:00,115584.703125,115782.7109375,115566.9609375,115754.453125,0
2025-09-21 11:00:00+00:00,115668.5234375,115779.265625,115578.84375,115578.84375,550619136
2025-09-21 12:00:00+00:00,115763.4453125,115818.8984375,115668.546875,115669.6328125,42502144
2025-09-21 13:00:00+00:00,115722.6953125,115825.4609375,115692.03125,115770.140625,0
2025-09-21 14:00:00+00:00,115580.234375,115759.3203125,115580.234375,115716.3671875,0
2025-09-21 15:00:00+00:00,115609.6875,115665.9296875,115542.9765625,115563.40625,264302592
2025-09-21 16:00:00+00:00,115329.734375,115604.6171875,115300.2890625,115599.875,0
2025-09-21 17:00:00+00:00,115694.828125,115700.5625,115354.03125,115406.6171875,0
2025-09-21 18:00:00+00:00,115592.171875,115705.8515625,115589.859375,115691.8046875,0
2025-09-21 19:00:00+00:00,115562.171875,115592.9375,115400.6484375,115586.6953125,0
2025-09-21 20:00:00+00:00,115445.9453125,115572.4765625,115421.5390625,115572.4765625,722116608
2025-09-21 21:00:00+00:00,115467.203125,115476.2578125,115311.7265625,115432.6171875,0
2025-09-21 22:00:00+00:00,115599.71875,115613.7890625,115257.2890625,115457.2578125,0
2025-09-21 23:00:00+00:00,115300.796875,115590.4921875,115267.8671875,115590.4921875,1443393536
2025-09-22 00:00:00+00:00,114612.15625,115430.6328125,114457.640625,115270.71875,2228819968
2025-09-22 01:00:00+00:00,114324.4375,114805.984375,114324.4375,114428.3984375,1944289280
2025-09-22 02:00:00+00:00,114319.125,114627.2421875,114280.0625,114329.328125,2189946880
2025-09-22 03:00:00+00:00,114676.9453125,114687.7578125,114293.6953125,114293.6953125,1662474240
2025-09-22 04:00:00+00:00,114481.8828125,114695.0234375,114480.5390625,114694.671875,0
2025-09-22 05:00:00+00:00,114321.5625,114596.9921875,114321.5625,114492.203125,1799987200
2025-09-22 06:00:00+00:00,112948.8203125,114345.4296875,112227.046875,114345.4296875,10205136896
2025-09-22 07:00:00+00:00,112604.6171875,113062.2421875,112583.984375,112905.34375,4135231488
2025-09-22 08:00:00+00:00,112745.09375,112838.53125,112569.5703125,112590.234375,2498842624
2025-09-22 09:00:00+00:00,112396.7578125,112749.0703125,112262.65625,112725.765625,1225289728
2025-09-22 10:00:00+00:00,112886.2890625,112927.8359375,112387.96875,112426.1796875,1177288704
2025-09-22 11:00:00+00:00,112946.9609375,113021.0,112776.0390625,112875.921875,2166988800
2025-09-22 12:00:00+00:00,112832.9921875,112956.3359375,112613.53125,112956.3359375,1260453888
2025-09-22 13:00:00+00:00,113090.1875,113090.1875,112502.59375,112838.21875,2129326080
2025-09-22 14:00:00+00:00,113017.5859375,113483.96875,112893.859375,113221.5546875,2786701312
2025-09-22 15:00:00+00:00,112926.9609375,113083.5546875,112663.0546875,113014.7890625,1724276736
2025-09-22 16:00:00+00:00,112710.953125,112951.125,112700.7734375,112909.296875,1453711360
2025-09-22 17:00:00+00:00,112448.5859375,112708.8359375,112352.8359375,112695.734375,1433153536
2025-09-22 18:00:00+00:00,112519.1484375,112884.59375,112442.59375,112454.7578125,160772096
2025-09-22 19:00:00+00:00,112236.9921875,112669.1953125,112066.0,112527.5078125,1745903616
2025-09-22 20:00:00+00:00,112929.21875,112980.7421875,112098.09375,112184.2890625,2605142016
2025-09-22 21:00:00+00:00,113032.1015625,113032.1015625,112708.0859375,112847.5546875,1182425088
2025-09-22 22:00:00+00:00,112743.25,113055.1171875,112691.4609375,113055.1171875,1122893824
2025-09-22 23:00:00+00:00,112734.46875,112811.53125,112691.53125,112740.4765625,0
2025-09-23 00:00:00+00:00,112514.1484375,112890.109375,112500.96875,112771.75,0
2025-09-23 01:00:00+00:00,112252.03125,112591.7421875,112252.03125,112503.6328125,0
2025-09-23 02:00:00+00:00,111970.1171875,112563.8359375,111907.6796875,112252.75,0
2025-09-23 03:00:00+00:00,112370.6875,112488.390625,111605.90625,111976.390625,2329772032
2025-09-23 04:00:00+00:00,112501.3046875,112550.8671875,111965.390625,112439.0234375,633769984
2025-09-23 05:00:00+00:00,112772.0859375,112941.15625,112517.0,112524.21875,0
2025-09-23 06:00:00+00:00,113074.9140625,113098.78125,112702.2265625,112731.0859375,0
2025-09-23 07:00:00+00:00,113151.25,113151.25,112971.171875,113057.53125,0
2025-09-23 08:00:00+00:00,113181.203125,113227.328125,113025.890625,113150.4296875,0
2025-09-23 09:00:00+00:00,113021.3671875,113316.75,112961.5546875,113182.0078125,0
2025-09-23 10:00:00+00:00,113030.3046875,113050.5703125,112915.1875,113019.640625,38658048
2025-09-23 11:00:00+00:00,113020.6484375,113123.265625,112782.3046875,113027.4765625,0
2025-09-23 12:00:00+00:00,112989.375,113093.6484375,112891.875,113038.796875,292044800
2025-09-23 13:00:00+00:00,113000.0625,113049.1015625,112809.84375,112987.234375,0
2025-09-23 14:00:00+00:00,112716.40625,113288.65625,112668.109375,112997.53125,0
2025-09-23 15:00:00+00:00,112915.5625,113106.1484375,112557.15625,112721.2421875,0
2025-09-23 16:00:00+00:00,112882.3671875,113008.765625,112572.2265625,112926.6875,0
2025-09-23 17:00:00+00:00,111977.84375,112875.7578125,111930.765625,112875.7578125,548802560
2025-09-23 18:00:00+00:00,111830.703125,112219.7109375,111746.3984375,111975.4765625,1638342656
2025-09-23 19:00:00+00:00,111654.03125,111995.03125,111599.8203125,111800.4296875,0
2025-09-23 20:00:00+00:00,111967.96875,111967.96875,111567.359375,111676.875,0
2025-09-23 21:00:00+00:00,112178.9296875,112209.109375,111943.09375,112040.546875,0
2025-09-23 22:00:00+00:00,112180.2109375,112238.7890625,112039.1015625,112176.6484375,628879360
2025-09-23 23:00:00+00:00,112003.8515625,112250.734375,111920.1171875,112189.1171875,0
2025-09-24 00:00:00+00:00,112260.3359375,112351.09375,111867.4921875,112017.4375,230150144
2025-09-24 01:00:00+00:00,112448.953125,112504.0625,112200.640625,112244.8984375,154763264
2025-09-24 02:00:00+00:00,112187.046875,112496.875,112007.4296875,112454.140625,0
2025-09-24 03:00:00+00:00,111758.4921875,112238.2578125,111755.1015625,112137.5,849342464
2025-09-24 04:00:00+00:00,112163.609375,112350.65625,111384.296875,111757.7734375,2139701248
2025-09-24 05:00:00+00:00,112672.0390625,112672.0390625,112181.328125,112196.5234375,0
2025-09-24 06:00:00+00:00,112621.671875,112801.765625,112579.5625,112660.2109375,0
2025-09-24 07:00:00+00:00,112557.390625,112765.9609375,112498.640625,112627.4921875,0
2025-09-24 08:00:00+00:00,112644.3515625,112644.3515625,112449.640625,112590.59375,0
2025-09-24 09:00:00+00:00,112764.0625,112804.8125,112520.515625,112636.984375,0
2025-09-24 10:00:00+00:00,112922.671875,112923.4609375,112695.1015625,112750.4765625,565067776
2025-09-24 11:00:00+00:00,113059.296875,113186.7890625,112933.546875,112956.390625,806293504
2025-09-24 12:00:00+00:00,113071.125,113124.984375,112982.234375,113054.8203125,0
2025-09-24 13:00:00+00:00,112861.53125,113225.4765625,112861.53125,113088.1484375,0
2025-09-24 14:00:00+00:00,113775.1875,113887.015625,112853.421875,112853.421875,784695296
2025-09-24 15:00:00+00:00,113425.5,113908.0625,113337.796875,113755.7265625,1738788864
2025-09-24 16:00:00+00:00,113755.84375,113775.875,113225.6953125,113368.5625,0
2025-09-24 17:00:00+00:00,113806.8671875,113981.8984375,113678.5390625,113773.8515625,0
2025-09-24 18:00:00+00:00,113678.328125,113846.3125,113589.640625,113797.8359375,0
2025-09-24 19:00:00+00:00,113483.6640625,113722.1640625,113340.6640625,113681.4296875,0
2025-09-24 20:00:00+00:00,113598.1484375,113657.953125,113475.46875,113494.3046875,9334784
2025-09-24 21:00:00+00:00,113366.171875,113644.4140625,113366.171875,113587.90625,19275776
2025-09-24 22:00:00+00:00,113373.125,113686.2421875,113317.515625,113383.7109375,0
2025-09-24 23:00:00+00:00,113348.765625,113462.3671875,113254.0078125,113373.46875,1158451200
2025-09-25 00:00:00+00:00,113096.4921875,113540.625,113044.078125,113340.0625,0
2025-09-25 01:00:00+00:00,112662.015625,113354.125,112538.75,113090.7109375,2132467712
2025-09-25 02:00:00+00:00,112929.203125,113163.609375,112568.4765625,112688.9140625,179032064
2025-09-25 03:00:00+00:00,112568.765625,112928.46875,112407.734375,112928.46875,0
2025-09-25 04:00:00+00:00,111713.3046875,112606.0390625,111653.546875,112542.5859375,767160320
2025-09-25 05:00:00+00:00,111763.1171875,112012.3203125,111663.9140625,111763.9375,1195466752
2025-09-25 06:00:00+00:00,111535.8515625,111822.75,111535.8515625,111747.2734375,0
2025-09-25 07:00:00+00:00,111778.8203125,111888.21875,111525.8828125,111553.734375,682536960
2025-09-25 08:00:00+00:00,111750.6953125,112057.515625,111750.6953125,111781.4609375,338968576
2025-09-25 09:00:00+00:00,111629.6640625,112214.4765625,111629.6640625,111766.2265625,1918844928
2025-09-25 10:00:00+00:00,111677.4609375,111875.359375,111576.5703125,111608.7265625,277835776
2025-09-25 11:00:00+00:00,111380.2109375,111736.7578125,111380.2109375,111681.0234375,0
2025-09-25 12:00:00+00:00,111220.3046875,111657.9609375,111220.3046875,111378.28125,2555887616
2025-09-25 13:00:00+00:00,110917.4375,111687.3203125,110710.015625,111153.90625,5079621632
2025-09-25 14:00:00+00:00,111609.25,111757.7265625,111013.71875,111013.71875,413810688
2025-09-25 15:00:00+00:00,111532.453125,111616.96875,110947.296875,111613.4921875,0
2025-09-25 16:00:00+00:00,111011.484375,111695.0546875,110954.71875,111594.4453125,0
2025-09-25 17:00:00+00:00,108936.5546875,110988.3125,108936.5546875,110988.3125,5719007232
2025-09-25 18:00:00+00:00,109823.4609375,109823.4609375,108725.28125,108859.0,3803521024
2025-09-25 19:00:00+00:00,109417.9296875,109976.625,109370.796875,109911.6015625,2790850560
2025-09-25 20:00:00+00:00,109130.3125,109487.1328125,109102.21875,109351.2109375,1708900352
2025-09-25 21:00:00+00:00,109480.6640625,109688.109375,109131.7265625,109287.6875,418340864
2025-09-25 22:00:00+00:00,109464.2421875,109595.984375,109326.28125,109461.984375,0
2025-09-25 23:00:00+00:00,109050.71875,109690.1328125,108948.1015625,109471.609375,836878336
2025-09-26 00:00:00+00:00,109520.125,109569.6875,108919.4375,109014.1015625,904896512
2025-09-26 01:00:00+00:00,109710.296875,109799.578125,109388.3203125,109525.078125,0
2025-09-26 02:00:00+00:00,109657.5859375,109835.8125,109581.1875,109724.015625,0
2025-09-26 03:00:00+00:00,109632.96875,109668.546875,109365.3984375,109668.546875,0
2025-09-26 04:00:00+00:00,109384.125,109652.640625,109299.96875,109634.6875,0
2025-09-26 05:00:00+00:00,109318.796875,109633.0703125,109156.75,109392.375,0
2025-09-26 06:00:00+00:00,109396.375,109684.1171875,109135.7734375,109315.0859375,0
2025-09-26 07:00:00+00:00,109342.9296875,109652.8046875,109032.390625,109420.515625,4756365312
2025-09-26 08:00:00+00:00,109612.8828125,109689.234375,109456.859375,109467.203125,1085186048
2025-09-26 09:00:00+00:00,109613.8359375,109770.34375,109496.390625,109616.6796875,0
2025-09-26 10:00:00+00:00,108968.0703125,109630.921875,108865.8203125,109630.921875,473341952
2025-09-26 11:00:00+00:00,109177.6875,109249.4375,108754.2578125,108998.09375,339812352
2025-09-26 12:00:00+00:00,109468.640625,109584.671875,108899.8671875,109149.6328125,0
2025-09-26 13:00:00+00:00,109744.421875,109783.3046875,109110.8046875,109435.3203125,0
2025-09-26 14:00:00+00:00,108884.171875,109770.90625,108884.171875,109770.90625,1357930496
2025-09-26 15:00:00+00:00,109108.59375,109393.5625,108891.3046875,108891.3046875,0
2025-09-26 16:00:00+00:00,109500.84375,109665.4921875,109073.8046875,109073.8046875,0
2025-09-26 17:00:00+00:00,109903.2734375,110034.6953125,109453.96875,109512.5234375,0
2025-09-26 18:00:00+00:00,109832.65625,110340.0390625,109832.65625,109968.640625,0
2025-09-26 19:00:00+00:00,109220.7109375,109797.53125,109103.9296875,109797.53125,0
2025-09-26 20:00:00+00:00,109359.8359375,109359.8359375,109161.703125,109237.96875,0
2025-09-26 21:00:00+00:00,109560.875,109569.890625,109268.84375,109357.3125,0
2025-09-26 22:00:00+00:00,109600.4609375,109668.1953125,109432.515625,109519.109375,254251008
2025-09-26 23:00:00+00:00,109716.9140625,109720.859375,109506.0234375,109613.125,0
2025-09-27 00:00:00+00:00,109644.4765625,109703.78125,109546.03125,109702.3671875,461611008
2025-09-27 01:00:00+00:00,109475.515625,109703.34375,109418.6953125,109691.515625,0
2025-09-27 02:00:00+00:00,109468.6484375,109529.1171875,109399.9765625,109499.6328125,0
2025-09-27 03:00:00+00:00,109595.734375,109772.25,109479.5546875,109479.5546875,0
2025-09-27 04:00:00+00:00,109707.859375,109758.765625,109595.3125,109597.8203125,633298944
2025-09-27 05:00:00+00:00,109690.2265625,109731.0859375,109659.5859375,109709.3125,0
2025-09-27 06:00:00+00:00,109595.2578125,109675.4453125,109563.7578125,109658.1875,0
2025-09-27 07:00:00+00:00,109453.53125,109625.1640625,109393.5625,109599.28125,0
2025-09-27 08:00:00+00:00,109328.6875,109444.7265625,109316.0234375,109444.7265625,0
2025-09-27 09:00:00+00:00,109358.0546875,109391.921875,109160.3515625,109323.671875,0
2025-09-27 10:00:00+00:00,109492.4765625,109504.015625,109322.7890625,109355.65625,0
2025-09-27 11:00:00+00:00,109351.46875,109486.046875,109331.9921875,109479.359375,0
2025-09-27 12:00:00+00:00,109491.625,109491.625,109289.09375,109350.15625,0
2025-09-27 13:00:00+00:00,109390.0546875,109456.3515625,109380.6015625,109456.3515625,0
2025-09-27 14:00:00+00:00,109331.796875,109413.671875,109314.875,109372.265625,0
2025-09-27 15:00:00+00:00,109434.171875,109462.671875,109273.2109375,109329.203125,0
2025-09-27 16:00:00+00:00,109427.1796875,109445.1640625,109386.5859375,109418.5703125,0
2025-09-27 17:00:00+00:00,109423.7109375,109423.7109375,109306.4375,109416.078125,0
2025-09-27 18:00:00+00:00,109476.515625,109476.515625,109404.171875,109433.75,0
2025-09-27 19:00:00+00:00,109464.71875,109476.5859375,109433.0859375,109462.8828125,0
2025-09-27 20:00:00+00:00,109446.0625,109473.125,109407.6796875,109473.125,0
2025-09-27 21:00:00+00:00,109492.390625,109516.171875,109435.0625,109440.53125,0
2025-09-27 22:00:00+00:00,109649.1875,109749.3359375,109495.9375,109495.9375,0
2025-09-27 23:00:00+00:00,109663.03125,109709.1484375,109510.5703125,109643.1015625,0
2025-09-28 00:00:00+00:00,109678.78125,109807.171875,109611.7890625,109687.5703125,900919296
2025-09-28 01:00:00+00:00,109411.453125,109688.4921875,109408.75,109661.9375,0
2025-09-28 02:00:00+00:00,109493.9921875,109563.828125,109406.2109375,109417.7578125,840380416
2025-09-28 03:00:00+00:00,109487.4765625,109554.7421875,109468.5,109489.7890625,0
2025-09-28 04:00:00+00:00,109421.5859375,109507.7734375,109419.0078125,109484.078125,0
2025-09-28 05:00:00+00:00,109401.234375,109456.5234375,109389.5703125,109417.09375,0
2025-09-28 06:00:00+00:00,109449.2109375,109460.21875,109338.0703125,109387.1171875,0
2025-09-28 07:00:00+00:00,109539.3828125,109560.71875,109404.40625,109446.8984375,0
2025-09-28 08:00:00+00:00,109563.2734375,109599.5546875,109515.9453125,109581.1328125,0
2025-09-28 09:00:00+00:00,109549.2109375,109575.5859375,109424.2890625,109575.5859375,0
2025-09-28 10:00:00+00:00,109400.2734375,109552.2109375,109397.203125,109552.2109375,0
2025-09-28 11:00:00+00:00,109434.8125,109434.8125,109298.015625,109400.7421875,1138212864
2025-09-28 12:00:00+00:00,109365.7421875,109471.78125,109240.3125,109418.65625,0
2025-09-28 13:00:00+00:00,109671.0234375,109687.21875,109341.203125,109341.203125,0
2025-09-28 14:00:00+00:00,109876.0703125,109876.0703125,109565.421875,109659.5,880443392
2025-09-28 15:00:00+00:00,110062.9609375,110062.9609375,109758.203125,109880.734375,1285713920
2025-09-28 16:00:00+00:00,110223.2109375,110392.28125,110035.0546875,110064.65625,291328000
2025-09-28 17:00:00+00:00,110252.1015625,110379.0703125,110188.8203125,110242.796875,1427929088
2025-09-28 18:00:00+00:00,110293.828125,110293.828125,110111.1796875,110235.0546875,178468864
2025-09-28 19:00:00+00:00,110351.71875,110393.2109375,110146.8046875,110301.8984375,99454976
2025-09-28 20:00:00+00:00,110843.125,110974.6171875,110338.28125,110366.7578125,625975296
2025-09-28 21:00:00+00:00,110774.453125,110907.671875,110670.2578125,110835.0703125,1332209664
2025-09-28 22:00:00+00:00,111936.53125,112013.0546875,110958.984375,110958.984375,347123712
2025-09-28 23:00:00+00:00,112116.046875,112364.7890625,111952.4921875,111952.4921875,4481271808
2025-09-29 00:00:00+00:00,112276.5625,112325.0234375,112045.8984375,112201.1640625,317351936
2025-09-29 01:00:00+00:00,111834.0078125,112345.6953125,111783.0625,112284.9609375,934244352
2025-09-29 02:00:00+00:00,111779.390625,111987.15625,111670.484375,111884.4375,2288091136
2025-09-29 03:00:00+00:00,111856.875,111882.6015625,111645.9296875,111775.0,0
2025-09-29 04:00:00+00:00,111868.34375,111927.453125,111799.546875,111881.34375,1577373696
2025-09-29 05:00:00+00:00,111776.296875,111857.734375,111651.6640625,111857.734375,116981760
2025-09-29 06:00:00+00:00,111697.1171875,111857.3203125,111674.0234375,111789.5859375,1698099200
2025-09-29 07:00:00+00:00,111864.265625,111870.6640625,111608.578125,111681.8828125,944238592
2025-09-29 08:00:00+00:00,112147.2578125,112372.40625,111880.7578125,111880.7578125,1866715136
2025-09-29 09:00:00+00:00,112127.2265625,112204.25,112045.28125,112124.9453125,2199482368
2025-09-29 10:00:00+00:00,112168.34375,112257.7265625,112065.171875,112134.5703125,884744192
2025-09-29 11:00:00+00:00,112139.6484375,112141.5,111966.0078125,112138.640625,0
2025-09-29 12:00:00+00:00,112039.7421875,112401.78125,112022.21875,112128.0234375,968675328
2025-09-29 13:00:00+00:00,113375.4453125,113480.6484375,111969.1171875,112054.6640625,3476328448
2025-09-29 14:00:00+00:00,114174.5703125,114284.34375,113281.65625,113290.5390625,5682839552
2025-09-29 15:00:00+00:00,113873.5390625,114153.0859375,113787.96875,114093.703125,1020358656
2025-09-29 16:00:00+00:00,113686.0625,114080.484375,113686.0625,113862.5625,657666048
2025-09-29 17:00:00+00:00,114140.9296875,114193.15625,113550.125,113676.6796875,1377460224
2025-09-29 18:00:00+00:00,114104.7421875,114189.5,113937.6796875,114119.4296875,1064841216
2025-09-29 19:00:00+00:00,114370.828125,114370.828125,113960.75,114088.0390625,609976320
2025-09-29 20:00:00+00:00,114317.078125,114459.59375,114200.4609375,114300.7109375,2431823872
2025-09-29 21:00:00+00:00,114278.234375,114405.8125,114156.671875,114330.546875,184532992
2025-09-29 22:00:00+00:00,114224.6015625,114257.03125,114091.0234375,114255.1953125,0
2025-09-29 23:00:00+00:00,114379.546875,114405.1796875,114223.3359375,114223.3359375,0
2025-09-30 00:00:00+00:00,114610.3828125,114788.0703125,114142.3984375,114389.28125,114614272
2025-09-30 01:00:00+00:00,114420.625,114800.2578125,114372.21875,114566.8984375,0
2025-09-30 02:00:00+00:00,114504.9453125,114655.03125,114442.0078125,114577.9296875,352444416
2025-09-30 03:00:00+00:00,114430.6875,114573.0859375,114376.03125,114512.90625,41725952
2025-09-30 04:00:00+00:00,114164.015625,114435.53125,114164.015625,114435.53125,0
2025-09-30 05:00:00+00:00,113944.125,114258.078125,113920.015625,114133.90625,900395008
2025-09-30 06:00:00+00:00,113953.8515625,114086.140625,113885.8359375,113949.0,1692393472
2025-09-30 07:00:00+00:00,113774.921875,114017.4921875,113678.671875,113936.1796875,0
2025-09-30 08:00:00+00:00,113535.9609375,113772.375,113484.1484375,113764.7890625,239652864
2025-09-30 09:00:00+00:00,112874.5859375,113519.671875,112874.5859375,113497.40625,304001024
2025-09-30 10:00:00+00:00,112983.8125,113082.15625,112740.5625,112822.703125,2022281216
2025-09-30 11:00:00+00:00,113131.5625,113156.796875,112860.828125,112986.0625,0
2025-09-30 12:00:00+00:00,113091.8046875,113277.03125,113060.078125,113100.8828125,82071552
2025-09-30 13:00:00+00:00,113417.4609375,113664.046875,112943.25,113054.09375,0
2025-09-30 14:00:00+00:00,113648.6796875,113648.6796875,113021.703125,113399.6015625,0
2025-09-30 15:00:00+00:00,113146.1015625,113641.2265625,113010.2421875,113641.2265625,0
2025-09-30 16:00:00+00:00,112817.1953125,113240.734375,112817.1953125,113143.59375,0
2025-09-30 17:00:00+00:00,113311.8046875,113515.265625,112842.8359375,112842.8359375,467517440
2025-09-30 18:00:00+00:00,113722.0234375,113722.0234375,113247.296875,113299.984375,0
2025-09-30 19:00:00+00:00,114451.2109375,114540.09375,113720.9765625,113720.9765625,1142681600
2025-09-30 20:00:00+00:00,114633.03125,114679.6328125,114152.0078125,114394.5390625,191881216
2025-09-30 21:00:00+00:00,114262.84375,114739.0234375,114252.3671875,114630.1015625,1940697088
2025-09-30 22:00:00+00:00,113965.3984375,114364.609375,113909.0,114181.265625,0
2025-09-30 23:00:00+00:00,114043.4453125,114043.4453125,113803.8203125,113959.515625,0
2025-10-01 00:00:00+00:00,114231.078125,114275.8984375,113984.9375,114078.0078125,0
2025-10-01 01:00:00+00:00,114526.3671875,114526.3671875,114185.015625,114212.734375,0
2025-10-01 02:00:00+00:00,114293.078125,114523.1484375,114293.078125,114523.1484375,0
2025-10-01 03:00:00+00:00,114211.859375,114525.421875,114162.640625,114282.90625,598294528
2025-10-01 04:00:00+00:00,114316.125,114660.0390625,114210.1484375,114210.84375,1492398080
2025-10-01 05:00:00+00:00,114574.90625,114714.203125,114296.5390625,114302.6484375,0
2025-10-01 06:00:00+00:00,114292.453125,114602.4375,114259.5546875,114581.3984375,0
2025-10-01 07:00:00+00:00,114596.953125,114599.5703125,114289.4296875,114289.4296875,0
2025-10-01 08:00:00+00:00,116106.1015625,116327.1796875,114533.5078125,114584.78125,3199971328
2025-10-01 09:00:00+00:00,116436.1953125,116528.75,116025.015625,116126.6015625,2460639232
2025-10-01 10:00:00+00:00,116283.2421875,116567.4140625,116256.3671875,116453.3359375,0
2025-10-01 11:00:00+00:00,116769.90625,116776.359375,116311.859375,116311.859375,857948160
2025-10-01 12:00:00+00:00,116450.671875,116889.3515625,116415.578125,116816.34375,634363904
2025-10-01 13:00:00+00:00,116831.515625,116831.515625,116431.71875,116431.71875,358285312
2025-10-01 14:00:00+00:00,117355.796875,117419.9296875,116821.5546875,116821.5546875,684838912
2025-10-01 15:00:00+00:00,117421.9140625,117593.390625,117191.1171875,117377.9765625,2636648448
2025-10-01 16:00:00+00:00,117665.84375,118139.828125,117441.7265625,117476.3984375,3024486400
2025-10-01 17:00:00+00:00,116906.65625,117727.7421875,116837.90625,117630.5,703905792
2025-10-01 18:00:00+00:00,117282.7890625,117371.90625,116864.21875,116886.8984375,749264896
2025-10-01 19:00:00+00:00,117455.1640625,117645.6875,117279.765625,117279.765625,0
2025-10-01 20:00:00+00:00,117583.6875,117583.6875,117248.5625,117490.703125,0
2025-10-01 21:00:00+00:00,117577.515625,117617.84375,117418.1484375,117604.8203125,0
2025-10-01 22:00:00+00:00,117870.0078125,118062.125,117613.203125,117613.203125,348610560
2025-10-01 23:00:00+00:00,118535.65625,118535.65625,117781.84375,117787.1171875,2043904000
2025-10-02 00:00:00+00:00,118566.0703125,119451.0703125,118566.0703125,118625.8046875,3862970368
2025-10-02 01:00:00+00:00,118744.546875,118893.0703125,118498.1171875,118498.1171875,1437515776
2025-10-02 02:00:00+00:00,118752.8671875,118791.7578125,118568.3828125,118694.9375,0
2025-10-02 03:00:00+00:00,118801.8203125,119051.4765625,118774.5,118777.1875,308559872
2025-10-02 04:00:00+00:00,118662.765625,118950.3203125,118551.5859375,118791.1875,418619392
2025-10-02 05:00:00+00:00,118427.1015625,118735.9609375,118423.4375,118732.9609375,0
2025-10-02 06:00:00+00:00,118690.75,118703.8515625,118413.171875,118438.984375,0
2025-10-02 07:00:00+00:00,118562.671875,118726.984375,118517.53125,118702.0625,0
2025-10-02 08:00:00+00:00,118702.5625,118702.5625,118432.34375,118607.8515625,0
2025-10-02 09:00:00+00:00,118854.3203125,118854.3203125,118640.2265625,118691.8046875,0
2025-10-02 10:00:00+00:00,118675.5,118899.6953125,118675.5,118899.6953125,0
2025-10-02 11:00:00+00:00,118811.609375,118912.0078125,118609.5234375,118675.984375,0
2025-10-02 12:00:00+00:00,119415.09375,119426.890625,118817.09375,118820.9296875,0
2025-10-02 13:00:00+00:00,119727.5859375,119812.5859375,119006.1953125,119442.015625,26677248
2025-10-02 14:00:00+00:00,118924.140625,119779.9453125,118849.7421875,119658.4609375,445992960
2025-10-02 15:00:00+00:00,119966.578125,119966.578125,118635.75,118882.28125,1245323264
2025-10-02 16:00:00+00:00,119748.1015625,120309.65625,119697.8828125,119974.15625,330629120
2025-10-02 17:00:00+00:00,119992.9296875,119992.9296875,119494.0390625,119788.40625,0
2025-10-02 18:00:00+00:00,120618.375,120683.9609375,119999.7734375,119999.7734375,341516288
2025-10-02 19:00:00+00:00,120844.0546875,121047.34375,120574.3828125,120574.3828125,3738001408
2025-10-02 20:00:00+00:00,120645.6953125,120965.375,120406.9609375,120897.1953125,415318016
2025-10-02 21:00:00+00:00,120259.8671875,120777.25,120254.6484375,120638.1015625,689512448
2025-10-02 22:00:00+00:00,120275.875,120440.6328125,120160.0390625,120220.578125,471334912
2025-10-02 23:00:00+00:00,120653.765625,120672.1328125,120298.4140625,120298.4140625,0
2025-10-03 00:00:00+00:00,120217.2265625,120606.3203125,120207.5703125,120606.3203125,0
2025-10-03 01:00:00+00:00,119953.234375,120327.53125,119953.234375,120214.0390625,0
2025-10-03 02:00:00+00:00,120279.6640625,120308.0859375,119965.9375,119965.9375,0
2025-10-03 03:00:00+00:00,120325.453125,120485.921875,120259.953125,120265.796875,0
2025-10-03 04:00:00+00:00,120129.5703125,120359.5234375,120111.4375,120312.9765625,0
2025-10-03 05:00:00+00:00,120000.765625,120158.2421875,119879.5625,120158.2421875,0
2025-10-03 06:00:00+00:00,119943.84375,120105.34375,119874.96875,119998.4453125,120578048
2025-10-03 07:00:00+00:00,119745.015625,120060.828125,119731.375,120002.0703125,1873965056
2025-10-03 08:00:00+00:00,120075.640625,120075.640625,119350.9609375,119750.390625,2468466688
2025-10-03 09:00:00+00:00,120380.140625,120411.375,120105.375,120113.7421875,2444328960
2025-10-03 10:00:00+00:00,120544.9921875,120585.265625,120367.4375,120397.5390625,721928192
2025-10-03 11:00:00+00:00,120438.4375,120530.7578125,120258.8359375,120527.875,1035026432
2025-10-03 12:00:00+00:00,120455.8359375,120465.453125,120211.0234375,120434.2890625,0
2025-10-03 13:00:00+00:00,120504.5703125,120616.59375,120279.9140625,120446.515625,0
2025-10-03 14:00:00+00:00,120970.359375,121033.4375,120028.78125,120483.21875,0
2025-10-03 15:00:00+00:00,122234.078125,122234.078125,120762.8671875,120963.0625,0
2025-10-03 16:00:00+00:00,122793.1484375,123919.5546875,122564.96875,122564.96875,16349310976
2025-10-03 17:00:00+00:00,122149.4140625,123083.09375,121782.328125,122287.2421875,6046007296
2025-10-03 18:00:00+00:00,122480.96875,122749.3359375,121576.0546875,122137.765625,0
2025-10-03 19:00:00+00:00,122724.0078125,122973.546875,122460.4375,122598.40625,0
2025-10-03 20:00:00+00:00,122598.0078125,122794.953125,122130.8671875,122736.21875,850616320
2025-10-03 21:00:00+00:00,122443.59375,122509.9609375,122088.40625,122476.40625,0
2025-10-03 22:00:00+00:00,122528.6796875,122716.5078125,122382.5,122382.5,0
2025-10-03 23:00:00+00:00,122250.8203125,122523.1015625,122250.8203125,122519.796875,0
2025-10-04 00:00:00+00:00,122158.265625,122330.890625,122066.9375,122276.53125,0
2025-10-04 01:00:00+00:00,121837.8359375,122167.875,121788.078125,122167.875,0
2025-10-04 02:00:00+00:00,121937.171875,122106.8515625,121788.84375,121907.25,669474816
2025-10-04 03:00:00+00:00,122326.6328125,122326.6328125,121905.6328125,121925.515625,0
2025-10-04 04:00:00+00:00,122574.53125,122584.6484375,122335.6640625,122344.59375,495050752
2025-10-04 05:00:00+00:00,122581.0,122829.984375,122511.3828125,122570.2421875,1033011200
2025-10-04 06:00:00+00:00,122524.1640625,122664.9921875,122474.0078125,122582.421875,0
2025-10-04 07:00:00+00:00,122353.90625,122523.6015625,122306.890625,122523.6015625,0
2025-10-04 08:00:00+00:00,122336.65625,122584.9453125,122258.3984375,122347.9609375,0
2025-10-04 09:00:00+00:00,122262.796875,122500.4140625,122253.8359375,122327.984375,0
2025-10-04 10:00:00+00:00,122176.375,122371.640625,122170.953125,122279.8984375,0
2025-10-04 11:00:00+00:00,122057.734375,122263.140625,122041.546875,122166.28125,0
2025-10-04 12:00:00+00:00,122061.3984375,122152.375,122021.5234375,122041.1875,0
2025-10-04 13:00:00+00:00,122448.3984375,122498.4375,122064.1171875,122064.1171875,0
2025-10-04 14:00:00+00:00,122067.3671875,122498.4296875,122067.3671875,122467.734375,0
2025-10-04 15:00:00+00:00,121813.265625,122134.6171875,121769.1875,121972.96875,0
2025-10-04 16:00:00+00:00,121737.0546875,121987.2109375,121687.8984375,121827.3515625,0
2025-10-04 17:00:00+00:00,121755.78125,121897.3984375,121718.15625,121718.15625,0
2025-10-04 18:00:00+00:00,121626.8515625,121871.296875,121591.8984375,121790.671875,0
2025-10-04 19:00:00+00:00,121952.3515625,121955.1015625,121643.5390625,121654.3046875,0
2025-10-04 20:00:00+00:00,121952.6484375,122095.4921875,121952.6484375,121981.8828125,0
2025-10-04 21:00:00+00:00,122238.0234375,122350.8515625,121934.0078125,121934.0078125,0
2025-10-04 22:00:00+00:00,122312.625,122373.234375,122205.9765625,122234.0625,255746048
2025-10-04 23:00:00+00:00,122416.4921875,122418.1875,122249.2578125,122304.953125,0
2025-10-05 00:00:00+00:00,122215.484375,122455.2265625,122206.15625,122443.71875,0
2025-10-05 01:00:00+00:00,122402.8515625,122426.390625,122212.3671875,122214.203125,0
2025-10-05 02:00:00+00:00,124008.8984375,124278.71875,122396.8203125,122403.3515625,4766969856
2025-10-05 03:00:00+00:00,123789.421875,124113.8828125,123384.9453125,124113.8828125,2508894208
2025-10-05 04:00:00+00:00,125223.9296875,125559.2109375,123836.546875,123836.546875,6097498112
2025-10-05 05:00:00+00:00,124992.8359375,125366.90625,124912.828125,125188.15625,6076153856
2025-10-05 06:00:00+00:00,125024.953125,125188.3359375,124825.84375,125100.59375,1022914560
2025-10-05 07:00:00+00:00,124878.234375,125102.1640625,124681.921875,125007.7265625,1891188736
2025-10-05 08:00:00+00:00,124599.2421875,124792.8984375,124593.765625,124742.640625,0
2025-10-05 09:00:00+00:00,123131.9375,124617.6015625,122902.7265625,124597.6953125,5212553216
2025-10-05 10:00:00+00:00,123087.03125,123103.4921875,122630.2265625,123048.140625,2694131712
2025-10-05 11:00:00+00:00,123516.5234375,123518.1171875,122969.8203125,123074.9765625,1341161472
2025-10-05 12:00:00+00:00,123180.234375,123490.3203125,123007.171875,123490.3203125,2204581888
2025-10-05 13:00:00+00:00,123187.90625,123366.1484375,123123.015625,123123.015625,511922176
2025-10-05 14:00:00+00:00,123051.3671875,123352.453125,122856.1171875,123261.7734375,0
2025-10-05 15:00:00+00:00,122849.703125,123056.0703125,122740.53125,123056.0703125,0
2025-10-05 16:00:00+00:00,123270.2734375,123270.2734375,122460.3671875,122840.3515625,71491584
2025-10-05 17:00:00+00:00,123070.9296875,123464.453125,123003.8359375,123317.109375,302825472
2025-10-05 18:00:00+00:00,123016.453125,123199.375,122961.359375,123125.765625,1941405696
2025-10-05 19:00:00+00:00,122587.2421875,123038.359375,122587.2421875,123038.359375,0
2025-10-05 20:00:00+00:00,122835.984375,123042.125,122549.6484375,122549.6484375,1362673664
2025-10-05 21:00:00+00:00,122743.8671875,122793.1796875,122573.2109375,122758.71875,0
2025-10-05 22:00:00+00:00,123266.453125,123305.3125,122880.515625,122880.515625,0
2025-10-05 23:00:00+00:00,123507.8203125,123551.046875,123255.8046875,123255.8046875,2090729472
2025-10-06 00:00:00+00:00,123375.171875,124301.5,123199.578125,123508.1484375,3121209344
2025-10-06 01:00:00+00:00,124084.796875,124195.1640625,123298.265625,123311.78125,1047101440
2025-10-06 02:00:00+00:00,124048.40625,124184.0625,123585.0,124104.90625,0
2025-10-06 03:00:00+00:00,123893.6484375,124137.5234375,123809.0234375,124137.5234375,0
2025-10-06 04:00:00+00:00,123663.5234375,124004.390625,123661.171875,123883.109375,0
2025-10-06 05:00:00+00:00,123609.3125,123713.609375,123369.671875,123622.90625,0
2025-10-06 06:00:00+00:00,123954.8046875,124093.8125,123604.9765625,123604.9765625,0
2025-10-06 07:00:00+00:00,123395.75,123985.578125,123370.2109375,123945.109375,0
2025-10-06 08:00:00+00:00,123857.8984375,123865.984375,123412.109375,123412.109375,0
2025-10-06 09:00:00+00:00,123976.078125,124039.984375,123830.75,123873.9921875,0
2025-10-06 10:00:00+00:00,124029.578125,124173.4453125,123954.9921875,123997.4609375,0
2025-10-06 11:00:00+00:00,124266.9375,124498.140625,123823.4453125,124009.8125,1399029760
2025-10-06 12:00:00+00:00,124585.828125,124688.4765625,124257.1015625,124267.609375,830377984
2025-10-06 13:00:00+00:00,124994.21875,124994.21875,124484.65625,124589.21875,1335074816
2025-10-06 14:00:00+00:00,124505.8828125,125284.359375,124493.3203125,125095.40625,2010411008
2025-10-06 15:00:00+00:00,125106.9140625,125384.8671875,124516.6796875,124516.6796875,4177567744
2025-10-06 16:00:00+00:00,125369.234375,125371.5859375,124865.4140625,125033.015625,0
2025-10-06 17:00:00+00:00,125412.2734375,125792.4140625,125205.28125,125490.3515625,3593629696
2025-10-06 18:00:00+00:00,126149.0234375,126149.0234375,125141.015625,125223.234375,0
2025-10-06 19:00:00+00:00,125424.2578125,126104.3515625,125336.8359375,126069.2265625,3827097600
2025-10-06 20:00:00+00:00,125251.1875,125532.2109375,125098.140625,125420.203125,813752320
2025-10-06 21:00:00+00:00,125047.0703125,125292.671875,124688.8984375,125245.9765625,2631188480
2025-10-06 22:00:00+00:00,125056.2265625,125273.28125,124844.25,125187.28125,206987264
2025-10-06 23:00:00+00:00,124781.1953125,125133.2109375,124712.2734375,125063.34375,0
2025-10-07 00:00:00+00:00,124923.9296875,124939.703125,124692.2421875,124726.34375,0
2025-10-07 01:00:00+00:00,124705.328125,125097.65625,124538.796875,124924.6875,0
2025-10-07 02:00:00+00:00,124367.9609375,124722.8125,124365.3359375,124722.8125,0
2025-10-07 03:00:00+00:00,124361.3046875,124574.0859375,124209.2265625,124366.7421875,1364807680
2025-10-07 04:00:00+00:00,124580.90625,124633.703125,124156.0078125,124363.9453125,0
2025-10-07 05:00:00+00:00,124404.9140625,124611.890625,124353.3828125,124547.515625,493821952
2025-10-07 06:00:00+00:00,123975.2265625,124487.1796875,123900.28125,124471.2421875,0
2025-10-07 07:00:00+00:00,123712.234375,124036.828125,123670.8515625,123965.203125,859160576
2025-10-07 08:00:00+00:00,123954.1953125,124042.5859375,123492.21875,123715.4296875,277749760
2025-10-07 09:00:00+00:00,124229.578125,124263.5234375,123944.421875,123951.4921875,0
2025-10-07 10:00:00+00:00,124349.78125,124421.859375,124096.3515625,124192.890625,0
2025-10-07 11:00:00+00:00,124520.2890625,124565.140625,124284.8125,124329.140625,0
2025-10-07 12:00:00+00:00,125001.6171875,125170.734375,124465.71875,124540.578125,0
2025-10-07 13:00:00+00:00,123985.734375,124974.8203125,123605.3359375,124974.8203125,922464256
2025-10-07 14:00:00+00:00,122808.078125,123977.5,122681.7265625,123977.5,1833132032
2025-10-07 15:00:00+00:00,121813.796875,122830.8671875,121428.3515625,122799.2265625,5009268736
2025-10-07 16:00:00+00:00,121866.6015625,122069.546875,121200.8203125,121853.296875,4797267968
2025-10-07 17:00:00+00:00,121272.375,121822.3359375,121220.7265625,121725.0859375,0
2025-10-07 18:00:00+00:00,120951.171875,121328.8359375,120716.625,121214.8671875,724942848
2025-10-07 19:00:00+00:00,121771.6875,122009.2890625,120938.1875,120938.1875,0
2025-10-07 20:00:00+00:00,122153.09375,122240.734375,121742.6640625,121742.6640625,246145024
2025-10-07 21:00:00+00:00,121968.8125,122326.6328125,121887.984375,121906.8515625,0
2025-10-07 22:00:00+00:00,122046.8203125,122163.25,121908.40625,122056.40625,0
2025-10-07 23:00:00+00:00,121461.640625,122033.703125,121461.640625,122033.703125,0
2025-10-08 00:00:00+00:00,121988.1328125,122113.515625,121408.8828125,121408.8828125,1833869312
2025-10-08 01:00:00+00:00,122015.59375,122070.71875,121717.6796875,121993.875,1739284480
2025-10-08 02:00:00+00:00,122105.84375,122262.6796875,121924.71875,122025.640625,0
2025-10-08 03:00:00+00:00,121418.9140625,122105.5625,121360.0390625,122105.5625,0
2025-10-08 04:00:00+00:00,121929.6171875,121929.6171875,121236.359375,121411.4453125,1599135744
2025-10-08 05:00:00+00:00,121324.9296875,121934.15625,121243.5625,121934.15625,0
2025-10-08 06:00:00+00:00,121808.734375,121856.6796875,121130.4453125,121429.9296875,0
2025-10-08 07:00:00+00:00,121543.6484375,121871.3125,121392.9453125,121785.2734375,1436270592
2025-10-08 08:00:00+00:00,122434.9296875,122833.2734375,121602.6484375,121623.265625,1101258752
2025-10-08 09:00:00+00:00,122514.234375,122632.5390625,122420.46875,122432.578125,0
2025-10-08 10:00:00+00:00,122978.4765625,123079.453125,122519.8984375,122519.8984375,0
2025-10-08 11:00:00+00:00,122921.1796875,123216.53125,122837.109375,122989.828125,1669455872
2025-10-08 12:00:00+00:00,122637.0546875,123084.9609375,122613.3984375,122921.0546875,0
2025-10-08 13:00:00+00:00,122510.328125,122762.3125,121875.8046875,122664.2734375,0
2025-10-08 14:00:00+00:00,122278.796875,123247.5625,122221.4609375,122655.7265625,0
2025-10-08 15:00:00+00:00,122207.5234375,122610.1796875,122015.6015625,122405.859375,0
2025-10-08 16:00:00+00:00,123098.7890625,123122.015625,122195.359375,122209.78125,0
2025-10-08 17:00:00+00:00,124141.4921875,124144.6328125,123042.96875,123087.40625,423829504
2025-10-08 18:00:00+00:00,123614.859375,124093.4140625,123515.9609375,124093.4140625,506077184
2025-10-08 19:00:00+00:00,123520.203125,123745.0625,123235.5703125,123507.84375,0
2025-10-08 20:00:00+00:00,123054.9375,123683.6953125,123054.9375,123500.1640625,0
2025-10-08 21:00:00+00:00,123237.0,123357.859375,122903.1953125,122903.1953125,663265280
2025-10-08 22:00:00+00:00,123315.6171875,123411.6796875,123272.21875,123272.21875,0
2025-10-08 23:00:00+00:00,123358.421875,123565.71875,123104.9296875,123287.7421875,0
2025-10-09 00:00:00+00:00,123006.21875,123379.09375,122945.984375,123379.09375,0
2025-10-09 01:00:00+00:00,122576.875,122934.8359375,122418.8828125,122934.8359375,901435392
2025-10-09 02:00:00+00:00,121616.1171875,122564.6953125,121600.2578125,122564.6953125,0
2025-10-09 03:00:00+00:00,122064.671875,122106.1484375,121650.609375,121650.609375,0
2025-10-09 04:00:00+00:00,122141.9609375,122273.9453125,121983.2421875,122070.1015625,0
2025-10-09 05:00:00+00:00,122134.6328125,122194.0859375,121920.703125,122146.8671875,0
2025-10-09 06:00:00+00:00,121998.65625,122198.3984375,121948.625,122142.1875,0
2025-10-09 07:00:00+00:00,121932.7265625,122073.34375,121833.1171875,121986.71875,0
2025-10-09 08:00:00+00:00,121332.3125,121967.671875,121191.40625,121949.5859375,0
2025-10-09 09:00:00+00:00,121847.609375,121847.609375,121297.78125,121297.78125,966561792
2025-10-09 10:00:00+00:00,122215.1953125,122326.6875,121713.640625,121811.203125,0
2025-10-09 11:00:00+00:00,122818.3671875,122863.3203125,122223.5234375,122223.5234375,396902400
2025-10-09 12:00:00+00:00,123620.7265625,123725.40625,122780.203125,122780.203125,2027372544
2025-10-09 13:00:00+00:00,122504.71875,123600.5,122435.5859375,123600.5,527491072
2025-10-09 14:00:00+00:00,121392.1875,122554.0546875,120868.7421875,122435.25,3731177472
2025-10-09 15:00:00+00:00,121213.40625,121717.75,120835.2109375,121598.9765625,2855604224
2025-10-09 16:00:00+00:00,120304.1328125,121456.703125,120304.1328125,121196.8515625,1546694656
2025-10-09 17:00:00+00:00,120843.796875,120843.796875,119892.359375,119892.359375,2485108736
2025-10-09 18:00:00+00:00,120744.4140625,121012.2265625,120495.4453125,121003.2421875,779157504
2025-10-09 19:00:00+00:00,121013.578125,121168.0546875,120821.0859375,120821.0859375,383475712
2025-10-09 20:00:00+00:00,121165.140625,121205.7109375,120928.1484375,120998.796875,0
2025-10-09 21:00:00+00:00,121522.9375,121559.796875,121137.3125,121156.09375,1223712768
2025-10-09 22:00:00+00:00,121739.1015625,121806.3203125,121476.28125,121520.9765625,0
2025-10-09 23:00:00+00:00,121709.9140625,121757.578125,121447.8515625,121757.578125,1552769024
2025-10-10 00:00:00+00:00,121833.5546875,121922.28125,121696.40625,121727.234375,0
2025-10-10 01:00:00+00:00,121728.6328125,121933.6328125,121610.4453125,121829.265625,0
2025-10-10 02:00:00+00:00,121091.9296875,121699.3671875,121045.609375,121699.3671875,614883328
2025-10-10 03:00:00+00:00,121161.203125,121618.8671875,121037.40625,121137.921875,1677860864
2025-10-10 04:00:00+00:00,121284.40625,121410.8984375,121141.046875,121151.4921875,616955904
2025-10-10 05:00:00+00:00,121614.3671875,121623.5390625,121095.828125,121293.5234375,0
2025-10-10 06:00:00+00:00,121477.765625,121770.28125,121321.5234375,121629.8203125,1200832512
2025-10-10 07:00:00+00:00,121035.796875,121408.1953125,121035.796875,121408.1953125,2108727296
2025-10-10 08:00:00+00:00,121636.5,121636.5,120972.0234375,120972.0234375,0
2025-10-10 09:00:00+00:00,121385.0546875,121798.28125,121367.59375,121603.0390625,847249408
2025-10-10 10:00:00+00:00,121554.1875,121566.828125,121305.78125,121362.265625,0
2025-10-10 11:00:00+00:00,121623.3125,121686.375,121486.796875,121545.40625,0
2025-10-10 12:00:00+00:00,121638.5703125,121739.6875,121485.609375,121604.1875,0
2025-10-10 13:00:00+00:00,121673.265625,122498.6015625,121481.375,121661.59375,1834770432
2025-10-10 14:00:00+00:00,121276.6484375,122067.125,121245.9609375,121720.0078125,0
2025-10-10 15:00:00+00:00,119072.296875,120577.5390625,118579.5390625,120577.5390625,7388680192
2025-10-10 16:00:00+00:00,118343.828125,119418.9765625,118343.828125,119040.3046875,697090048
2025-10-10 17:00:00+00:00,117743.9609375,118398.8984375,117658.609375,118306.953125,1975549952
2025-10-10 18:00:00+00:00,117310.21875,117831.4609375,117310.21875,117577.984375,0
2025-10-10 19:00:00+00:00,116787.390625,117321.5546875,116060.9296875,117265.234375,7385464832
2025-10-10 20:00:00+00:00,114527.5703125,117144.265625,114047.453125,116673.0,0
2025-10-10 21:00:00+00:00,113937.875,115106.875,105270.140625,114253.625,40710152192
2025-10-10 22:00:00+00:00,114229.8515625,114259.5234375,112592.046875,113989.4453125,19809746944
2025-10-10 23:00:00+00:00,113074.953125,114864.328125,113074.953125,113923.53125,8839888896
2025-10-11 00:00:00+00:00,112762.6796875,113288.5625,111895.5546875,112980.5859375,5948424192
2025-10-11 01:00:00+00:00,111326.3359375,112711.1796875,111226.546875,112711.1796875,6381731840
2025-10-11 02:00:00+00:00,113289.09375,113385.6484375,111256.3671875,111256.3671875,7274381312
2025-10-11 03:00:00+00:00,112425.484375,113411.9609375,111990.3046875,113324.84375,2620997632
2025-10-11 04:00:00+00:00,113059.6015625,113060.8828125,111881.828125,112348.4609375,4138713088
2025-10-11 05:00:00+00:00,112579.921875,113060.890625,112168.8671875,113060.890625,1749942272
2025-10-11 06:00:00+00:00,112165.15625,112848.78125,112165.15625,112525.265625,888733696
2025-10-11 07:00:00+00:00,110320.6953125,111847.40625,110320.6953125,111847.40625,6356008960
2025-10-11 08:00:00+00:00,111530.3203125,111591.046875,110320.0859375,110451.0078125,3555377152
2025-10-11 09:00:00+00:00,111758.0625,111939.734375,111414.2578125,111414.2578125,4012392448
2025-10-11 10:00:00+00:00,112218.7421875,112368.1640625,111790.8359375,111790.8359375,2302148608
2025-10-11 11:00:00+00:00,112351.6875,112437.953125,111812.5546875,112210.8359375,1011253248
2025-10-11 12:00:00+00:00,112473.3046875,112555.0703125,112175.4140625,112306.0703125,4185358336
2025-10-11 13:00:00+00:00,112359.0,112617.640625,112049.0078125,112524.25,0
2025-10-11 14:00:00+00:00,112057.8046875,112450.8359375,112040.984375,112409.46875,0
2025-10-11 15:00:00+00:00,111975.2890625,112471.2109375,111975.2890625,112102.6953125,0
2025-10-11 16:00:00+00:00,111941.453125,112201.03125,111607.5,111941.9765625,0
2025-10-11 17:00:00+00:00,112111.984375,112285.1484375,111864.59375,111996.8671875,0
2025-10-11 18:00:00+00:00,112082.4453125,112137.9453125,111980.4921875,112112.09375,0
2025-10-11 19:00:00+00:00,111225.9375,112121.8203125,111060.015625,112079.78125,0
2025-10-11 20:00:00+00:00,110234.7578125,111429.796875,109952.4453125,111429.796875,0
2025-10-11 21:00:00+00:00,111056.0,111105.40625,109817.7734375,110412.15625,0
2025-10-11 22:00:00+00:00,111165.25,111371.9609375,110847.1953125,111045.375,0
2025-10-11 23:00:00+00:00,110855.59375,111184.203125,110848.8515625,111170.8984375,0
2025-10-12 00:00:00+00:00,109741.984375,110718.3671875,109741.984375,110718.3671875,0
2025-10-12 01:00:00+00:00,109983.421875,110342.78125,109796.3359375,109796.3359375,0
2025-10-12 02:00:00+00:00,110135.3046875,110672.3359375,109730.1953125,110054.890625,0
2025-10-12 03:00:00+00:00,110776.8984375,111341.34375,110141.1171875,110188.421875,0
2025-10-12 04:00:00+00:00,111563.5078125,111987.15625,110774.890625,110781.1015625,0
2025-10-12 05:00:00+00:00,111831.3046875,111833.2421875,111358.3671875,111602.328125,0
2025-10-12 06:00:00+00:00,111840.2109375,112004.6015625,111762.0625,111816.5390625,0
2025-10-12 07:00:00+00:00,111632.46875,112014.2109375,111613.5390625,111786.6875,0
2025-10-12 08:00:00+00:00,111426.6640625,111858.5859375,111426.6640625,111657.7265625,0
2025-10-12 09:00:00+00:00,111906.671875,111906.671875,111289.7421875,111340.953125,0
2025-10-12 10:00:00+00:00,111726.234375,111992.7734375,111543.5625,111904.75,0
2025-10-12 11:00:00+00:00,111870.453125,112069.140625,111628.4453125,111751.640625,0
2025-10-12 12:00:00+00:00,111801.3203125,112211.7578125,111699.8984375,111882.265625,0
2025-10-12 13:00:00+00:00,111396.3671875,111976.234375,111396.3671875,111832.5859375,1090932736
2025-10-12 14:00:00+00:00,112306.71875,112940.7890625,111256.140625,111331.3671875,2003034112
2025-10-12 15:00:00+00:00,113342.6484375,113726.7109375,112385.9609375,112385.9609375,8404549632
2025-10-12 16:00:00+00:00,114139.5234375,114722.65625,113273.0703125,113273.0703125,6210732032
2025-10-12 17:00:00+00:00,113885.8671875,114543.5625,113726.7890625,114123.8515625,2874335232
2025-10-12 18:00:00+00:00,113953.75,114293.5,113689.171875,113892.7109375,1399775232
2025-10-12 19:00:00+00:00,114407.2109375,114469.5546875,113951.6328125,113951.6328125,0
2025-10-12 20:00:00+00:00,115134.28125,115322.6171875,114417.3203125,114417.3203125,1293025280
2025-10-12 21:00:00+00:00,114971.5546875,115578.5234375,114534.671875,115021.296875,0
2025-10-12 22:00:00+00:00,115424.1875,115714.765625,115230.6171875,115646.9140625,3927678976
2025-10-12 23:00:00+00:00,115173.9453125,115410.6640625,114878.5,115386.328125,193511424
2025-10-13 00:00:00+00:00,115382.1796875,115899.328125,115013.0078125,115091.0390625,818102272
2025-10-13 01:00:00+00:00,115827.6796875,115830.015625,115242.71875,115401.8515625,0
2025-10-13 02:00:00+00:00,115430.3828125,115830.5703125,115179.5859375,115809.7421875,0
2025-10-13 03:00:00+00:00,114913.0625,115653.0625,114815.6875,115464.4375,0
2025-10-13 04:00:00+00:00,114756.28125,115067.359375,114571.9453125,115022.8125,1147207680
2025-10-13 05:00:00+00:00,114680.359375,114843.28125,114634.71875,114802.4765625,0
2025-10-13 06:00:00+00:00,115302.96875,115355.109375,114552.625,114707.640625,0
2025-10-13 07:00:00+00:00,115423.5,115600.234375,115150.8046875,115369.1171875,1755504640
2025-10-13 08:00:00+00:00,115484.5390625,115484.5390625,115271.1484375,115449.609375,18415616
2025-10-13 09:00:00+00:00,115220.484375,115304.296875,114899.484375,115282.1484375,0
2025-10-13 10:00:00+00:00,114941.890625,115203.7265625,114877.9296875,115199.8203125,989208576
2025-10-13 11:00:00+00:00,114382.3203125,114940.3671875,114033.171875,114940.3671875,1461837824
2025-10-13 12:00:00+00:00,114475.484375,114733.3203125,114075.6875,114310.40625,612876288
2025-10-13 13:00:00+00:00,115323.5859375,115538.640625,114356.9375,114572.953125,0
2025-10-13 14:00:00+00:00,114061.5703125,115474.2734375,113987.109375,115474.2734375,1284046848
2025-10-13 15:00:00+00:00,114502.875,114611.3046875,114174.4921875,114271.984375,0
2025-10-13 16:00:00+00:00,114806.5703125,115118.015625,114424.1640625,114424.1640625,0
2025-10-13 17:00:00+00:00,114723.515625,115005.375,114358.5546875,114721.3984375,0
2025-10-13 18:00:00+00:00,115247.6328125,115410.921875,114854.578125,115032.96875,77111296
2025-10-13 19:00:00+00:00,115891.1484375,115986.171875,115230.0,115230.0,123838464
2025-10-13 20:00:00+00:00,115713.96875,115960.4140625,115554.1171875,115924.75,0
2025-10-13 21:00:00+00:00,115794.71875,115850.0703125,115678.5390625,115820.9140625,0
2025-10-13 22:00:00+00:00,115614.1484375,115931.2578125,115587.96875,115806.6484375,0
2025-10-13 23:00:00+00:00,115251.4453125,115581.765625,115133.953125,115581.765625,0
2025-10-14 00:00:00+00:00,115056.4609375,115466.7734375,115036.328125,115261.4453125,0
2025-10-14 01:00:00+00:00,114383.4296875,115075.4296875,114242.4375,115052.53125,0
2025-10-14 02:00:00+00:00,113828.171875,114372.34375,113791.6796875,114360.046875,0
2025-10-14 03:00:00+00:00,113584.578125,113761.1875,113413.3671875,113692.890625,3134038016
2025-10-14 04:00:00+00:00,113098.4765625,113643.34375,112977.9140625,113622.3671875,0
2025-10-14 05:00:00+00:00,112516.3984375,113688.5078125,112516.3984375,113129.8828125,22880256
2025-10-14 06:00:00+00:00,112108.09375,112765.2734375,111697.3828125,112551.59375,4707483648
2025-10-14 07:00:00+00:00,111616.8203125,112240.1484375,111616.8203125,112083.34375,0
2025-10-14 08:00:00+00:00,111930.25,112216.0859375,111664.53125,111796.984375,2721259520
2025-10-14 09:00:00+00:00,111366.0859375,112075.796875,111207.609375,111895.5546875,0
2025-10-14 10:00:00+00:00,110729.0234375,111374.0859375,110187.1484375,111374.0859375,4637810688
2025-10-14 11:00:00+00:00,111449.859375,111670.359375,110722.8203125,110722.8203125,0
2025-10-14 12:00:00+00:00,110855.2265625,111430.3046875,110855.2265625,111430.3046875,0
2025-10-14 13:00:00+00:00,110940.8671875,111313.6796875,110034.8671875,110885.3203125,827686912
2025-10-14 14:00:00+00:00,111547.5703125,112173.921875,111115.9921875,111115.9921875,552673280
2025-10-14 15:00:00+00:00,112735.875,112800.46875,111194.8359375,111547.296875,1745027072
2025-10-14 16:00:00+00:00,112405.046875,113178.6953125,112388.0,112944.9140625,3964403712
2025-10-14 17:00:00+00:00,112859.0078125,112927.9296875,111937.3125,112184.21875,2636652544
2025-10-14 18:00:00+00:00,112831.9140625,113507.0,112743.2890625,112853.375,1191550976
2025-10-14 19:00:00+00:00,112671.1171875,113515.8671875,112170.1484375,112985.8046875,1630838784
2025-10-14 20:00:00+00:00,112983.46875,112992.75,112367.9140625,112735.984375,455106560
2025-10-14 21:00:00+00:00,113172.546875,113172.546875,112793.8828125,113034.40625,34611200
2025-10-14 22:00:00+00:00,113259.671875,113579.2890625,112943.5859375,113258.609375,1185120256
2025-10-14 23:00:00+00:00,113112.265625,113546.65625,113112.265625,113256.359375,267345920
2025-10-15 00:00:00+00:00,113029.125,113128.6953125,112692.0234375,113084.546875,149012480
2025-10-15 01:00:00+00:00,112780.7890625,113031.4140625,112437.3671875,113031.4140625,0
2025-10-15 02:00:00+00:00,112910.1171875,113559.046875,112756.0,112785.1796875,0
2025-10-15 03:00:00+00:00,112074.15625,112916.59375,111919.59375,112916.59375,772628480
2025-10-15 04:00:00+00:00,112397.875,112496.109375,111891.453125,112084.0703125,419807232
2025-10-15 05:00:00+00:00,112474.53125,112692.6484375,112285.5234375,112406.2578125,0
2025-10-15 06:00:00+00:00,112438.4921875,112596.9921875,111979.2890625,112488.796875,0
2025-10-15 07:00:00+00:00,112611.09375,112740.828125,112370.0,112493.9609375,0
2025-10-15 08:00:00+00:00,113079.984375,113538.0859375,112617.3046875,112617.3046875,1532633088
2025-10-15 09:00:00+00:00,112552.3359375,113139.46875,112507.5,112975.4609375,0
2025-10-15 10:00:00+00:00,112316.296875,112717.0390625,112287.9921875,112606.0859375,0
2025-10-15 11:00:00+00:00,111992.0859375,112675.7109375,111992.0859375,112349.03125,0
2025-10-15 12:00:00+00:00,111745.390625,112175.3203125,111564.7109375,111959.9453125,0
2025-10-15 13:00:00+00:00,111505.1640625,111961.6953125,110930.3359375,111790.1015625,0
2025-10-15 14:00:00+00:00,111120.3515625,112285.265625,110953.421875,111505.421875,529956864
2025-10-15 15:00:00+00:00,110767.4765625,111506.2421875,110581.0546875,111168.921875,631078912
2025-10-15 16:00:00+00:00,110832.7734375,111115.53125,110717.375,110846.453125,0
2025-10-15 17:00:00+00:00,111129.046875,111129.046875,110322.578125,110768.28125,0
2025-10-15 18:00:00+00:00,111540.3515625,111540.3515625,110933.671875,111201.7890625,0
2025-10-15 19:00:00+00:00,111323.5,111579.328125,111155.2890625,111404.9765625,0
2025-10-15 20:00:00+00:00,111183.8125,111581.8125,110637.09375,111416.5859375,0
2025-10-15 21:00:00+00:00,110848.7265625,111481.75,110655.09375,111168.546875,1439940608
2025-10-15 22:00:00+00:00,110753.5703125,111402.1015625,110753.5703125,110918.046875,0
2025-10-15 23:00:00+00:00,110777.1171875,111024.984375,110655.4921875,110748.9140625,0
2025-10-16 00:00:00+00:00,110520.3828125,110848.1484375,110431.5078125,110797.3046875,0
2025-10-16 01:00:00+00:00,111299.6953125,111299.6953125,110549.609375,110549.609375,297394176
2025-10-16 02:00:00+00:00,111569.546875,111588.0625,111110.1015625,111404.0625,0
2025-10-16 03:00:00+00:00,111498.2890625,111869.2265625,111498.2890625,111566.3203125,168927232
2025-10-16 04:00:00+00:00,111059.0703125,111686.7578125,110892.71875,111466.8515625,0
2025-10-16 05:00:00+00:00,110976.796875,111424.875,110820.6015625,111108.25,934944768
2025-10-16 06:00:00+00:00,111698.4765625,111718.0390625,111003.21875,111004.8359375,0
2025-10-16 07:00:00+00:00,110624.953125,111748.5703125,110624.953125,111748.5703125,1891753984
2025-10-16 08:00:00+00:00,110851.3828125,110892.7734375,110497.6484375,110658.0859375,0
2025-10-16 09:00:00+00:00,111266.2265625,111601.421875,109752.9921875,110862.6484375,3094724608
2025-10-16 10:00:00+00:00,111498.1640625,111700.3984375,111083.8515625,111195.3828125,1661419520
2025-10-16 11:00:00+00:00,111442.0859375,111550.84375,111122.9921875,111497.5234375,0
2025-10-16 12:00:00+00:00,111656.5078125,111955.5625,111417.0,111453.734375,0
2025-10-16 13:00:00+00:00,110916.8515625,111585.7109375,110916.8515625,111585.7109375,0
2025-10-16 14:00:00+00:00,110598.7578125,111424.1953125,109912.7265625,110934.3359375,1286307840
2025-10-16 15:00:00+00:00,108573.7421875,110777.6796875,108573.7421875,110596.9140625,2389278720
2025-10-16 16:00:00+00:00,109117.1796875,109117.1796875,107870.609375,108400.109375,6357524480
2025-10-16 17:00:00+00:00,108371.15625,109192.921875,108328.890625,109057.015625,1557315584
2025-10-16 18:00:00+00:00,108595.625,108648.046875,107810.6953125,108333.0,2486951936
2025-10-16 19:00:00+00:00,108320.6640625,108719.4765625,107800.3984375,108621.8984375,2922250240
2025-10-16 20:00:00+00:00,107785.3203125,108355.28125,107554.3515625,108226.6484375,169926656
2025-10-16 21:00:00+00:00,108437.5390625,108462.453125,107693.546875,107975.4375,0
2025-10-16 22:00:00+00:00,107827.1796875,108402.265625,107827.1796875,108307.46875,1112309760
2025-10-16 23:00:00+00:00,108148.265625,108331.5234375,107840.515625,107840.515625,432857088
2025-10-17 00:00:00+00:00,108763.5546875,108763.5546875,108016.4140625,108110.6875,0
2025-10-17 01:00:00+00:00,108800.3828125,109108.3984375,108570.8125,108784.2578125,761987072
2025-10-17 02:00:00+00:00,108994.234375,108994.234375,108430.0859375,108793.015625,0
2025-10-17 03:00:00+00:00,109190.796875,109190.796875,108946.328125,108997.2109375,0
2025-10-17 04:00:00+00:00,108875.359375,109204.953125,108838.296875,109162.640625,0
2025-10-17 05:00:00+00:00,108439.6796875,108903.6015625,108362.2734375,108802.453125,0
2025-10-17 06:00:00+00:00,106829.078125,108482.5390625,106756.265625,108447.1015625,4144136192
2025-10-17 07:00:00+00:00,105566.015625,106777.78125,105566.015625,106777.46875,4914634752
2025-10-17 08:00:00+00:00,104993.2890625,105606.0078125,104812.8984375,105586.390625,7350771712
2025-10-17 09:00:00+00:00,104749.2890625,105574.1953125,104749.2890625,104886.5859375,48611328
2025-10-17 10:00:00+00:00,104708.3984375,104781.9765625,103598.4296875,104606.5078125,4809793536
2025-10-17 11:00:00+00:00,105670.03125,106356.6875,104678.703125,104751.8125,4848812032
2025-10-17 12:00:00+00:00,105347.0078125,106032.640625,105291.703125,105673.28125,877633536
2025-10-17 13:00:00+00:00,105868.1171875,106078.640625,104993.9921875,105364.015625,2296430592
2025-10-17 14:00:00+00:00,105164.78125,106002.953125,104678.1875,105744.8671875,9904128
2025-10-17 15:00:00+00:00,106720.640625,106720.640625,105158.375,105162.421875,0
2025-10-17 16:00:00+00:00,106409.6640625,107397.3359375,106343.265625,106816.984375,0
2025-10-17 17:00:00+00:00,106424.046875,106679.0078125,106113.7265625,106403.1875,0
2025-10-17 18:00:00+00:00,106619.484375,107062.1171875,106464.6328125,106464.6328125,0
2025-10-17 19:00:00+00:00,106490.15625,106871.6484375,106332.25,106703.65625,0
2025-10-17 20:00:00+00:00,107090.890625,107180.9765625,106410.296875,106490.46875,0
2025-10-17 21:00:00+00:00,107422.1171875,107449.5546875,107058.65625,107058.65625,2282635264
2025-10-17 22:00:00+00:00,107047.546875,107437.015625,106927.71875,107372.5625,0
2025-10-17 23:00:00+00:00,106447.984375,107037.140625,106447.984375,107037.140625,0
2025-10-18 00:00:00+00:00,106839.5078125,106864.578125,106408.53125,106474.34375,0
2025-10-18 01:00:00+00:00,107165.0546875,107282.09375,106881.3828125,106881.4453125,0
2025-10-18 02:00:00+00:00,106634.8984375,107317.7109375,106572.5,107195.0703125,0
2025-10-18 03:00:00+00:00,107104.234375,107147.390625,106656.0234375,106656.0234375,2848522240
2025-10-18 04:00:00+00:00,106538.7421875,106985.1328125,106489.4140625,106985.1328125,327884800
2025-10-18 05:00:00+00:00,106859.3046875,106859.3046875,106542.1015625,106542.1015625,0
2025-10-18 06:00:00+00:00,106941.203125,106965.734375,106789.03125,106864.5390625,0
2025-10-18 07:00:00+00:00,106838.46875,107480.40625,106838.46875,106912.5,0
2025-10-18 08:00:00+00:00,106828.34375,106990.3203125,106710.6953125,106729.1328125,0
2025-10-18 09:00:00+00:00,106957.3359375,106972.328125,106719.7421875,106770.5546875,0
2025-10-18 10:00:00+00:00,106853.3359375,107172.78125,106853.3359375,106957.046875,0
2025-10-18 11:00:00+00:00,107014.1640625,107071.9921875,106815.1953125,106960.1484375,0
2025-10-18 12:00:00+00:00,107113.609375,107340.984375,107041.25,107252.15625,0
2025-10-18 13:00:00+00:00,106933.453125,107130.4453125,106879.234375,107118.1171875,0
2025-10-18 14:00:00+00:00,107018.765625,107085.84375,106827.03125,106938.828125,0
2025-10-18 15:00:00+00:00,106986.8203125,107179.078125,106882.28125,107048.1328125,0
2025-10-18 16:00:00+00:00,106711.03125,107068.1484375,106569.609375,106987.2265625,0
2025-10-18 17:00:00+00:00,106879.75,106941.0546875,106658.4375,106702.6015625,0
2025-10-18 18:00:00+00:00,106875.0859375,106910.7421875,106777.3671875,106910.3125,0
2025-10-18 19:00:00+00:00,107077.109375,107101.359375,106839.34375,106875.6328125,0
2025-10-18 20:00:00+00:00,107101.7578125,107295.9375,107062.7734375,107102.859375,0
2025-10-18 21:00:00+00:00,107208.6015625,107217.7109375,106919.8203125,107054.3515625,0
2025-10-18 22:00:00+00:00,107154.71875,107298.28125,107130.1484375,107227.1328125,0
2025-10-18 23:00:00+00:00,107171.265625,107219.0625,107058.2890625,107156.484375,2621440
2025-10-19 00:00:00+00:00,106927.3671875,107256.140625,106789.046875,107198.890625,0
2025-10-19 01:00:00+00:00,106972.3125,107004.5078125,106805.90625,106923.3515625,0
2025-10-19 02:00:00+00:00,106883.4921875,107008.4453125,106868.8046875,106978.3671875,0
2025-10-19 03:00:00+00:00,107303.8828125,107332.8828125,106838.21875,106873.328125,0
2025-10-19 04:00:00+00:00,107089.7578125,107285.515625,107045.6875,107285.515625,1127974912
2025-10-19 05:00:00+00:00,106877.984375,107160.4921875,106846.7578125,107081.7890625,0
2025-10-19 06:00:00+00:00,106776.4921875,106941.484375,106624.8125,106915.78125,1859547136
2025-10-19 07:00:00+00:00,106802.0234375,106948.7421875,106742.5625,106796.140625,0
2025-10-19 08:00:00+00:00,106496.453125,107201.1640625,106330.5,106808.8203125,0
2025-10-19 09:00:00+00:00,107592.75,107751.6484375,106175.34375,106479.8515625,3560949760
2025-10-19 10:00:00+00:00,107853.875,107874.296875,107361.7890625,107610.671875,2577242112
2025-10-19 11:00:00+00:00,107820.734375,108186.9296875,107700.890625,107881.9765625,1177362432
2025-10-19 12:00:00+00:00,107621.125,107843.1640625,107522.296875,107815.2109375,1595830272
2025-10-19 13:00:00+00:00,108128.6953125,108172.75,107441.4375,107620.625,521682944
2025-10-19 14:00:00+00:00,108495.65625,108516.6484375,107957.03125,108111.1796875,1952665600
2025-10-19 15:00:00+00:00,108495.3125,108603.8984375,108375.015625,108489.3515625,1463091200
2025-10-19 16:00:00+00:00,108720.609375,108921.3125,108336.5,108542.15625,0
2025-10-19 17:00:00+00:00,109133.390625,109414.875,108672.3359375,108672.3359375,1604333568
2025-10-19 18:00:00+00:00,109455.9375,109465.265625,109120.171875,109173.125,1433743360
2025-10-19 19:00:00+00:00,108965.1953125,109440.5625,108880.5703125,109440.5625,837664768
2025-10-19 20:00:00+00:00,108923.40625,109010.546875,108883.28125,108961.015625,750612480
2025-10-19 21:00:00+00:00,108805.9765625,108912.0078125,108673.078125,108912.0078125,184926208
2025-10-19 22:00:00+00:00,109194.921875,109379.8359375,108791.640625,108791.640625,1038893056
2025-10-19 23:00:00+00:00,108663.375,109191.171875,108529.453125,109191.171875,289816576
2025-10-20 00:00:00+00:00,108022.6171875,108671.8125,107574.75,108671.8125,1702461440
2025-10-20 01:00:00+00:00,108120.875,108280.8125,107956.046875,108083.7265625,2147753984
2025-10-20 02:00:00+00:00,108810.671875,108952.421875,107936.984375,108049.21875,708882432
2025-10-20 03:00:00+00:00,110211.2109375,110430.0625,108617.1953125,108808.90625,1819701248
2025-10-20 04:00:00+00:00,110477.8046875,110477.8046875,110031.96875,110288.9921875,3015618560
2025-10-20 05:00:00+00:00,111010.6796875,111134.0,110340.34375,110463.328125,797396992
2025-10-20 06:00:00+00:00,111347.203125,111359.8984375,111047.0546875,111047.0546875,3122356224
2025-10-20 07:00:00+00:00,111211.859375,111402.65625,111100.3984375,111344.7421875,1882517504
2025-10-20 08:00:00+00:00,111160.59375,111596.296875,111005.8828125,111209.65625,10694656
2025-10-20 09:00:00+00:00,111013.484375,111209.203125,110746.0703125,111150.828125,0
2025-10-20 10:00:00+00:00,110781.109375,111109.109375,110729.265625,110989.7578125,0
2025-10-20 11:00:00+00:00,111014.3671875,111041.2734375,110696.2109375,110774.3515625,0
2025-10-20 12:00:00+00:00,110879.1015625,111206.4609375,110831.6875,111027.7578125,404500480
2025-10-20 13:00:00+00:00,111196.8671875,111196.8671875,110627.2109375,110868.8671875,363257856
2025-10-20 14:00:00+00:00,111302.25,111351.9375,110781.90625,111194.296875,0
2025-10-20 15:00:00+00:00,111300.4921875,111711.03125,111149.234375,111306.0859375,0
2025-10-20 16:00:00+00:00,110734.921875,111323.765625,110291.0234375,111298.328125,0
2025-10-20 17:00:00+00:00,110303.84375,111082.2421875,109972.09375,110752.5546875,8492281856
2025-10-20 18:00:00+00:00,110949.5625,110949.5625,110269.7109375,110311.2578125,1851559936
2025-10-20 19:00:00+00:00,110878.4609375,111042.390625,110589.8671875,110971.140625,397176832
2025-10-20 20:00:00+00:00,111036.640625,111176.5390625,110724.578125,110856.1875,83869696
2025-10-20 21:00:00+00:00,110566.5234375,111248.390625,110525.765625,111080.078125,0
2025-10-20 22:00:00+00:00,110838.828125,110900.4453125,110477.1640625,110583.765625,0
2025-10-20 23:00:00+00:00,110605.1875,110854.6015625,110576.71875,110821.15625,642351104
2025-10-21 00:00:00+00:00,110516.6796875,110587.6328125,110212.3515625,110587.6328125,0
2025-10-21 01:00:00+00:00,109839.125,110496.34375,109694.2734375,110496.34375,0
2025-10-21 02:00:00+00:00,109525.609375,109905.890625,109422.6875,109899.5859375,1308925952
2025-10-21 03:00:00+00:00,109181.9453125,109642.75,109181.9453125,109528.109375,0
2025-10-21 04:00:00+00:00,107843.015625,109155.5,107735.3671875,109155.5,1943232512
2025-10-21 05:00:00+00:00,107571.828125,107989.34375,107545.8515625,107934.828125,0
2025-10-21 06:00:00+00:00,107968.515625,108126.8671875,107564.0703125,107578.0703125,1469198336
2025-10-21 07:00:00+00:00,108122.0234375,108186.375,107707.328125,107964.515625,0
2025-10-21 08:00:00+00:00,107783.546875,108131.34375,107534.75,108131.34375,0
2025-10-21 09:00:00+00:00,107769.9609375,107879.40625,107620.71875,107739.703125,0
2025-10-21 10:00:00+00:00,108611.6796875,108738.203125,107626.84375,107790.234375,862990336
2025-10-21 11:00:00+00:00,108604.484375,108641.9375,108235.5625,108510.1484375,0
2025-10-21 12:00:00+00:00,108920.34375,109450.421875,108548.3984375,108615.484375,2604568576
2025-10-21 13:00:00+00:00,108404.0703125,108896.0078125,108292.515625,108886.953125,598487040
2025-10-21 14:00:00+00:00,112040.71875,112091.265625,108458.265625,108458.265625,4554489856
2025-10-21 15:00:00+00:00,113351.0390625,113536.0234375,111872.984375,112161.8359375,8219615232
2025-10-21 16:00:00+00:00,112841.3984375,113938.7890625,112841.3984375,113440.3828125,1693220864
2025-10-21 17:00:00+00:00,112099.3125,112978.015625,111910.8828125,112793.1484375,7602397184
2025-10-21 18:00:00+00:00,112030.90625,112283.7734375,111592.6796875,112063.5078125,4938784768
2025-10-21 19:00:00+00:00,111920.5234375,112202.359375,111674.796875,112044.625,0
2025-10-21 20:00:00+00:00,110983.859375,111831.59375,110769.5703125,111831.59375,1730936832
2025-10-21 21:00:00+00:00,110947.3515625,111144.34375,110257.671875,110940.453125,2852929536
2025-10-21 22:00:00+00:00,109067.3828125,110916.078125,108824.2890625,110916.078125,3574702080
2025-10-21 23:00:00+00:00,108400.8828125,109479.4296875,108283.7578125,109110.84375,2897182720
2025-10-22 00:00:00+00:00,108117.6953125,108612.0,107990.3359375,108380.0078125,2574352384
2025-10-22 01:00:00+00:00,108429.015625,108488.765625,108065.5390625,108065.5390625,1776312320
2025-10-22 02:00:00+00:00,108344.375,108650.078125,108311.5,108424.5859375,0
2025-10-22 03:00:00+00:00,108249.3671875,108255.3359375,107950.9765625,108223.8046875,1362485248
2025-10-22 04:00:00+00:00,108652.3046875,108652.3046875,108221.890625,108272.5546875,0
2025-10-22 05:00:00+00:00,108213.625,108673.1171875,107948.109375,108660.0,0
2025-10-22 06:00:00+00:00,108066.21875,108383.28125,108036.640625,108225.796875,203685888
2025-10-22 07:00:00+00:00,108344.0,108344.0,107701.4140625,108053.5078125,785506304
2025-10-22 08:00:00+00:00,108288.5078125,108395.0078125,108145.375,108383.4765625,0
2025-10-22 09:00:00+00:00,108006.6171875,108302.5,107867.6015625,108280.34375,0
2025-10-22 10:00:00+00:00,107698.8125,108137.5234375,107698.8125,108020.21875,0
2025-10-22 11:00:00+00:00,107582.3359375,108180.2265625,106965.2265625,107724.890625,3664289792
2025-10-22 12:00:00+00:00,108066.890625,108293.6171875,107561.6484375,107596.7578125,95485952
2025-10-22 13:00:00+00:00,108915.3203125,108915.3203125,107787.2421875,108082.375,0
2025-10-22 14:00:00+00:00,108796.15625,108796.15625,107705.8046875,108753.3046875,1860509696
2025-10-22 15:00:00+00:00,108365.640625,109070.765625,107864.90625,108899.4140625,0
2025-10-22 16:00:00+00:00,108415.078125,108731.6328125,107983.03125,108403.4609375,0
2025-10-22 17:00:00+00:00,107781.3125,108284.7265625,107630.890625,108242.5,0
2025-10-22 18:00:00+00:00,107978.9296875,108183.5,107530.6953125,107770.359375,0
2025-10-22 19:00:00+00:00,107788.953125,108374.390625,107788.953125,108004.9140625,0
2025-10-22 20:00:00+00:00,107658.9375,108003.6796875,107511.5234375,107837.4140625,0
2025-10-22 21:00:00+00:00,107200.1015625,107676.765625,106793.546875,107676.765625,1144242176
2025-10-22 22:00:00+00:00,107207.0,107575.0390625,106988.8359375,107178.5078125,0
2025-10-22 23:00:00+00:00,107719.2890625,107885.4609375,107232.046875,107232.046875,0
2025-10-23 00:00:00+00:00,107881.53125,107961.6640625,107563.6640625,107609.4375,0
2025-10-23 01:00:00+00:00,108196.21875,108468.859375,107858.5,107872.484375,0
2025-10-23 02:00:00+00:00,108371.84375,108401.4453125,108118.859375,108181.25,0
2025-10-23 03:00:00+00:00,108404.8828125,108727.1953125,108385.703125,108428.1953125,153485312
2025-10-23 04:00:00+00:00,108748.9296875,108953.1953125,108401.6875,108407.25,0
2025-10-23 05:00:00+00:00,108999.0859375,108999.0859375,108714.7421875,108726.328125,0
2025-10-23 06:00:00+00:00,110241.6484375,110241.6484375,108914.8203125,108987.703125,1859813376
2025-10-23 07:00:00+00:00,109303.3203125,110241.65625,109295.421875,110241.65625,0
2025-10-23 08:00:00+00:00,109511.3515625,109848.3046875,109303.4765625,109303.4765625,457146368
2025-10-23 09:00:00+00:00,109459.484375,109549.5859375,109187.59375,109531.984375,0
2025-10-23 10:00:00+00:00,109508.765625,109694.34375,109445.8125,109445.8125,709017600
2025-10-23 11:00:00+00:00,109244.2265625,109645.515625,109192.984375,109464.9765625,0
2025-10-23 12:00:00+00:00,109109.53125,109274.3203125,108804.1796875,109274.3203125,655581184
2025-10-23 13:00:00+00:00,109432.5390625,109585.0390625,108894.0625,109181.0703125,0
2025-10-23 14:00:00+00:00,109597.703125,109803.765625,108904.296875,109512.359375,0
2025-10-23 15:00:00+00:00,109981.8828125,110099.7890625,109591.5546875,109618.671875,0
2025-10-23 16:00:00+00:00,110312.9921875,110527.9375,109724.3984375,109975.2421875,0
2025-10-23 17:00:00+00:00,111233.1875,111244.796875,109753.390625,110293.171875,0
2025-10-23 18:00:00+00:00,110589.453125,111282.578125,110357.1484375,111254.34375,1492520960
2025-10-23 19:00:00+00:00,110331.484375,110591.90625,110193.8515625,110591.90625,0
2025-10-23 20:00:00+00:00,109521.6171875,110272.0546875,109521.6171875,110272.0546875,0
2025-10-23 21:00:00+00:00,109584.6328125,109758.5390625,109490.9609375,109570.0859375,0
2025-10-23 22:00:00+00:00,110011.953125,110155.1875,109588.0,109588.0,0
2025-10-23 23:00:00+00:00,110071.640625,110112.546875,109898.21875,109990.0546875,0
2025-10-24 00:00:00+00:00,110572.96875,110694.5859375,110034.703125,110115.0625,119934976
2025-10-24 01:00:00+00:00,110628.7578125,110683.8984375,110272.3046875,110563.34375,0
2025-10-24 02:00:00+00:00,110714.453125,110779.78125,110392.78125,110597.9453125,0
2025-10-24 03:00:00+00:00,110477.9296875,110667.6953125,110358.328125,110667.6953125,0
2025-10-24 04:00:00+00:00,111240.5234375,111382.0859375,110406.65625,110489.25,453677056
2025-10-24 05:00:00+00:00,111293.5859375,111303.7109375,111008.4453125,111229.3515625,330559488
2025-10-24 06:00:00+00:00,111496.4921875,111496.4921875,111198.8671875,111277.9453125,0
2025-10-24 07:00:00+00:00,111111.8203125,111480.4921875,110839.984375,111480.4921875,0
2025-10-24 08:00:00+00:00,111116.984375,111206.53125,110770.6796875,111097.8515625,0
2025-10-24 09:00:00+00:00,111325.984375,111477.671875,111038.4609375,111125.328125,973201408
2025-10-24 10:00:00+00:00,111185.1953125,111342.21875,111102.890625,111337.765625,0
2025-10-24 11:00:00+00:00,111063.3984375,111251.3359375,110664.8984375,111157.765625,0
2025-10-24 12:00:00+00:00,111312.21875,111842.53125,110934.9609375,111150.4453125,1556836352
2025-10-24 13:00:00+00:00,110897.4765625,111443.53125,110467.8671875,111308.734375,435646464
2025-10-24 14:00:00+00:00,110167.1171875,110953.1171875,109832.2109375,110953.1171875,1395884032
2025-10-24 15:00:00+00:00,110044.8046875,110593.2578125,110012.7265625,110209.0390625,541253632
2025-10-24 16:00:00+00:00,110277.1015625,110382.6640625,109866.6953125,110065.1015625,0
2025-10-24 17:00:00+00:00,110281.2734375,110588.8671875,110258.2734375,110288.8828125,0
2025-10-24 18:00:00+00:00,110640.734375,110640.734375,110195.2890625,110288.1796875,0
2025-10-24 19:00:00+00:00,110626.46875,110941.1796875,110580.640625,110625.453125,525914112
2025-10-24 20:00:00+00:00,110871.09375,110989.28125,110541.46875,110648.4375,0
2025-10-24 21:00:00+00:00,111121.0234375,111121.0234375,110669.4609375,110905.3671875,373522432
2025-10-24 22:00:00+00:00,111079.984375,111148.140625,110981.0,111113.4609375,74981376
2025-10-24 23:00:00+00:00,111001.2421875,111163.3125,110926.578125,111064.984375,0
2025-10-25 00:00:00+00:00,110744.3671875,111072.5234375,110704.40625,111042.21875,0
2025-10-25 01:00:00+00:00,111050.875,111227.4296875,110797.140625,110797.140625,0
2025-10-25 02:00:00+00:00,111086.2578125,111151.046875,110987.640625,111107.0,276320256
2025-10-25 03:00:00+00:00,111074.65625,111147.015625,111045.9921875,111093.7421875,0
2025-10-25 04:00:00+00:00,111298.0,111453.0234375,111056.578125,111056.578125,0
2025-10-25 05:00:00+00:00,111360.046875,111405.9296875,111115.140625,111255.6875,0
2025-10-25 06:00:00+00:00,111397.140625,111503.484375,111307.28125,111490.4609375,0
2025-10-25 07:00:00+00:00,111519.5625,111735.1875,111403.0390625,111405.796875,0
2025-10-25 08:00:00+00:00,111785.328125,111785.328125,111503.421875,111525.0859375,0
2025-10-25 09:00:00+00:00,111543.375,111840.796875,111532.4375,111784.2265625,0
2025-10-25 10:00:00+00:00,111633.953125,111737.9921875,111445.4140625,111540.1328125,0
2025-10-25 11:00:00+00:00,111606.1484375,111677.3828125,111556.140625,111614.4921875,0
2025-10-25 12:00:00+00:00,111934.421875,111934.421875,111579.3828125,111598.2890625,0
2025-10-25 13:00:00+00:00,111678.609375,111929.3671875,111573.0,111929.3671875,0
2025-10-25 14:00:00+00:00,111602.8203125,111761.125,111570.4296875,111691.109375,0
2025-10-25 15:00:00+00:00,111404.171875,111608.984375,111380.9765625,111602.640625,0
2025-10-25 16:00:00+00:00,111374.140625,111465.2109375,111228.3125,111412.9921875,5053507584
2025-10-25 17:00:00+00:00,111370.890625,111466.8046875,111336.5,111384.359375,0
2025-10-25 18:00:00+00:00,111696.421875,111734.609375,111354.390625,111372.7109375,0
2025-10-25 19:00:00+00:00,111622.515625,111726.7890625,111611.6171875,111726.7890625,118685696
2025-10-25 20:00:00+00:00,111498.390625,111661.4609375,111432.8046875,111628.8515625,0
2025-10-25 21:00:00+00:00,111447.46875,111470.9609375,111367.8671875,111470.9609375,0
2025-10-25 22:00:00+00:00,111667.625,111691.6953125,111435.96875,111471.3359375,0
2025-10-25 23:00:00+00:00,111654.6953125,111683.109375,111565.890625,111650.7421875,681207808
2025-10-26 00:00:00+00:00,111745.9296875,111869.8515625,111577.3359375,111650.640625,324890624
2025-10-26 01:00:00+00:00,111635.015625,111827.1953125,111608.1328125,111736.3828125,0
2025-10-26 02:00:00+00:00,111474.84375,111689.203125,111466.53125,111648.953125,220712960
2025-10-26 03:00:00+00:00,111288.1171875,111498.2109375,111284.1953125,111476.140625,0
2025-10-26 04:00:00+00:00,111439.109375,111465.1171875,111268.546875,111286.78125,0
2025-10-26 05:00:00+00:00,111629.78125,111635.4609375,111393.90625,111441.8671875,0
2025-10-26 06:00:00+00:00,111630.1640625,111660.3671875,111557.0234375,111621.03125,0
2025-10-26 07:00:00+00:00,111718.9140625,111726.8828125,111624.078125,111629.9453125,0
2025-10-26 08:00:00+00:00,111797.9609375,111852.90625,111734.4140625,111734.4140625,484401152
2025-10-26 09:00:00+00:00,112464.703125,112698.4375,111741.8125,111794.4765625,1188720640
2025-10-26 10:00:00+00:00,112450.4296875,112549.515625,112252.7890625,112494.671875,939939840
2025-10-26 11:00:00+00:00,113275.234375,113329.3828125,112468.171875,112468.171875,1191929856
2025-10-26 12:00:00+00:00,113605.4921875,113760.40625,113292.453125,113292.453125,2468548608
2025-10-26 13:00:00+00:00,113723.4375,113895.5703125,113343.234375,113572.203125,1655738368
2025-10-26 14:00:00+00:00,113575.6796875,113856.453125,113565.921875,113709.9921875,1484914688
2025-10-26 15:00:00+00:00,113693.71875,113696.96875,113453.0078125,113555.3046875,255092736
2025-10-26 16:00:00+00:00,113549.6640625,113708.1875,113315.171875,113695.7890625,1280444416
2025-10-26 17:00:00+00:00,113460.6171875,113711.4765625,113460.6171875,113531.0078125,477335552
2025-10-26 18:00:00+00:00,113628.78125,113748.1328125,113452.5703125,113455.15625,219678720
2025-10-26 19:00:00+00:00,113562.71875,113697.1953125,113520.5546875,113608.1875,132755456
2025-10-26 20:00:00+00:00,113416.015625,113583.4375,113388.390625,113583.4375,133591040
2025-10-26 21:00:00+00:00,113439.9296875,113549.3984375,113034.421875,113366.359375,788332544
2025-10-26 22:00:00+00:00,114670.8125,115017.4765625,113450.8515625,113450.8515625,3707011072
2025-10-26 23:00:00+00:00,114455.125,114884.7578125,114409.796875,114664.7890625,2526691328
2025-10-27 00:00:00+00:00,114819.1953125,115073.53125,114431.703125,114557.6640625,1746432000
2025-10-27 01:00:00+00:00,115296.9296875,115339.0546875,114720.484375,114771.8046875,350879744
2025-10-27 02:00:00+00:00,114903.3046875,115432.1953125,114828.8046875,115285.6875,2316316672
2025-10-27 03:00:00+00:00,114961.671875,115175.9375,114854.0234375,114890.8828125,63451136
2025-10-27 04:00:00+00:00,115244.3671875,115276.2265625,114969.3515625,114976.34375,1632026624
2025-10-27 05:00:00+00:00,115572.5703125,115601.234375,115243.8671875,115243.8671875,518025216
2025-10-27 06:00:00+00:00,116070.2890625,116070.2890625,115405.1171875,115558.015625,4065492992
2025-10-27 07:00:00+00:00,115579.359375,116078.65625,115500.515625,116002.109375,3715121152
2025-10-27 08:00:00+00:00,114994.0078125,115563.3984375,114926.6171875,115562.3515625,2412826624
2025-10-27 09:00:00+00:00,115263.0703125,115320.6171875,114835.796875,115006.6796875,0
2025-10-27 10:00:00+00:00,115418.3359375,115506.6796875,115157.9765625,115255.3359375,1312452608
2025-10-27 11:00:00+00:00,115418.453125,115505.3046875,115204.21875,115423.5703125,0
2025-10-27 12:00:00+00:00,115054.4921875,115365.765625,115042.0625,115365.765625,0
2025-10-27 13:00:00+00:00,115250.796875,115329.0625,114631.390625,115047.21875,0
2025-10-27 14:00:00+00:00,114802.1484375,115271.859375,114604.078125,115245.4765625,1039757312
2025-10-27 15:00:00+00:00,114995.8984375,115147.3984375,114796.4375,114796.4375,2818043904
2025-10-27 16:00:00+00:00,115558.9765625,115606.6640625,114932.625,114951.2265625,0
2025-10-27 17:00:00+00:00,115664.40625,115664.40625,115330.8671875,115497.0859375,1438711808
2025-10-27 18:00:00+00:00,115362.6640625,115759.40625,115362.6640625,115707.828125,0
2025-10-27 19:00:00+00:00,114914.3359375,115325.25,114798.515625,115325.25,999768064
2025-10-27 20:00:00+00:00,114515.8828125,114897.9609375,114478.3125,114897.9609375,945733632
2025-10-27 21:00:00+00:00,114447.4921875,114572.3515625,114167.2578125,114488.1640625,1486979072
2025-10-27 22:00:00+00:00,114117.0390625,114580.078125,114097.0546875,114389.015625,0
2025-10-27 23:00:00+00:00,114123.109375,114178.421875,113899.0,114116.4609375,716967936
2025-10-28 00:00:00+00:00,113948.3828125,114303.484375,113859.3828125,114117.03125,0
2025-10-28 01:00:00+00:00,114451.5078125,114499.421875,113955.5234375,113955.5234375,23896064
2025-10-28 02:00:00+00:00,113950.7734375,114463.0390625,113712.25,114432.0703125,0
2025-10-28 03:00:00+00:00,113933.46875,114079.2109375,113792.4453125,113930.421875,0
2025-10-28 04:00:00+00:00,113977.6953125,114045.953125,113827.3125,113909.2890625,836431872
2025-10-28 05:00:00+00:00,113621.7578125,113982.8984375,113588.09375,113982.8984375,0
2025-10-28 06:00:00+00:00,114099.1640625,114161.3046875,113619.484375,113619.484375,0
2025-10-28 07:00:00+00:00,114215.25,114296.1640625,114106.2890625,114106.2890625,0
2025-10-28 08:00:00+00:00,114413.9140625,114447.234375,114134.3046875,114200.59375,0
2025-10-28 09:00:00+00:00,114516.875,114568.3671875,114209.3203125,114411.2109375,0
2025-10-28 10:00:00+00:00,114590.4375,114592.4296875,114436.6796875,114512.90625,358866944
2025-10-28 11:00:00+00:00,114347.1484375,114615.4921875,114311.96875,114588.4375,107970560
2025-10-28 12:00:00+00:00,114469.5859375,114488.859375,114139.484375,114347.9140625,0
2025-10-28 13:00:00+00:00,115442.03125,115442.03125,114446.8046875,114446.8046875,1574985728
2025-10-28 14:00:00+00:00,115080.40625,116049.546875,114350.3203125,115483.7890625,2740101120
2025-10-28 15:00:00+00:00,114707.984375,115334.5234375,114545.703125,115048.5234375,396738560
2025-10-28 16:00:00+00:00,115371.1484375,115467.125,114546.09375,114636.796875,1160093696
2025-10-28 17:00:00+00:00,115325.6796875,115559.265625,115286.1484375,115366.3671875,1982386176
2025-10-28 18:00:00+00:00,114936.515625,115333.203125,114683.0,115315.9453125,0
2025-10-28 19:00:00+00:00,113635.1953125,115013.2890625,113601.609375,114977.546875,1223270400
2025-10-28 20:00:00+00:00,112863.7890625,113662.3828125,112423.9375,113662.3828125,3912286208
2025-10-28 21:00:00+00:00,113085.8359375,113191.21875,112291.6796875,112838.5078125,1296687104
2025-10-28 22:00:00+00:00,113239.0625,113290.3359375,112866.40625,113061.234375,2126729216
2025-10-28 23:00:00+00:00,112963.1875,113247.0703125,112838.859375,113247.0703125,1012371456
2025-10-29 00:00:00+00:00,112545.453125,112887.8671875,112541.234375,112849.84375,0
2025-10-29 01:00:00+00:00,112573.2578125,112907.9375,112127.2890625,112518.09375,1784881152
2025-10-29 02:00:00+00:00,112685.484375,112760.1015625,112466.0390625,112546.2734375,0
2025-10-29 03:00:00+00:00,112539.2265625,112687.640625,112418.0859375,112687.640625,321150976
2025-10-29 04:00:00+00:00,112838.28125,112851.640625,112543.6796875,112543.6796875,0
2025-10-29 05:00:00+00:00,113103.8046875,113337.6640625,112840.8359375,112840.8359375,0
2025-10-29 06:00:00+00:00,113326.2578125,113339.4296875,113001.171875,113071.546875,0
2025-10-29 07:00:00+00:00,113547.703125,113547.703125,113271.375,113280.421875,478453760
2025-10-29 08:00:00+00:00,113060.796875,113626.5390625,113020.9296875,113565.203125,567574528
2025-10-29 09:00:00+00:00,113024.09375,113101.65625,112835.1796875,113080.5703125,0
2025-10-29 10:00:00+00:00,112900.0390625,113165.953125,112819.484375,113001.1875,1636851712
2025-10-29 11:00:00+00:00,113180.046875,113263.7578125,112824.171875,112888.171875,460750848
2025-10-29 12:00:00+00:00,113172.9453125,113329.6953125,113086.8515625,113164.171875,0
2025-10-29 13:00:00+00:00,112935.28125,113612.2578125,112816.40625,113208.7265625,0
2025-10-29 14:00:00+00:00,112419.6640625,112927.2734375,112310.5546875,112927.2734375,0
2025-10-29 15:00:00+00:00,111546.140625,112553.953125,111492.3828125,112553.953125,168816640
2025-10-29 16:00:00+00:00,111172.6796875,111540.6171875,111034.890625,111540.6171875,1115439104
2025-10-29 17:00:00+00:00,111786.96875,111877.109375,111069.4375,111141.5859375,0
2025-10-29 18:00:00+00:00,111056.453125,111974.9140625,109653.421875,111817.8125,4713070592
2025-10-29 19:00:00+00:00,110716.0859375,111419.0546875,110263.4375,110819.8984375,1285545984
2025-10-29 20:00:00+00:00,111433.90625,111553.15625,110471.734375,110716.0859375,0
2025-10-29 21:00:00+00:00,111599.0546875,111806.6015625,111407.7890625,111463.2265625,0
2025-10-29 22:00:00+00:00,111040.59375,111643.109375,111040.59375,111643.109375,0
2025-10-29 23:00:00+00:00,110091.921875,111042.171875,109900.125,111028.2578125,0
2025-10-30 00:00:00+00:00,110551.328125,110572.46875,109768.8046875,110066.0,0
2025-10-30 01:00:00+00:00,110631.609375,110710.0078125,110313.6796875,110562.15625,0
2025-10-30 02:00:00+00:00,110958.75,110986.09375,110420.84375,110420.84375,537706496
2025-10-30 03:00:00+00:00,110646.21875,110963.609375,110606.4921875,110963.609375,53985280
2025-10-30 04:00:00+00:00,108786.546875,110726.90625,108085.6953125,110726.90625,5735604224
2025-10-30 05:00:00+00:00,110406.9609375,110406.9609375,108517.28125,108599.828125,1699778560
2025-10-30 06:00:00+00:00,110831.015625,110925.3515625,110048.625,110297.765625,2217660416
2025-10-30 07:00:00+00:00,111356.84375,111585.46875,110719.4921875,110780.375,722911232
2025-10-30 08:00:00+00:00,110736.3359375,111342.8671875,110735.484375,111341.515625,0
2025-10-30 09:00:00+00:00,110231.8828125,110769.390625,110179.7421875,110724.4296875,887463936
2025-10-30 10:00:00+00:00,110105.015625,110208.796875,109887.0,110137.265625,1753161728
2025-10-30 11:00:00+00:00,109796.4765625,110128.8203125,109784.4609375,110112.0078125,0
2025-10-30 12:00:00+00:00,108398.953125,109776.0234375,108374.53125,109776.0234375,3105382400
2025-10-30 13:00:00+00:00,107788.15625,108710.0390625,107458.8515625,108345.234375,2673287168
2025-10-30 14:00:00+00:00,108323.9296875,108323.9296875,107784.0859375,107784.0859375,0
2025-10-30 15:00:00+00:00,107748.8828125,108312.859375,107389.28125,108312.859375,0
2025-10-30 16:00:00+00:00,108065.9296875,108210.4375,107638.7734375,107714.4609375,0
2025-10-30 17:00:00+00:00,107450.15625,108122.6015625,106869.2421875,108122.6015625,1505607680
2025-10-30 18:00:00+00:00,106886.4296875,107507.9609375,106886.4296875,107474.875,0
2025-10-30 19:00:00+00:00,106452.8984375,107107.390625,106452.8984375,106822.109375,0
2025-10-30 20:00:00+00:00,107514.5546875,107514.5546875,106398.71875,106510.9609375,1368104960
2025-10-30 21:00:00+00:00,107900.6015625,107904.46875,107419.546875,107528.15625,833847296
2025-10-30 22:00:00+00:00,107880.90625,107912.5390625,107483.9609375,107912.5390625,0
2025-10-30 23:00:00+00:00,108300.6015625,108300.6015625,107616.546875,107891.7421875,0
2025-10-31 00:00:00+00:00,109392.8515625,109500.90625,108288.2734375,108288.2734375,272269312
2025-10-31 01:00:00+00:00,109559.5859375,109985.84375,109221.1640625,109236.109375,1424154624
2025-10-31 02:00:00+00:00,108804.484375,109641.1953125,108690.3203125,109594.359375,778838016
2025-10-31 03:00:00+00:00,109224.1875,109263.8203125,108667.0625,108831.8203125,1214218240
2025-10-31 04:00:00+00:00,110130.75,110142.8515625,109141.5625,109211.8515625,0
2025-10-31 05:00:00+00:00,109878.9140625,109999.3125,109701.1953125,109999.3125,0
2025-10-31 06:00:00+00:00,109610.796875,109923.515625,109507.7265625,109873.1875,0
2025-10-31 07:00:00+00:00,109461.15625,109724.8359375,109280.4765625,109669.9375,0
2025-10-31 08:00:00+00:00,110014.4375,110014.4375,109186.0390625,109421.9921875,0
2025-10-31 09:00:00+00:00,109821.1796875,110342.0859375,109805.1796875,110052.65625,2416336896
2025-10-31 10:00:00+00:00,109788.859375,110027.6015625,109727.078125,109805.96875,0
2025-10-31 11:00:00+00:00,110351.1171875,110351.1171875,109465.921875,109801.75,0
2025-10-31 12:00:00+00:00,109612.984375,110504.2578125,109612.984375,110299.34375,0
2025-10-31 13:00:00+00:00,110095.3515625,110154.3203125,109489.2578125,109621.3125,0
2025-10-31 14:00:00+00:00,110795.875,110885.3125,109625.1796875,110089.203125,0
2025-10-31 15:00:00+00:00,110160.484375,111004.484375,110133.03125,110692.9453125,3826196480
2025-10-31 16:00:00+00:00,108753.390625,110202.078125,108753.390625,110169.2421875,530038784
2025-10-31 17:00:00+00:00,109226.5078125,109337.6796875,108605.5546875,108605.5546875,0
2025-10-31 18:00:00+00:00,109316.3203125,109704.8671875,108958.9296875,109238.171875,2254761984
2025-10-31 19:00:00+00:00,109818.265625,110147.203125,109121.71875,109393.671875,0
2025-10-31 20:00:00+00:00,109426.515625,109806.0859375,109419.375,109806.0859375,0
2025-10-31 21:00:00+00:00,109532.765625,109683.7109375,109279.1875,109422.5859375,0
2025-10-31 22:00:00+00:00,109581.5546875,109750.09375,109487.8203125,109501.3046875,0
2025-10-31 23:00:00+00:00,109561.828125,109621.1484375,109487.515625,109531.1484375,0
2025-11-01 00:00:00+00:00,109681.0078125,109702.015625,109373.3203125,109559.015625,0
2025-11-01 01:00:00+00:00,109722.546875,109976.359375,109660.1796875,109672.515625,0
2025-11-01 02:00:00+00:00,109754.1640625,109795.328125,109434.53125,109690.03125,0
2025-11-01 03:00:00+00:00,110170.6484375,110207.2265625,109741.65625,109741.65625,0
2025-11-01 04:00:00+00:00,110236.9453125,110390.5390625,110096.28125,110167.9453125,0
2025-11-01 05:00:00+00:00,110056.4140625,110295.40625,110019.1875,110239.4609375,0
2025-11-01 06:00:00+00:00,109945.1953125,110099.09375,109905.6796875,110078.953125,0
2025-11-01 07:00:00+00:00,110013.703125,110177.9453125,109930.6796875,109930.6796875,0
2025-11-01 08:00:00+00:00,110157.546875,110184.9453125,110004.578125,110004.578125,0
2025-11-01 09:00:00+00:00,109939.71875,110182.4375,109929.46875,110182.4375,0
2025-11-01 10:00:00+00:00,110055.15625,110085.859375,109812.46875,109974.984375,0
2025-11-01 11:00:00+00:00,110065.5,110164.15625,109955.0,110063.296875,0
2025-11-01 12:00:00+00:00,109993.09375,110128.328125,109986.84375,110089.96875,0
2025-11-01 13:00:00+00:00,109898.7890625,109992.2421875,109709.9296875,109985.7265625,0
2025-11-01 14:00:00+00:00,109889.7109375,109940.34375,109702.1953125,109922.5859375,0
2025-11-01 15:00:00+00:00,110190.203125,110328.2109375,109869.1796875,109898.203125,0
2025-11-01 16:00:00+00:00,110508.953125,110548.96875,110233.71875,110297.8046875,0
2025-11-01 17:00:00+00:00,110280.65625,110534.328125,110264.671875,110534.328125,0
2025-11-01 18:00:00+00:00,110415.6171875,110444.0703125,110291.1328125,110294.8203125,0
2025-11-01 19:00:00+00:00,110383.53125,110400.9921875,110292.9609375,110400.9921875,0
2025-11-01 20:00:00+00:00,110494.8828125,110551.515625,110366.375,110366.375,0
2025-11-01 21:00:00+00:00,109895.546875,110529.9375,109895.546875,110502.7890625,0
2025-11-01 22:00:00+00:00,110056.7265625,110056.7265625,109864.7421875,109902.0546875,733171712
2025-11-01 23:00:00+00:00,110093.375,110093.375,109951.46875,110036.375,0
2025-11-02 00:00:00+00:00,109915.125,110033.78125,109903.5703125,110033.5546875,0
2025-11-02 01:00:00+00:00,109935.140625,110063.5,109880.5390625,109923.609375,0
2025-11-02 02:00:00+00:00,109995.2265625,110141.8203125,109871.640625,109908.6484375,0
2025-11-02 03:00:00+00:00,109994.1796875,110003.46875,109925.125,109991.40625,23160832
2025-11-02 04:00:00+00:00,110666.9921875,110666.9921875,109988.9921875,109999.671875,223827968
2025-11-02 05:00:00+00:00,110493.890625,110665.1171875,110292.3828125,110626.8359375,2491854848
2025-11-02 06:00:00+00:00,110636.0703125,110690.0,110299.125,110476.84375,971266048
2025-11-02 07:00:00+00:00,110886.0078125,110980.5546875,110437.53125,110636.3203125,0
2025-11-02 08:00:00+00:00,110754.9921875,110930.125,110690.609375,110925.125,1356912640
2025-11-02 09:00:00+00:00,110665.265625,111000.359375,110502.34375,110792.9375,0
2025-11-02 10:00:00+00:00,110400.8359375,110799.5078125,110361.7109375,110663.7578125,1720784896
2025-11-02 11:00:00+00:00,111113.234375,111123.921875,110503.875,110503.875,0
2025-11-02 12:00:00+00:00,110778.109375,111152.6953125,110709.3359375,111133.6640625,616738816
2025-11-02 13:00:00+00:00,110529.6328125,110721.3515625,110258.9375,110712.671875,1238366208
2025-11-02 14:00:00+00:00,110398.4765625,110625.1484375,110218.09375,110494.6171875,400084992
2025-11-02 15:00:00+00:00,110125.2421875,110512.2890625,110125.2421875,110396.3359375,0
2025-11-02 16:00:00+00:00,110122.578125,110122.578125,109747.109375,109958.9609375,218519552
2025-11-02 17:00:00+00:00,110153.3203125,110252.1484375,110034.1640625,110119.375,878526464
2025-11-02 18:00:00+00:00,110268.265625,110309.9453125,110160.984375,110173.4140625,0
2025-11-02 19:00:00+00:00,110172.5859375,110315.734375,109970.0078125,110315.734375,0
2025-11-02 20:00:00+00:00,110063.5234375,110173.359375,109898.265625,110173.359375,0
2025-11-02 21:00:00+00:00,110011.9609375,110113.6953125,109988.3515625,110085.5703125,2047543296
2025-11-02 22:00:00+00:00,109798.46875,110019.0078125,109559.1015625,110002.09375,0
2025-11-02 23:00:00+00:00,110678.5546875,110678.5546875,109837.1953125,109837.1953125,1322147840
2025-11-03 00:00:00+00:00,109835.9921875,110713.7109375,109835.9921875,110528.0390625,359118848
2025-11-03 01:00:00+00:00,109632.1640625,109828.9453125,109405.5703125,109783.703125,2642632704
2025-11-03 02:00:00+00:00,109011.6796875,109734.0078125,108711.5,109679.25,1202184192
2025-11-03 03:00:00+00:00,108007.796875,109107.515625,107971.4453125,109020.2421875,1785815040
2025-11-03 04:00:00+00:00,107852.1171875,107975.9609375,107532.7890625,107975.9609375,2562187264
2025-11-03 05:00:00+00:00,107577.953125,107997.7890625,107432.2109375,107889.828125,0
2025-11-03 06:00:00+00:00,107538.0234375,107672.546875,107065.546875,107592.0078125,684445696
2025-11-03 07:00:00+00:00,107652.0625,107744.1953125,107300.484375,107488.5625,1032433664
2025-11-03 08:00:00+00:00,107483.8359375,107674.28125,107049.109375,107493.0,1894240256
2025-11-03 09:00:00+00:00,107120.5859375,107844.625,107097.9765625,107556.3359375,0
2025-11-03 10:00:00+00:00,107132.890625,107584.5390625,107132.890625,107218.859375,104787968
2025-11-03 11:00:00+00:00,107782.328125,107876.28125,106909.953125,106909.953125,994951168
2025-11-03 12:00:00+00:00,107775.34375,108219.8125,107743.4296875,107779.640625,1379684352
2025-11-03 13:00:00+00:00,107873.296875,108004.421875,107601.9140625,107740.609375,0
2025-11-03 14:00:00+00:00,107995.9296875,108271.5703125,107421.0234375,107892.859375,1461252096
2025-11-03 15:00:00+00:00,105821.1953125,108011.15625,105654.4765625,108011.15625,6453678080
2025-11-03 16:00:00+00:00,106717.328125,106727.5546875,105369.6328125,105724.4609375,5445275648
2025-11-03 17:00:00+00:00,107464.046875,107618.6640625,106565.765625,106690.109375,3190300672
2025-11-03 18:00:00+00:00,106961.703125,107519.5859375,106819.5546875,107372.640625,2772144128
2025-11-03 19:00:00+00:00,107110.515625,107326.328125,106598.6640625,106902.9453125,1828519936
2025-11-03 20:00:00+00:00,106418.59375,107121.203125,106364.7265625,107027.671875,1572474880
2025-11-03 21:00:00+00:00,106819.1875,107027.65625,106286.078125,106613.5078125,2526666752
2025-11-03 22:00:00+00:00,106397.515625,106849.65625,105910.6796875,106849.65625,1273700352
2025-11-03 23:00:00+00:00,106592.1328125,106679.7578125,106034.2734375,106375.9609375,0
2025-11-04 00:00:00+00:00,106391.3203125,106746.71875,105893.09375,106557.8046875,978812928
2025-11-04 01:00:00+00:00,107041.5625,107188.703125,106437.15625,106487.546875,392863744
2025-11-04 02:00:00+00:00,106514.5546875,107169.4765625,106482.3828125,106890.2421875,0
2025-11-04 03:00:00+00:00,107136.75,107150.8828125,106236.953125,106469.8359375,0
2025-11-04 04:00:00+00:00,106749.953125,107231.1796875,106712.140625,107118.2578125,0
2025-11-04 05:00:00+00:00,104219.1484375,106730.1484375,104219.1484375,106730.1484375,3229696000
2025-11-04 06:00:00+00:00,104629.3125,105135.8046875,104225.2109375,104225.2109375,2249662464
2025-11-04 07:00:00+00:00,104495.375,104838.234375,104330.1640625,104736.015625,2490974208
2025-11-04 08:00:00+00:00,104000.140625,104501.8984375,103749.71875,104444.53125,1030725632
2025-11-04 09:00:00+00:00,103899.796875,104035.8046875,103661.484375,104016.2890625,1860149248
2025-11-04 10:00:00+00:00,103777.453125,103995.953125,103608.5,103727.4453125,894640128
2025-11-04 11:00:00+00:00,104541.5859375,104574.4375,103775.8984375,103783.0859375,0
2025-11-04 12:00:00+00:00,103943.203125,104580.109375,103818.9609375,104513.828125,0
2025-11-04 13:00:00+00:00,103901.125,104142.171875,103579.4609375,103984.9921875,2691284992
2025-11-04 14:00:00+00:00,104435.875,104626.1875,102943.9921875,103866.7265625,2361262080
2025-11-04 15:00:00+00:00,103363.5625,104711.625,103337.8203125,104525.4453125,0
2025-11-04 16:00:00+00:00,102204.0078125,103445.09375,102204.0078125,103218.9296875,0
2025-11-04 17:00:00+00:00,101085.3125,102140.5625,100906.5703125,102140.5625,4124073984
2025-11-04 18:00:00+00:00,101419.1640625,101419.1640625,100022.8203125,101118.8984375,4364091392
2025-11-04 19:00:00+00:00,100452.5,101493.3515625,100452.5,101319.15625,0
2025-11-04 20:00:00+00:00,100638.90625,100950.46875,99688.796875,100458.046875,10527973376
2025-11-04 21:00:00+00:00,100164.46875,100774.8203125,99065.5546875,100701.0625,3773054976
2025-11-04 22:00:00+00:00,101071.25,101646.3515625,100252.7109375,100252.7109375,3990224896
2025-11-04 23:00:00+00:00,101627.46875,101678.9140625,100958.7265625,101159.25,1790418944
2025-11-05 00:00:00+00:00,100587.90625,101711.4140625,100385.6484375,101517.0859375,0
2025-11-05 01:00:00+00:00,100911.65625,100911.65625,99008.890625,100562.2421875,2188460032
2025-11-05 02:00:00+00:00,101697.1484375,101697.1484375,100820.4140625,100820.4140625,5814304768
2025-11-05 03:00:00+00:00,102118.2734375,102224.7734375,101512.546875,101675.921875,1441841152
2025-11-05 04:00:00+00:00,101941.546875,102191.796875,101562.828125,102094.71875,3912007680
2025-11-05 05:00:00+00:00,101781.5234375,102264.515625,101639.9453125,101974.4296875,0
2025-11-05 06:00:00+00:00,102110.515625,102110.515625,101556.5546875,101795.875,0
2025-11-05 07:00:00+00:00,102066.140625,102104.4296875,101664.9296875,102104.4296875,0
2025-11-05 08:00:00+00:00,101742.4296875,102026.765625,101204.78125,102026.765625,0
2025-11-05 09:00:00+00:00,101974.6796875,102110.9140625,101638.234375,101693.6171875,0
2025-11-05 10:00:00+00:00,101418.46875,101964.3671875,101341.9453125,101964.3671875,0
2025-11-05 11:00:00+00:00,101998.875,102072.7421875,101429.0,101429.0,191365120
2025-11-05 12:00:00+00:00,102623.484375,102703.03125,101956.9140625,102076.40625,0
2025-11-05 13:00:00+00:00,102965.234375,103176.7578125,102309.8046875,102655.3359375,0
2025-11-05 14:00:00+00:00,103150.4140625,103398.4921875,102313.234375,102972.984375,0
2025-11-05 15:00:00+00:00,103686.015625,103728.90625,102876.9453125,103194.046875,264273920
2025-11-05 16:00:00+00:00,103905.546875,103984.5859375,103135.40625,103708.40625,0
2025-11-05 17:00:00+00:00,103827.5,103976.109375,103411.0703125,103930.3828125,0
2025-11-05 18:00:00+00:00,104308.3203125,104394.8046875,103781.265625,103805.078125,0
2025-11-05 19:00:00+00:00,104103.484375,104436.1328125,104011.984375,104346.71875,0
2025-11-05 20:00:00+00:00,103851.6015625,104501.3515625,103768.7421875,104084.8203125,0
2025-11-05 21:00:00+00:00,103672.265625,103863.734375,103576.890625,103863.734375,0
2025-11-05 22:00:00+00:00,103765.9921875,103765.9921875,103324.578125,103674.8671875,0
2025-11-05 23:00:00+00:00,103917.0703125,104061.25,103692.8671875,103772.78125,0
2025-11-06 00:00:00+00:00,103671.828125,103896.96875,103373.5859375,103896.96875,0
2025-11-06 01:00:00+00:00,103418.59375,103623.109375,102842.328125,103623.109375,0
2025-11-06 02:00:00+00:00,103464.6796875,103523.8984375,102867.140625,103372.0078125,0
2025-11-06 03:00:00+00:00,103681.921875,103900.0703125,103374.8671875,103374.8671875,0
2025-11-06 04:00:00+00:00,103931.5703125,104147.3046875,103587.421875,103622.421875,0
2025-11-06 05:00:00+00:00,103115.7734375,104007.65625,103115.7734375,104001.4921875,0
2025-11-06 06:00:00+00:00,103317.15625,103569.578125,103109.265625,103122.2734375,0
2025-11-06 07:00:00+00:00,103235.3984375,103492.6640625,102948.1015625,103340.6015625,325808128
2025-11-06 08:00:00+00:00,103262.78125,103384.8203125,103024.3984375,103189.03125,0
2025-11-06 09:00:00+00:00,102905.7734375,103250.203125,102884.515625,103194.09375,0
2025-11-06 10:00:00+00:00,103148.328125,103262.796875,102687.1875,102844.6875,1716977664
2025-11-06 11:00:00+00:00,103199.3515625,103265.203125,102768.109375,103059.546875,0
2025-11-06 12:00:00+00:00,102542.484375,103206.1796875,102409.2421875,103199.8984375,0
2025-11-06 13:00:00+00:00,103256.4609375,103516.9375,102607.1875,102612.5546875,0
2025-11-06 14:00:00+00:00,102043.2421875,103436.84375,102043.2421875,103291.5390625,0
2025-11-06 15:00:00+00:00,101944.7265625,102845.8359375,101737.375,101978.9453125,1805344768
2025-11-06 16:00:00+00:00,100851.34375,102233.875,100342.953125,101975.71875,745242624
2025-11-06 17:00:00+00:00,101682.4296875,101800.7109375,100798.7421875,100921.875,1118633984
2025-11-06 18:00:00+00:00,101700.34375,102233.90625,100943.703125,101752.3515625,101781504
2025-11-06 19:00:00+00:00,101487.046875,101943.0,101219.546875,101635.796875,0
2025-11-06 20:00:00+00:00,100936.9921875,101526.890625,100678.0234375,101365.96875,307892224
2025-11-06 21:00:00+00:00,101066.046875,101167.15625,100562.203125,100860.140625,0
2025-11-06 22:00:00+00:00,101395.9140625,101395.9140625,100983.9765625,101067.796875,2737618944
2025-11-06 23:00:00+00:00,101318.703125,101475.5078125,101145.609375,101416.2109375,1240936448
2025-11-07 00:00:00+00:00,101510.03125,101586.28125,100749.15625,101298.1328125,0
2025-11-07 01:00:00+00:00,101432.9921875,101834.5546875,100946.5390625,101458.734375,0
2025-11-07 02:00:00+00:00,101808.0859375,101808.0859375,101242.7734375,101497.1875,3442405376
2025-11-07 03:00:00+00:00,101893.6640625,102314.984375,101852.4765625,101852.4765625,0
2025-11-07 04:00:00+00:00,101953.234375,101970.90625,101537.8046875,101869.5234375,3390836736
2025-11-07 05:00:00+00:00,102368.59375,102431.7421875,101973.1640625,101973.1640625,747028480
2025-11-07 06:00:00+00:00,101857.8828125,102429.765625,101851.453125,102385.6796875,0
2025-11-07 07:00:00+00:00,101970.90625,101970.90625,101602.015625,101844.1953125,1645387776
2025-11-07 08:00:00+00:00,101472.078125,101967.6640625,101441.5546875,101967.6640625,0
2025-11-07 09:00:00+00:00,100892.0546875,101453.453125,100797.2265625,101453.453125,1407434752
2025-11-07 10:00:00+00:00,100705.59375,101171.5,100549.265625,100963.8359375,1034534912
2025-11-07 11:00:00+00:00,100313.25,100743.0234375,99842.5078125,100743.0234375,3371999232
2025-11-07 12:00:00+00:00,99586.625,100524.8828125,99309.9609375,100349.6015625,3894738944
2025-11-07 13:00:00+00:00,100249.6875,100487.6171875,99436.9921875,99573.078125,1373863936
2025-11-07 14:00:00+00:00,100710.0,100715.015625,99618.1953125,100266.640625,2479882240
2025-11-07 15:00:00+00:00,100866.7578125,101149.421875,100394.2734375,100681.8203125,1846779904
2025-11-07 16:00:00+00:00,100971.84375,101533.09375,100492.5859375,100764.2109375,0
2025-11-07 17:00:00+00:00,102289.4296875,102594.7578125,100911.8828125,101089.5078125,908263424
2025-11-07 18:00:00+00:00,102604.1640625,102744.78125,102266.53125,102316.8828125,4187766784
2025-11-07 19:00:00+00:00,103244.1796875,103244.1796875,102467.40625,102483.3828125,1174175744
2025-11-07 20:00:00+00:00,103746.3515625,103852.1640625,102958.6875,103339.796875,0
2025-11-07 21:00:00+00:00,103814.828125,103814.828125,103384.25,103766.359375,1235066880
2025-11-07 22:00:00+00:00,103746.078125,104036.640625,103698.5234375,103839.625,1878556672
2025-11-07 23:00:00+00:00,103373.3671875,103476.5234375,103352.1875,103436.6484375,0
2025-11-08 00:00:00+00:00,102696.0078125,103359.0625,102613.7578125,103296.953125,0
2025-11-08 01:00:00+00:00,102935.203125,103147.140625,102617.6953125,102617.6953125,0
2025-11-08 02:00:00+00:00,102831.546875,103254.578125,102728.140625,102926.21875,0
2025-11-08 03:00:00+00:00,102600.0390625,103237.3984375,102569.5078125,102835.8203125,0
2025-11-08 04:00:00+00:00,102474.8046875,102748.40625,102383.75,102630.40625,588341248
2025-11-08 05:00:00+00:00,102293.1640625,102659.265625,102283.078125,102531.1171875,0
2025-11-08 06:00:00+00:00,102182.0859375,102468.03125,102136.828125,102257.390625,284721152
2025-11-08 07:00:00+00:00,102301.4140625,102333.8125,101911.6015625,102180.578125,25001984
2025-11-08 08:00:00+00:00,102421.28125,102619.5078125,102146.0703125,102309.9921875,0
2025-11-08 09:00:00+00:00,102347.8046875,102545.3359375,102213.0546875,102413.7890625,0
2025-11-08 10:00:00+00:00,102504.71875,102515.2734375,102263.8359375,102352.109375,0
2025-11-08 11:00:00+00:00,101775.734375,102582.3125,101760.0859375,102474.34375,0
2025-11-08 12:00:00+00:00,101972.8515625,102006.515625,101732.8359375,101804.6171875,0
2025-11-08 13:00:00+00:00,101922.296875,102154.59375,101751.2578125,102000.375,0
2025-11-08 14:00:00+00:00,101829.4296875,102019.0390625,101463.1953125,101772.140625,0
2025-11-08 15:00:00+00:00,101637.4375,101883.9296875,101498.921875,101819.6171875,0
2025-11-08 16:00:00+00:00,101747.3984375,101908.0,101535.1015625,101678.3046875,0
2025-11-08 17:00:00+00:00,101963.703125,101963.703125,101592.9453125,101834.5,0
2025-11-08 18:00:00+00:00,102201.7421875,102201.7421875,101819.015625,101956.0546875,0
2025-11-08 19:00:00+00:00,101920.5546875,102169.140625,101557.6796875,102169.140625,0
2025-11-08 20:00:00+00:00,102022.8046875,102127.5546875,101951.0078125,101955.2890625,0
2025-11-08 21:00:00+00:00,102261.375,102329.9375,102032.0625,102032.0625,0
2025-11-08 22:00:00+00:00,102375.125,102396.3828125,102200.9921875,102267.8046875,0
2025-11-08 23:00:00+00:00,102283.6875,102455.3203125,102279.125,102365.5078125,0
2025-11-09 00:00:00+00:00,101766.984375,102307.6328125,101677.78125,102287.390625,0
2025-11-09 01:00:00+00:00,102041.6796875,102061.375,101712.0625,101760.6328125,0
2025-11-09 02:00:00+00:00,101616.46875,102025.0625,101616.46875,102025.0625,0
2025-11-09 03:00:00+00:00,101650.90625,101782.40625,101468.875,101613.8359375,0
2025-11-09 04:00:00+00:00,101702.1015625,102064.609375,101632.546875,101634.7421875,1054281728
2025-11-09 05:00:00+00:00,101884.125,101911.3046875,101660.859375,101701.4765625,0
2025-11-09 06:00:00+00:00,101699.9375,101912.5,101699.9375,101895.65625,0
2025-11-09 07:00:00+00:00,101885.4609375,101904.8359375,101699.65625,101727.2109375,0
2025-11-09 08:00:00+00:00,101939.59375,101999.328125,101822.4296875,101922.34375,0
2025-11-09 09:00:00+00:00,101657.390625,102117.5234375,101626.484375,101961.296875,0
2025-11-09 10:00:00+00:00,101826.2734375,101869.34375,101524.90625,101638.2890625,793653248
2025-11-09 11:00:00+00:00,102188.7109375,102266.2890625,101849.7109375,101849.7109375,718438400
2025-11-09 12:00:00+00:00,102055.9140625,102384.4765625,102055.9140625,102208.90625,0
2025-11-09 13:00:00+00:00,102877.796875,102970.890625,102065.234375,102065.234375,891469824
2025-11-09 14:00:00+00:00,102975.3828125,103976.703125,102775.5078125,102901.2578125,1158832128
2025-11-09 15:00:00+00:00,103758.5078125,104012.7421875,102996.1328125,102996.1328125,2282745856
2025-11-09 16:00:00+00:00,103818.515625,103839.796875,103345.8515625,103730.7734375,0
2025-11-09 17:00:00+00:00,103601.1953125,103915.578125,103393.984375,103819.6953125,886829056
2025-11-09 18:00:00+00:00,104487.046875,104487.046875,103566.203125,103617.9453125,0
2025-11-09 19:00:00+00:00,104786.1875,104786.1875,104190.6875,104507.8203125,349515776
2025-11-09 20:00:00+00:00,104588.6171875,104987.3984375,104462.8125,104788.0625,853225472
2025-11-09 21:00:00+00:00,104523.21875,104793.03125,104341.6875,104622.8828125,2552422400
2025-11-09 22:00:00+00:00,104688.78125,104774.640625,104189.84375,104504.6171875,1590611968
2025-11-09 23:00:00+00:00,104740.078125,105253.3046875,104534.5625,104675.6484375,1387393024
2025-11-10 00:00:00+00:00,106373.5703125,106432.9375,104365.1796875,104725.828125,1237368832
2025-11-10 01:00:00+00:00,105757.2109375,106529.5234375,105757.2109375,106284.1640625,5361995776
2025-11-10 02:00:00+00:00,105904.9609375,105919.3828125,105636.921875,105727.796875,717103104
2025-11-10 03:00:00+00:00,106007.0859375,106209.71875,105861.609375,106066.484375,1291792384
2025-11-10 04:00:00+00:00,106187.7421875,106237.7578125,105859.90625,106021.4296875,0
2025-11-10 05:00:00+00:00,106085.9609375,106416.171875,106031.546875,106168.328125,0
2025-11-10 06:00:00+00:00,106233.1796875,106284.5234375,105995.1953125,106062.6640625,992169984
2025-11-10 07:00:00+00:00,106421.890625,106511.3125,106214.484375,106216.3046875,605822976
2025-11-10 08:00:00+00:00,105923.7734375,106513.96875,105916.5,106442.296875,0
2025-11-10 09:00:00+00:00,106386.796875,106545.859375,105946.9296875,105946.9296875,2375245824
2025-11-10 10:00:00+00:00,106005.2890625,106424.65625,105976.296875,106424.65625,0
2025-11-10 11:00:00+00:00,106184.1953125,106283.828125,105944.421875,106001.7890625,0
2025-11-10 12:00:00+00:00,105925.8203125,106184.328125,105883.9140625,106184.328125,1035689984
2025-11-10 13:00:00+00:00,106535.1328125,106535.1328125,105913.2109375,105929.4453125,0
2025-11-10 14:00:00+00:00,104951.7890625,106491.734375,104727.78125,106491.734375,844144640
2025-11-10 15:00:00+00:00,104979.7734375,105489.78125,104737.09375,104893.6796875,1661214720
2025-11-10 16:00:00+00:00,105167.859375,105321.6875,104823.875,105024.46875,1580269568
2025-11-10 17:00:00+00:00,105847.9609375,105856.828125,105198.7265625,105237.1484375,630218752
2025-11-10 18:00:00+00:00,105577.453125,106009.125,105577.453125,105907.953125,0
2025-11-10 19:00:00+00:00,105806.75,105984.2890625,105395.484375,105521.9765625,0
2025-11-10 20:00:00+00:00,105895.2890625,106241.0546875,105769.5625,105769.5625,0
2025-11-10 21:00:00+00:00,105504.109375,105993.203125,105280.71875,105993.203125,505536512
2025-11-10 22:00:00+00:00,105965.234375,106021.6015625,105343.1484375,105569.3125,0
2025-11-10 23:00:00+00:00,106006.609375,106237.265625,105936.328125,106025.9296875,0
2025-11-11 00:00:00+00:00,106081.7578125,106081.7578125,105563.3125,105986.1796875,0
2025-11-11 01:00:00+00:00,106045.328125,107341.21875,106045.328125,106153.2578125,0
2025-11-11 02:00:00+00:00,106548.7734375,107036.6875,105700.6640625,106055.3671875,1542836224
2025-11-11 03:00:00+00:00,106437.6015625,107035.3515625,106399.75,106662.78125,10137600
2025-11-11 04:00:00+00:00,105695.9296875,106480.890625,105695.9296875,106446.6640625,614117376
2025-11-11 05:00:00+00:00,105264.28125,105716.9921875,105260.234375,105716.9921875,1884258304
2025-11-11 06:00:00+00:00,105235.625,105281.625,104910.328125,105240.34375,1559396352
2025-11-11 07:00:00+00:00,104788.7109375,105281.671875,104773.1953125,105234.3828125,0
2025-11-11 08:00:00+00:00,105133.015625,105217.59375,104765.2265625,104765.2265625,0
2025-11-11 09:00:00+00:00,104920.53125,105388.515625,104920.53125,105128.796875,0
2025-11-11 10:00:00+00:00,105095.609375,105204.5703125,104944.6953125,104957.6640625,317136896
2025-11-11 11:00:00+00:00,105250.3203125,105458.03125,105120.203125,105120.203125,0
2025-11-11 12:00:00+00:00,104469.0625,105466.7421875,104415.8671875,105307.4453125,0
2025-11-11 13:00:00+00:00,104389.6875,104665.828125,104274.140625,104499.640625,5521465344
2025-11-11 14:00:00+00:00,104515.828125,104515.828125,103879.0234375,104366.1953125,0
2025-11-11 15:00:00+00:00,103478.7421875,104613.84375,103238.3828125,104613.84375,0
2025-11-11 16:00:00+00:00,103389.1171875,103711.1171875,103248.9140625,103497.59375,250798080
2025-11-11 17:00:00+00:00,103355.859375,103587.015625,102898.46875,103405.546875,0
2025-11-11 18:00:00+00:00,103397.5390625,103487.6875,103109.84375,103376.6796875,418979840
2025-11-11 19:00:00+00:00,103111.40625,103412.609375,102975.734375,103378.9140625,0
2025-11-11 20:00:00+00:00,102809.6015625,103185.375,102757.9453125,103105.953125,0
2025-11-11 21:00:00+00:00,102681.2265625,103017.953125,102462.1171875,102730.4921875,0
2025-11-11 22:00:00+00:00,102972.3203125,103091.6953125,102477.3828125,102698.890625,234741760
2025-11-11 23:00:00+00:00,103035.6015625,103120.4609375,102811.0859375,102954.2890625,197230592
2025-11-12 00:00:00+00:00,102940.546875,103226.8359375,102818.3359375,103019.21875,0
2025-11-12 01:00:00+00:00,103197.296875,103304.5234375,102724.78125,102848.8359375,0
2025-11-12 02:00:00+00:00,103117.40625,103351.640625,102945.9140625,103216.2265625,0
2025-11-12 03:00:00+00:00,103262.40625,103398.6484375,103084.6953125,103112.3671875,0
2025-11-12 04:00:00+00:00,103222.21875,103411.2734375,103038.0390625,103260.1875,0
2025-11-12 05:00:00+00:00,103345.4921875,103422.5625,103210.8359375,103210.8359375,0
2025-11-12 06:00:00+00:00,103345.796875,103587.46875,103345.796875,103358.7265625,0
2025-11-12 07:00:00+00:00,103086.46875,103522.1640625,103086.46875,103347.2109375,0
2025-11-12 08:00:00+00:00,104125.4140625,104178.640625,103106.53125,103106.53125,1364733952
2025-11-12 09:00:00+00:00,104490.3515625,104983.953125,104135.8203125,104135.8203125,2084294656
2025-11-12 10:00:00+00:00,104879.21875,104981.7421875,104506.8671875,104506.8671875,879161344
2025-11-12 11:00:00+00:00,105011.9765625,105184.4140625,104770.03125,104917.75,0
2025-11-12 12:00:00+00:00,105015.890625,105292.03125,104842.2421875,105008.5078125,518238208
2025-11-12 13:00:00+00:00,105016.4453125,105157.3359375,104696.5625,105000.6015625,0
2025-11-12 14:00:00+00:00,103953.8203125,105034.0625,103834.953125,105034.0625,0
2025-11-12 15:00:00+00:00,102100.9453125,104243.09375,102035.890625,104026.0078125,351072256
2025-11-12 16:00:00+00:00,101450.7890625,102211.4375,101394.4140625,102173.4296875,2528591872
2025-11-12 17:00:00+00:00,101761.6171875,102061.3984375,101431.9921875,101436.4765625,424976384
2025-11-12 18:00:00+00:00,101577.359375,101874.1796875,101423.9140625,101729.7578125,356995072
2025-11-12 19:00:00+00:00,101276.109375,101578.6953125,100863.390625,101578.6953125,2422108160
2025-11-12 20:00:00+00:00,101512.3671875,101783.0625,101175.1875,101269.5234375,608817152
2025-11-12 21:00:00+00:00,101850.125,101868.375,101523.3828125,101523.3828125,0
2025-11-12 22:00:00+00:00,101944.15625,101954.2890625,101462.890625,101894.5625,0
2025-11-12 23:00:00+00:00,101650.5546875,101965.5,101509.7578125,101964.8515625,1854246912
2025-11-13 00:00:00+00:00,101831.203125,101962.6796875,101470.484375,101661.0625,1541976064
2025-11-13 01:00:00+00:00,102002.3984375,102522.2890625,101844.8125,101844.8125,1069944832
2025-11-13 02:00:00+00:00,102056.3984375,102328.3984375,101980.7578125,101980.7578125,0
2025-11-13 03:00:00+00:00,102291.65625,102455.125,101027.640625,102061.3515625,1919819776
2025-11-13 04:00:00+00:00,102140.96875,102351.6171875,101758.1640625,102245.1484375,3434733568
2025-11-13 05:00:00+00:00,103261.578125,103261.578125,101836.5546875,102135.375,0
2025-11-13 06:00:00+00:00,103599.8046875,103618.5625,102941.6328125,103133.265625,3770990592
2025-11-13 07:00:00+00:00,103443.328125,103976.484375,103322.4296875,103563.421875,1163771904
2025-11-13 08:00:00+00:00,103692.09375,103738.9296875,103382.9765625,103475.28125,0
2025-11-13 09:00:00+00:00,102818.9453125,103699.8203125,102592.3125,103699.8203125,0
2025-11-13 10:00:00+00:00,102932.0703125,103234.2421875,102798.9375,102824.078125,0
2025-11-13 11:00:00+00:00,102957.8125,103109.9296875,102753.2265625,102976.90625,0
2025-11-13 12:00:00+00:00,103139.96875,103233.0234375,102779.6171875,102954.5234375,0
2025-11-13 13:00:00+00:00,102305.640625,103143.9375,102219.0,103143.9375,2765717504
2025-11-13 14:00:00+00:00,102881.2265625,103195.1328125,101773.21875,102297.8046875,0
2025-11-13 15:00:00+00:00,101301.1953125,102913.03125,101250.6328125,102913.03125,3485376512
2025-11-13 16:00:00+00:00,100566.234375,101422.4765625,100566.234375,101378.4765625,1018798080
2025-11-13 17:00:00+00:00,99718.5859375,100703.8828125,99718.5859375,100584.7578125,3437281280
2025-11-13 18:00:00+00:00,98686.3671875,99835.4765625,98213.8359375,99614.265625,7403044864
2025-11-13 19:00:00+00:00,98650.9921875,99191.8125,98322.21875,98508.6328125,4070203392
2025-11-13 20:00:00+00:00,98099.3203125,98908.875,98035.65625,98644.015625,2497880064
2025-11-13 21:00:00+00:00,98778.46875,98825.7265625,98051.3515625,98051.3515625,1679319040
2025-11-13 22:00:00+00:00,99760.3359375,99866.3671875,98717.8828125,98765.1328125,2220998656
2025-11-13 23:00:00+00:00,99735.015625,100436.953125,99583.7578125,99705.84375,1074905088
2025-11-14 00:00:00+00:00,98842.765625,99690.40625,98744.25,99690.40625,1344831488
2025-11-14 01:00:00+00:00,99199.328125,99481.0859375,98757.9296875,98817.1328125,1871527936
2025-11-14 02:00:00+00:00,99609.0625,99789.1640625,99290.7890625,99290.7890625,53321728
2025-11-14 03:00:00+00:00,99087.3515625,99611.859375,98818.125,99611.859375,0
2025-11-14 04:00:00+00:00,97772.7109375,99102.75,96841.6015625,99102.328125,4251508736
2025-11-14 05:00:00+00:00,97466.3203125,97908.296875,97162.734375,97774.09375,2507341824
2025-11-14 06:00:00+00:00,97249.4140625,97479.46875,96120.90625,97479.46875,1933443072
2025-11-14 07:00:00+00:00,97102.8359375,97646.6953125,96874.671875,97364.8359375,3142393856
2025-11-14 08:00:00+00:00,97375.03125,97375.03125,96847.40625,97102.5703125,1234616320
2025-11-14 09:00:00+00:00,96830.8046875,97473.7734375,96718.8359375,97343.140625,0
2025-11-14 10:00:00+00:00,96725.859375,97241.5859375,96719.5,96842.84375,377225216
2025-11-14 11:00:00+00:00,96073.0625,96883.15625,95823.5390625,96670.71875,2645622784
2025-11-14 12:00:00+00:00,95309.578125,96152.84375,94612.328125,96152.84375,4474642432
2025-11-14 13:00:00+00:00,95097.0390625,95428.203125,94525.0625,95297.5390625,4945223680
2025-11-14 14:00:00+00:00,96388.0078125,96629.4609375,94984.265625,95106.296875,3010363392
2025-11-14 15:00:00+00:00,96787.4140625,97182.765625,95830.3359375,96472.1953125,1139712000
2025-11-14 16:00:00+00:00,97009.90625,97291.0625,96302.703125,96718.0390625,0
2025-11-14 17:00:00+00:00,95912.78125,97052.4765625,95721.7265625,97010.5703125,0
2025-11-14 18:00:00+00:00,95129.7421875,96231.4765625,95129.7421875,95738.0,0
2025-11-14 19:00:00+00:00,95615.3046875,95801.828125,94805.4921875,95020.125,0
2025-11-14 20:00:00+00:00,94260.015625,95799.1796875,94183.953125,95693.171875,3515015168
2025-11-14 21:00:00+00:00,95006.015625,95019.5234375,94269.0703125,94269.0703125,0
2025-11-14 22:00:00+00:00,95019.3359375,95375.03125,94718.390625,94978.234375,0
2025-11-14 23:00:00+00:00,94406.3671875,95066.1015625,94148.2421875,95066.1015625,0
2025-11-15 00:00:00+00:00,95022.5390625,95286.453125,94509.15625,94509.15625,41975808
2025-11-15 01:00:00+00:00,95574.4296875,95672.140625,94692.9921875,95056.53125,0
2025-11-15 02:00:00+00:00,96241.234375,96241.234375,95377.8671875,95572.75,4676329472
2025-11-15 03:00:00+00:00,96333.921875,96706.703125,96079.5625,96312.6640625,0
2025-11-15 04:00:00+00:00,96067.6796875,96407.0,95929.453125,96349.6484375,0
2025-11-15 05:00:00+00:00,96261.109375,96343.625,95942.1796875,96057.34375,0
2025-11-15 06:00:00+00:00,96075.21875,96495.3828125,95982.140625,96282.5390625,0
2025-11-15 07:00:00+00:00,96275.25,96288.3125,95942.15625,96067.0546875,0
2025-11-15 08:00:00+00:00,95836.65625,96259.34375,95645.6953125,96259.34375,0
2025-11-15 09:00:00+00:00,95783.796875,96035.0703125,95643.515625,95842.9921875,0
2025-11-15 10:00:00+00:00,95912.6171875,95972.9921875,95652.7578125,95778.875,0
2025-11-15 11:00:00+00:00,95620.6328125,95893.65625,95592.90625,95893.65625,0
2025-11-15 12:00:00+00:00,95719.859375,95792.078125,95530.0625,95616.5625,0
2025-11-15 13:00:00+00:00,96270.3984375,96297.6640625,95686.1328125,95706.1875,0
2025-11-15 14:00:00+00:00,96163.390625,96408.375,96035.4453125,96276.484375,0
2025-11-15 15:00:00+00:00,96280.296875,96327.125,96100.3359375,96163.3515625,0
2025-11-15 16:00:00+00:00,96059.578125,96210.2109375,95697.15625,96209.8671875,0
2025-11-15 17:00:00+00:00,96131.8359375,96237.546875,95826.125,96116.171875,0
2025-11-15 18:00:00+00:00,95954.25,96237.46875,95928.8515625,96149.2734375,0
2025-11-15 19:00:00+00:00,95983.578125,96073.984375,95882.5,95996.34375,0
2025-11-15 20:00:00+00:00,95168.140625,95975.7578125,95107.578125,95962.9296875,0
2025-11-15 21:00:00+00:00,95201.5,95594.5703125,95084.671875,95205.5234375,0
2025-11-15 22:00:00+00:00,95560.59375,95615.421875,95185.5,95204.7890625,0
2025-11-15 23:00:00+00:00,95522.75,95612.2734375,95442.0546875,95560.6796875,0
2025-11-16 00:00:00+00:00,95422.9765625,95607.828125,95182.890625,95548.828125,0
2025-11-16 01:00:00+00:00,95327.6875,95436.609375,94876.5625,95398.3203125,0
2025-11-16 02:00:00+00:00,95843.078125,95843.078125,95084.9375,95276.734375,15168929792
2025-11-16 03:00:00+00:00,95667.8828125,95887.125,95642.6015625,95887.125,0
2025-11-16 04:00:00+00:00,95742.78125,95846.890625,95619.8359375,95768.5859375,0
2025-11-16 05:00:00+00:00,95851.6328125,96048.4453125,95746.0390625,95749.5859375,0
2025-11-16 06:00:00+00:00,95723.9765625,95939.203125,95723.9765625,95777.03125,0
2025-11-16 07:00:00+00:00,96000.0078125,96000.0078125,95726.46875,95741.2421875,0
2025-11-16 08:00:00+00:00,96028.09375,96111.125,95816.0078125,96023.2109375,0
2025-11-16 09:00:00+00:00,96468.6484375,96468.6484375,95902.671875,96040.15625,0
2025-11-16 10:00:00+00:00,96376.3671875,96553.15625,96330.734375,96553.15625,949174272
2025-11-16 11:00:00+00:00,95574.21875,96379.359375,95508.2109375,96375.8828125,1575067648
2025-11-16 12:00:00+00:00,95667.859375,95832.9609375,95407.0,95565.3359375,133791744
2025-11-16 13:00:00+00:00,95365.7578125,95768.1953125,95121.4296875,95684.9296875,0
2025-11-16 14:00:00+00:00,95503.1171875,95595.1640625,95259.390625,95369.796875,3535839232
2025-11-16 15:00:00+00:00,94386.3828125,95504.140625,94386.3828125,95492.0625,0
2025-11-16 16:00:00+00:00,94121.1015625,94829.4140625,94040.6640625,94453.9375,7689678848
2025-11-16 17:00:00+00:00,94097.2109375,94376.15625,93826.6640625,94162.4921875,1666400256
2025-11-16 18:00:00+00:00,93961.3984375,95340.7265625,93807.9765625,94340.4140625,4903522304
2025-11-16 19:00:00+00:00,93939.0625,94522.390625,93939.0625,94004.8671875,2022428672
2025-11-16 20:00:00+00:00,94173.046875,94628.1796875,93950.4921875,93958.0078125,162656256
2025-11-16 21:00:00+00:00,93437.6328125,94091.5703125,93382.84375,94050.4375,1902497792
2025-11-16 22:00:00+00:00,94327.28125,94392.859375,92971.1640625,93437.3671875,2526973952
2025-11-16 23:00:00+00:00,94238.8046875,94455.1171875,93081.640625,94120.65625,4009984000
2025-11-17 00:00:00+00:00,95293.7890625,95293.7890625,93758.75,94194.296875,2688507904
2025-11-17 01:00:00+00:00,94749.1640625,95401.3828125,94729.671875,95242.53125,402956288
2025-11-17 02:00:00+00:00,94907.4296875,95329.6171875,94709.8515625,94723.8828125,0
2025-11-17 03:00:00+00:00,95390.0078125,95432.625,94919.1953125,94919.1953125,919568384
2025-11-17 04:00:00+00:00,95072.109375,95457.765625,94893.7109375,95423.3828125,1490591744
2025-11-17 05:00:00+00:00,95061.1015625,95063.8515625,94991.890625,95063.8515625,29966336
2025-11-21 10:00:00+00:00,82639.7578125,82734.09375,82318.2890625,82455.7109375,47524536320
2025-11-21 11:00:00+00:00,82228.7734375,83146.6796875,82140.640625,82548.7734375,2805669888
2025-11-21 12:00:00+00:00,83142.9765625,83471.1796875,80756.515625,82217.890625,8844345344
2025-11-21 13:00:00+00:00,84121.7734375,84270.0078125,83142.1875,83152.8671875,2319384576
2025-11-21 14:00:00+00:00,85038.8671875,85339.5859375,83507.34375,84035.828125,2425880576
2025-11-21 15:00:00+00:00,82816.7109375,84938.171875,82808.1328125,84938.171875,1770209280
2025-11-21 16:00:00+00:00,84550.140625,84550.140625,82414.4765625,82922.84375,0
2025-11-21 17:00:00+00:00,84845.890625,85362.765625,84566.5625,84784.7265625,0
2025-11-21 18:00:00+00:00,84544.875,84848.40625,83401.046875,84799.2890625,0
2025-11-21 19:00:00+00:00,84153.5390625,84897.5625,84092.8828125,84531.0546875,6633693184
2025-11-21 20:00:00+00:00,84495.0546875,84561.46875,83470.5703125,84150.1796875,0
2025-11-21 21:00:00+00:00,85096.375,85300.796875,84371.7578125,84422.328125,399343616
2025-11-21 22:00:00+00:00,84316.1171875,85311.234375,84290.78125,85124.7109375,0
2025-11-21 23:00:00+00:00,85103.5703125,85235.375,84071.5078125,84266.4609375,0
2025-11-22 00:00:00+00:00,84689.8203125,85503.0078125,84579.546875,85079.609375,0
2025-11-22 01:00:00+00:00,85016.9296875,85119.828125,84592.4765625,84687.3984375,136503296
2025-11-22 02:00:00+00:00,84422.21875,85098.7734375,84267.3828125,85098.7734375,0
2025-11-22 03:00:00+00:00,84406.234375,84538.9765625,84206.53125,84447.2578125,0
2025-11-22 04:00:00+00:00,84163.640625,84431.53125,83818.5859375,84397.1953125,397926400
2025-11-22 05:00:00+00:00,84237.21875,84237.21875,83817.9296875,84178.703125,0
2025-11-22 06:00:00+00:00,84592.625,84701.359375,84028.1640625,84223.96875,0
2025-11-22 07:00:00+00:00,84518.515625,84592.625,84365.921875,84592.625,0
2025-11-22 08:00:00+00:00,83982.5,84503.3515625,83908.421875,84503.3515625,0
2025-11-22 09:00:00+00:00,83837.984375,84264.9921875,83837.1484375,83974.5,0
2025-11-22 10:00:00+00:00,83703.1484375,84134.5234375,83518.9140625,83853.53125,0
2025-11-22 11:00:00+00:00,84135.640625,84262.21875,83577.5234375,83664.0546875,0
2025-11-22 12:00:00+00:00,83850.5078125,84078.4921875,83585.96875,84078.4921875,0
2025-11-22 13:00:00+00:00,83890.1796875,84054.328125,83658.4921875,83842.84375,0
2025-11-22 14:00:00+00:00,84453.5234375,84573.0078125,83897.1953125,83897.1953125,0
2025-11-22 15:00:00+00:00,84197.09375,84454.578125,84018.2109375,84454.578125,0
2025-11-22 16:00:00+00:00,84682.390625,84756.6328125,84193.3515625,84221.4765625,0
2025-11-22 17:00:00+00:00,84558.4453125,84657.265625,84419.625,84657.265625,0
2025-11-22 18:00:00+00:00,84575.7734375,84604.8984375,84453.140625,84549.4140625,0
2025-11-22 19:00:00+00:00,84608.5,84727.0546875,84477.15625,84604.2734375,0
2025-11-22 20:00:00+00:00,84397.015625,84745.578125,84247.109375,84608.5,0
2025-11-22 21:00:00+00:00,84363.34375,84437.25,84229.84375,84413.265625,0
2025-11-22 22:00:00+00:00,85102.5703125,85164.078125,84236.0078125,84372.1015625,0
2025-11-22 23:00:00+00:00,84661.171875,85086.8359375,84661.171875,85040.4140625,0
2025-11-23 00:00:00+00:00,84893.2890625,85224.0703125,84679.1484375,84679.1484375,0
2025-11-23 01:00:00+00:00,85791.6328125,86025.2890625,84904.90625,84905.3671875,445984768
2025-11-23 02:00:00+00:00,85992.9140625,86268.2109375,85658.9609375,85784.1328125,0
2025-11-23 03:00:00+00:00,86194.265625,86200.2421875,85806.4296875,85962.1875,2009608192
2025-11-23 04:00:00+00:00,86569.7265625,86743.296875,86134.78125,86241.8828125,746909696
2025-11-23 05:00:00+00:00,86254.1328125,86509.3671875,86016.046875,86509.3671875,0
2025-11-23 06:00:00+00:00,85881.9921875,86437.953125,85875.359375,86287.75,0
2025-11-23 07:00:00+00:00,85691.453125,85864.390625,85413.03125,85859.625,2667675648
2025-11-23 08:00:00+00:00,86129.15625,86129.15625,85728.5234375,85735.734375,0
2025-11-23 09:00:00+00:00,86353.421875,86403.078125,86075.6796875,86108.328125,0
2025-11-23 10:00:00+00:00,86053.359375,86360.765625,86053.359375,86353.2109375,0
2025-11-23 11:00:00+00:00,86244.078125,86391.9453125,85840.2421875,86036.9609375,2724200448
2025-11-23 12:00:00+00:00,86491.4765625,86808.5390625,86263.578125,86264.4609375,1163554816
2025-11-23 13:00:00+00:00,86870.15625,86870.15625,86327.125,86515.8984375,502423552
2025-11-23 14:00:00+00:00,86516.9921875,87107.375,86507.4453125,86875.03125,944197632
2025-11-23 15:00:00+00:00,87098.9296875,87115.7890625,86481.3125,86490.0078125,986324992
2025-11-23 16:00:00+00:00,86721.734375,87359.5703125,86721.734375,87047.4453125,1615093760
2025-11-23 17:00:00+00:00,86721.8203125,86909.5390625,86497.75,86662.0234375,1671208960
2025-11-23 18:00:00+00:00,86961.15625,87158.65625,86709.5,86709.5,1483440128
2025-11-23 19:00:00+00:00,87326.5,87609.8125,86950.0390625,86956.6484375,1044574208
2025-11-23 20:00:00+00:00,87410.640625,87647.09375,87251.2421875,87303.2734375,1798660096
2025-11-23 21:00:00+00:00,87973.9453125,87973.9453125,87247.5546875,87460.0859375,1423523840
2025-11-23 22:00:00+00:00,87961.4375,88010.4453125,87595.5546875,87966.109375,295694336
2025-11-23 23:00:00+00:00,86798.921875,88025.1875,86758.390625,87957.5546875,2504142848
2025-11-24 00:00:00+00:00,86694.1328125,87106.9453125,86016.3203125,86794.40625,1670569984
2025-11-24 01:00:00+00:00,87013.015625,87013.015625,86423.6015625,86711.3671875,126472192
2025-11-24 02:00:00+00:00,87414.140625,87987.9921875,87032.484375,87032.484375,1428889600
2025-11-24 03:00:00+00:00,87344.1484375,87726.3359375,87195.90625,87463.53125,555020288
2025-11-24 04:00:00+00:00,86691.2734375,87544.8125,86435.75,87455.5390625,220213248
2025-11-24 05:00:00+00:00,87377.5546875,87744.109375,86695.1640625,86699.234375,1175351296
2025-11-24 06:00:00+00:00,86920.609375,87441.078125,86845.5,87403.4765625,999751680
2025-11-24 07:00:00+00:00,86977.4453125,87267.1328125,86721.0078125,86880.796875,343789568
2025-11-24 08:00:00+00:00,86957.0703125,86995.0546875,86723.7734375,86995.0546875,481656832
2025-11-24 09:00:00+00:00,85968.671875,86949.046875,85858.46875,86949.046875,1094287360
2025-11-24 10:00:00+00:00,86053.9140625,86089.3828125,85692.4453125,85933.015625,1139445760
2025-11-24 11:00:00+00:00,86265.734375,86342.125,85878.03125,86037.59375,39395328
2025-11-24 12:00:00+00:00,85928.125,86234.75,85846.25,86224.1640625,0
2025-11-24 13:00:00+00:00,86084.2734375,86497.046875,85968.609375,85968.859375,3384938496
2025-11-24 14:00:00+00:00,85833.9765625,86404.4375,85279.109375,86089.9765625,685080576
2025-11-24 15:00:00+00:00,86539.2578125,86668.375,85980.3125,86030.171875,1780838400
2025-11-24 16:00:00+00:00,87185.5703125,87525.140625,86555.53125,86555.53125,964018176
2025-11-24 17:00:00+00:00,88394.140625,88394.140625,86945.7734375,87272.2421875,1028988928
2025-11-24 18:00:00+00:00,88674.8671875,88674.8671875,88217.4609375,88452.1328125,2625601536
2025-11-24 19:00:00+00:00,88234.0546875,88792.46875,88146.6328125,88674.8671875,180518912
2025-11-24 20:00:00+00:00,89143.7421875,89195.734375,88353.53125,88353.53125,1915731968
2025-11-24 21:00:00+00:00,88823.078125,89113.6953125,88731.5859375,89113.6953125,297320448
2025-11-24 22:00:00+00:00,88699.21875,89042.203125,88589.0703125,88765.8828125,0
2025-11-24 23:00:00+00:00,88261.2578125,88645.390625,88248.4765625,88645.390625,0
2025-11-25 00:00:00+00:00,88089.46875,88268.5390625,87857.4453125,88268.5390625,0
2025-11-25 01:00:00+00:00,87766.8203125,88140.765625,87766.8203125,88072.46875,0
2025-11-25 02:00:00+00:00,87853.6953125,87909.78125,87459.7421875,87738.234375,0
2025-11-25 03:00:00+00:00,87768.859375,87957.7734375,87567.5390625,87886.0859375,88948736
2025-11-25 04:00:00+00:00,88335.015625,88457.3359375,87767.6328125,87767.6328125,0
2025-11-25 05:00:00+00:00,88097.0546875,88336.9296875,87948.2890625,88336.9296875,0
2025-11-25 06:00:00+00:00,87993.71875,88125.4921875,87820.0546875,88125.4921875,0
2025-11-25 07:00:00+00:00,87381.484375,88017.796875,87381.484375,87982.9140625,239296512
2025-11-25 08:00:00+00:00,87035.765625,87568.5703125,87035.765625,87373.609375,663764992
2025-11-25 09:00:00+00:00,87217.9609375,87217.9609375,86674.8046875,87017.5234375,73392128
2025-11-25 10:00:00+00:00,87393.8984375,87393.8984375,86935.90625,87206.796875,0
2025-11-25 11:00:00+00:00,87364.375,87502.2265625,87293.546875,87395.984375,0
2025-11-25 12:00:00+00:00,87508.140625,87687.359375,87365.5078125,87365.5078125,57962496
2025-11-25 13:00:00+00:00,87005.359375,87651.34375,86888.4921875,87490.96875,111636480
2025-11-25 14:00:00+00:00,86611.1171875,87211.1328125,86144.3515625,87045.8515625,596488192
2025-11-25 15:00:00+00:00,86947.859375,87238.703125,86223.8828125,86723.1640625,55107584
2025-11-25 16:00:00+00:00,87068.2578125,87197.4296875,86775.015625,86941.890625,0
2025-11-25 17:00:00+00:00,87681.09375,88070.765625,87061.6015625,87086.2421875,0
2025-11-25 18:00:00+00:00,87241.4765625,87778.8515625,87241.4765625,87610.7578125,0
2025-11-25 19:00:00+00:00,86819.25,87224.3359375,86171.4765625,87223.8984375,224854016
2025-11-25 20:00:00+00:00,87396.9609375,87396.9609375,86750.7734375,86848.3359375,0
2025-11-25 21:00:00+00:00,87000.9296875,87384.8671875,86977.8984375,87384.8671875,0
2025-11-25 22:00:00+00:00,87610.3671875,87610.3671875,86577.890625,86999.671875,649699328
2025-11-25 23:00:00+00:00,87349.984375,87764.9609375,87341.6640625,87604.5703125,50847744
2025-11-26 00:00:00+00:00,87512.875,87695.9140625,87311.9375,87334.421875,0
2025-11-26 01:00:00+00:00,87894.0234375,88150.796875,87359.5390625,87539.4296875,446685184
2025-11-26 02:00:00+00:00,87663.3984375,88014.5859375,87662.296875,87877.328125,0
2025-11-26 03:00:00+00:00,87063.0546875,87827.4375,87063.0546875,87670.640625,0
2025-11-26 04:00:00+00:00,87211.8671875,87305.71875,86895.28125,87133.0859375,309141504
2025-11-26 05:00:00+00:00,87491.5703125,87667.15625,87206.2734375,87206.2734375,930045952
2025-11-26 06:00:00+00:00,87802.03125,87830.7734375,87444.578125,87504.7421875,56762368
2025-11-26 07:00:00+00:00,87920.1640625,87920.1640625,87690.421875,87791.75,0
2025-11-26 08:00:00+00:00,87393.8359375,87905.921875,87393.8359375,87905.921875,0
2025-11-26 09:00:00+00:00,86794.1015625,87405.8046875,86767.2109375,87393.796875,0
2025-11-26 10:00:00+00:00,86918.8359375,86993.5859375,86671.5390625,86841.7578125,0
2025-11-26 11:00:00+00:00,87031.1640625,87055.5,86839.5546875,86922.6953125,208891904
2025-11-26 12:00:00+00:00,86642.9453125,87128.640625,86406.53125,87065.8515625,109342720
2025-11-26 13:00:00+00:00,87023.5078125,87023.5078125,86572.8046875,86632.0390625,0
2025-11-26 14:00:00+00:00,86955.6640625,87577.3359375,86944.7421875,87023.578125,0
2025-11-26 15:00:00+00:00,86897.2265625,87298.0078125,86734.171875,86841.265625,0
2025-11-26 16:00:00+00:00,87812.828125,87843.4453125,86956.9453125,86956.9453125,2590838784
2025-11-26 17:00:00+00:00,89942.109375,89942.109375,87731.1015625,87798.7734375,3481866240
2025-11-26 18:00:00+00:00,90073.109375,90380.8203125,89747.484375,89844.5,3163189248
2025-11-26 19:00:00+00:00,89989.7578125,90149.2109375,89769.65625,90129.1796875,300044288
2025-11-26 20:00:00+00:00,89914.125,90047.3046875,89517.3359375,89908.09375,715538432
2025-11-26 21:00:00+00:00,90179.109375,90426.4921875,89830.421875,89901.2578125,770740224
2025-11-26 22:00:00+00:00,90426.59375,90568.3671875,90132.9296875,90160.609375,0
2025-11-26 23:00:00+00:00,90522.234375,90556.921875,90333.125,90396.2578125,0
2025-11-27 00:00:00+00:00,90478.5390625,90578.8359375,90127.2109375,90507.96875,261947392
2025-11-27 01:00:00+00:00,91038.1484375,91038.1484375,90461.3046875,90461.3046875,0
2025-11-27 02:00:00+00:00,91397.8046875,91862.0,90919.9609375,91157.515625,4264226816
2025-11-27 03:00:00+00:00,91161.3984375,91593.203125,91078.0703125,91399.3203125,1145913344
2025-11-27 04:00:00+00:00,91257.5078125,91326.1171875,91071.75,91138.7421875,0
2025-11-27 05:00:00+00:00,90965.2890625,91509.8515625,90941.8046875,91260.875,580984832
2025-11-27 06:00:00+00:00,91245.71875,91378.625,90991.15625,91006.59375,102367232
2025-11-27 07:00:00+00:00,91395.1015625,91479.1640625,91143.1796875,91254.203125,237469696
2025-11-27 08:00:00+00:00,91493.4140625,91497.984375,91253.4765625,91412.6015625,159956992
2025-11-27 09:00:00+00:00,91553.3984375,91884.515625,91484.046875,91489.3203125,429678592
2025-11-27 10:00:00+00:00,91618.234375,91722.1171875,91371.546875,91556.5078125,299859968
2025-11-27 11:00:00+00:00,91386.90625,91620.015625,91386.90625,91620.015625,48242688
2025-11-27 12:00:00+00:00,90975.6484375,91423.59375,90975.6484375,91386.7734375,0
2025-11-27 13:00:00+00:00,90935.609375,91050.890625,90489.515625,90969.96875,1362329600
2025-11-27 14:00:00+00:00,90803.4921875,90919.015625,90652.3671875,90852.921875,0
2025-11-27 15:00:00+00:00,90959.4765625,90966.6484375,90654.8203125,90786.6796875,0
2025-11-27 16:00:00+00:00,91455.765625,91521.3359375,90871.359375,90927.1953125,0
2025-11-27 17:00:00+00:00,91477.421875,91569.078125,91334.0703125,91454.0703125,934858752
2025-11-27 18:00:00+00:00,91792.296875,91811.3671875,91388.359375,91475.40625,0
2025-11-27 19:00:00+00:00,91537.890625,91791.7421875,91517.3125,91791.7421875,0
2025-11-27 20:00:00+00:00,91456.75,91566.296875,91402.390625,91542.53125,0
2025-11-27 21:00:00+00:00,91438.140625,91560.4140625,91275.3671875,91446.2109375,0
2025-11-27 22:00:00+00:00,91304.4765625,91573.6484375,91223.90625,91443.109375,0
2025-11-27 23:00:00+00:00,91287.6015625,91519.7734375,91223.359375,91313.515625,0
2025-11-28 00:00:00+00:00,91178.859375,91358.7109375,91111.3671875,91305.5625,0
2025-11-28 01:00:00+00:00,90850.5234375,91187.1015625,90837.4765625,91187.1015625,0
2025-11-28 02:00:00+00:00,91082.8515625,91102.53125,90699.5703125,90820.7421875,0
2025-11-28 03:00:00+00:00,91204.703125,91261.8828125,91003.6484375,91076.359375,0
2025-11-28 04:00:00+00:00,91430.71875,91480.7578125,91127.8203125,91202.0625,0
2025-11-28 05:00:00+00:00,91636.9921875,91677.609375,91327.453125,91392.4765625,0
2025-11-28 06:00:00+00:00,91317.1484375,91642.546875,91194.3671875,91642.546875,0
2025-11-28 07:00:00+00:00,90895.9609375,91513.890625,90862.7421875,91306.4375,0
2025-11-28 08:00:00+00:00,91590.015625,91596.7109375,90923.90625,90923.90625,523505664
2025-11-28 09:00:00+00:00,91530.359375,91813.1171875,91452.671875,91599.828125,0
2025-11-28 10:00:00+00:00,91805.6953125,91835.25,91476.3515625,91584.2265625,0
2025-11-28 11:00:00+00:00,91456.0078125,91914.609375,91140.96875,91818.28125,940085248
2025-11-28 12:00:00+00:00,91491.28125,91595.125,91452.0859375,91454.734375,0
2025-11-28 13:00:00+00:00,92181.015625,92402.296875,91403.7734375,91517.6953125,0
2025-11-28 14:00:00+00:00,92148.7578125,92913.328125,91939.421875,92316.4296875,2933600256
2025-11-28 15:00:00+00:00,92350.546875,92766.03125,92069.3125,92224.3359375,2247561216
2025-11-28 16:00:00+00:00,90971.75,92371.3515625,90971.75,92365.2421875,544002048
2025-11-28 17:00:00+00:00,90789.7578125,91172.4296875,90303.6171875,90948.390625,2112716800
2025-11-28 18:00:00+00:00,90754.46875,90925.625,90472.5625,90624.46875,682242048
2025-11-28 19:00:00+00:00,91164.7421875,91193.1328125,90841.6875,90841.6875,2214293504
2025-11-28 20:00:00+00:00,91190.1015625,91220.0703125,90901.578125,91170.484375,228159488
2025-11-28 21:00:00+00:00,91001.5859375,91271.703125,90999.8359375,91207.796875,0
2025-11-28 22:00:00+00:00,90939.7265625,91002.765625,90777.890625,90907.2109375,110141440
2025-11-29 19:00:00+00:00,90761.2890625,90855.1484375,90761.2890625,90830.34375,0
2025-12-01 07:00:00+00:00,86533.8359375,86548.6796875,86196.921875,86266.390625,23061065728
2025-12-01 08:00:00+00:00,86847.7734375,86847.7734375,86422.1875,86536.78125,524853248
2025-12-01 09:00:00+00:00,86716.6953125,86896.9453125,86587.5078125,86866.2109375,263401472
2025-12-01 10:00:00+00:00,86638.0703125,86796.2734375,86564.8359375,86726.046875,807399424
2025-12-01 11:00:00+00:00,86227.578125,86646.1171875,86227.578125,86644.25,747626496
2025-12-01 12:00:00+00:00,85484.3046875,86156.4921875,84817.421875,86137.1484375,90808320
2025-12-01 13:00:00+00:00,86006.6015625,86088.3203125,85418.2890625,85461.046875,1751769088
2025-12-01 14:00:00+00:00,86161.53125,86580.734375,85942.140625,85983.1171875,3965136896
2025-12-01 15:00:00+00:00,84637.1953125,86061.4921875,83909.734375,86044.4921875,4063100928
2025-12-01 16:00:00+00:00,84513.078125,85358.1328125,84104.4921875,84653.6015625,3634044928
2025-12-01 17:00:00+00:00,84953.6953125,85260.0859375,84478.2578125,84529.6953125,2091474944
2025-12-01 18:00:00+00:00,85179.3203125,85477.53125,84732.265625,84933.296875,1276346368
2025-12-01 19:00:00+00:00,85033.78125,85239.2890625,84654.0078125,85218.265625,2018066432
2025-12-01 20:00:00+00:00,85469.125,85813.5859375,85021.875,85021.875,1664278528
2025-12-01 21:00:00+00:00,86425.0703125,86450.90625,85455.1796875,85455.1796875,1892753408
2025-12-01 22:00:00+00:00,86648.2578125,86853.6796875,86381.71875,86440.8828125,841400320
2025-12-01 23:00:00+00:00,86305.8984375,86822.59375,86298.8203125,86599.984375,106921984
2025-12-02 00:00:00+00:00,86503.796875,86620.84375,86205.09375,86306.09375,0
2025-12-02 01:00:00+00:00,86440.8515625,87272.2734375,86398.6953125,86519.75,0
2025-12-02 02:00:00+00:00,86583.1953125,86859.3515625,86336.3046875,86449.2734375,0
2025-12-02 03:00:00+00:00,86956.0703125,87005.375,86223.6015625,86547.4765625,0
2025-12-02 04:00:00+00:00,86970.6328125,87218.3828125,86926.828125,86961.7109375,0
2025-12-02 05:00:00+00:00,86997.5390625,87075.4921875,86857.1484375,86974.765625,0
2025-12-02 06:00:00+00:00,87106.515625,87173.859375,86899.1015625,87012.4140625,0
2025-12-02 07:00:00+00:00,87032.6953125,87118.734375,86917.609375,87118.578125,0
2025-12-02 08:00:00+00:00,86408.96875,87039.8359375,86408.96875,87039.8359375,0
2025-12-02 09:00:00+00:00,86742.0703125,86943.859375,86509.9609375,86509.9609375,0
2025-12-02 10:00:00+00:00,87301.625,87490.9765625,86753.5234375,86753.5234375,0
2025-12-02 11:00:00+00:00,87395.390625,87553.921875,87037.6875,87298.359375,2308128768
2025-12-02 12:00:00+00:00,87250.3671875,87505.84375,87250.3671875,87381.4140625,0
2025-12-02 13:00:00+00:00,87841.1953125,87841.1953125,87114.8359375,87284.8671875,0
2025-12-02 14:00:00+00:00,89157.0625,89221.328125,87667.4140625,87779.3984375,2447892480
2025-12-02 15:00:00+00:00,90948.328125,91084.7265625,89255.9140625,89255.9140625,2543419392
2025-12-02 16:00:00+00:00,90902.4296875,91220.0546875,90316.7734375,90928.65625,0
2025-12-02 17:00:00+00:00,91497.4296875,91945.46875,90833.2421875,90833.2421875,2102452224
2025-12-02 18:00:00+00:00,91862.984375,92193.4921875,91494.40625,91494.40625,0
2025-12-02 19:00:00+00:00,91951.6484375,92309.515625,91943.3828125,91963.6171875,2146222080
2025-12-02 20:00:00+00:00,91046.8828125,91945.8359375,90821.234375,91945.8359375,1333592064
2025-12-02 21:00:00+00:00,91613.0,91654.3515625,91053.6484375,91119.1328125,0
2025-12-02 22:00:00+00:00,92003.703125,92003.703125,91600.859375,91635.1796875,0
2025-12-02 23:00:00+00:00,91360.6640625,92004.703125,91360.6640625,92004.703125,483549184
2025-12-03 00:00:00+00:00,91588.7421875,91741.6640625,91080.0,91345.3125,0
2025-12-03 01:00:00+00:00,92189.578125,92359.796875,91542.7109375,91632.609375,47554560
2025-12-03 02:00:00+00:00,92814.484375,92973.796875,92237.671875,92237.671875,2008293376
2025-12-03 03:00:00+00:00,92738.0703125,92945.15625,92661.3515625,92813.1328125,22814720
2025-12-03 04:00:00+00:00,93418.109375,93418.109375,92694.1328125,92710.0703125,900497408
2025-12-03 05:00:00+00:00,93640.78125,93640.78125,93212.015625,93369.4765625,1866670080
2025-12-03 06:00:00+00:00,93420.2109375,93935.609375,93221.65625,93703.5234375,1514610688
2025-12-03 07:00:00+00:00,93009.0,93438.7109375,92960.828125,93438.7109375,1506877440
2025-12-03 08:00:00+00:00,92728.46875,93154.8125,92728.46875,93019.3515625,0
2025-12-03 09:00:00+00:00,93182.9296875,93182.9296875,92758.1953125,92758.1953125,0
2025-12-03 10:00:00+00:00,92928.59375,93380.3203125,92923.8125,93209.25,2962178048
2025-12-03 11:00:00+00:00,93030.828125,93041.4921875,92788.8984375,92938.109375,0
2025-12-03 12:00:00+00:00,92976.1953125,93087.4375,92740.609375,93030.1171875,45260800
2025-12-03 13:00:00+00:00,93145.3984375,93236.265625,92953.1328125,92953.1328125,0
2025-12-03 14:00:00+00:00,92663.9140625,93554.9296875,91883.2109375,93166.890625,890290176
2025-12-03 15:00:00+00:00,92391.71875,92987.9453125,92018.0390625,92479.0703125,0
2025-12-03 16:00:00+00:00,92271.6875,92731.96875,91878.703125,92380.34375,0
2025-12-03 17:00:00+00:00,93017.203125,93032.640625,92276.625,92276.625,0
2025-12-03 18:00:00+00:00,92572.125,93486.4921875,92430.9296875,92981.7421875,0
2025-12-03 19:00:00+00:00,93015.546875,93089.234375,92585.0546875,92612.4375,0
2025-12-03 20:00:00+00:00,92913.59375,93309.734375,92865.453125,93034.28125,0
2025-12-03 21:00:00+00:00,93679.609375,93679.609375,92911.6796875,92971.890625,0
2025-12-03 22:00:00+00:00,93818.34375,93932.9453125,93351.6953125,93744.78125,1382498304
2025-12-03 23:00:00+00:00,93592.453125,94049.6953125,93522.734375,93805.984375,80134144
2025-12-04 00:00:00+00:00,93090.1171875,93478.859375,92749.1484375,93463.3828125,0
2025-12-04 01:00:00+00:00,93202.7578125,93700.109375,93045.6953125,93073.5859375,0
2025-12-04 02:00:00+00:00,93982.4140625,94010.6796875,93197.5,93209.8046875,0
2025-12-04 03:00:00+00:00,93546.546875,94022.4765625,93464.7421875,93972.65625,0
2025-12-04 04:00:00+00:00,93326.0859375,93553.65625,93267.125,93553.65625,0
2025-12-04 05:00:00+00:00,92989.1953125,93376.7578125,92821.0625,93345.90625,0
2025-12-04 06:00:00+00:00,93149.25,93364.609375,92891.6875,93005.1875,0
2025-12-04 07:00:00+00:00,93395.09375,93395.09375,92952.921875,93169.0703125,0
2025-12-04 08:00:00+00:00,93218.3046875,93591.2109375,93121.6875,93405.609375,0
2025-12-04 09:00:00+00:00,93494.8828125,93599.9375,93291.3671875,93291.3671875,0
2025-12-04 10:00:00+00:00,93264.0234375,93563.9765625,93205.2890625,93510.8984375,0
2025-12-04 11:00:00+00:00,92943.4375,93293.765625,92797.765625,93262.5078125,0
2025-12-04 12:00:00+00:00,93040.796875,93165.9921875,92817.171875,92966.2734375,0
2025-12-04 13:00:00+00:00,92558.546875,93018.1640625,92485.859375,93000.0703125,77438976
2025-12-04 14:00:00+00:00,91918.953125,92805.6953125,91905.4375,92538.390625,0
2025-12-04 15:00:00+00:00,93007.4921875,93060.65625,92013.609375,92013.609375,155361280
2025-12-04 16:00:00+00:00,92479.0625,93165.234375,92308.2421875,92941.8984375,0
2025-12-04 17:00:00+00:00,92425.2890625,92504.4140625,91830.0546875,92461.078125,173293568
2025-12-04 18:00:00+00:00,92071.109375,92544.4921875,92010.1484375,92421.8671875,0
2025-12-04 19:00:00+00:00,92028.8671875,92164.59375,90978.71875,92144.0234375,2098388992
2025-12-04 20:00:00+00:00,92529.390625,92529.390625,91771.90625,92067.2890625,0
2025-12-04 21:00:00+00:00,92172.4453125,92663.65625,92156.4296875,92514.6640625,0
2025-12-04 22:00:00+00:00,92419.203125,92484.6484375,92172.4453125,92172.4453125,0
2025-12-04 23:00:00+00:00,92146.9921875,92442.7734375,92115.8828125,92399.1796875,0
2025-12-05 00:00:00+00:00,92292.671875,92475.6796875,92103.9453125,92139.3359375,0
2025-12-05 01:00:00+00:00,92387.2578125,92603.4765625,92297.5859375,92309.9765625,0
2025-12-05 02:00:00+00:00,92544.34375,92702.640625,92282.9453125,92382.46875,0
2025-12-05 03:00:00+00:00,92150.609375,92638.6015625,92070.9296875,92547.1875,0
2025-12-05 04:00:00+00:00,92048.828125,92385.453125,91862.125,92172.640625,225943552
2025-12-05 05:00:00+00:00,91938.3515625,92196.734375,91918.03125,92044.4765625,0
2025-12-05 06:00:00+00:00,92288.828125,92288.828125,91944.078125,91944.078125,0
2025-12-05 07:00:00+00:00,92246.8359375,92496.078125,92246.5234375,92288.3203125,0
2025-12-05 08:00:00+00:00,92103.515625,92257.3515625,91977.078125,92257.3515625,0
2025-12-05 09:00:00+00:00,91147.0546875,92128.2734375,91051.4765625,92124.5078125,958406656
2025-12-05 10:00:00+00:00,91353.8203125,91481.359375,91131.265625,91159.8125,396427264
2025-12-05 11:00:00+00:00,91395.03125,91538.3828125,91189.0546875,91321.21875,0
2025-12-05 12:00:00+00:00,91262.7890625,91422.6640625,91155.390625,91381.8046875,66285568
2025-12-05 13:00:00+00:00,90573.9140625,91347.5078125,90332.375,91255.4921875,50393088
2025-12-05 14:00:00+00:00,90270.2109375,90744.578125,90010.3359375,90513.0703125,883863552
2025-12-05 15:00:00+00:00,90320.109375,91399.390625,90292.03125,90292.03125,359223296
2025-12-05 16:00:00+00:00,88878.6875,90453.953125,88232.8828125,90453.953125,3293970432
2025-12-05 17:00:00+00:00,89371.1640625,89487.3359375,88689.8359375,88900.9296875,732663808
2025-12-05 18:00:00+00:00,89003.90625,89803.1015625,88983.4921875,89368.71875,522678272
2025-12-05 19:00:00+00:00,89725.2890625,89802.9609375,88910.5703125,88979.6328125,0
2025-12-05 20:00:00+00:00,89336.2421875,89727.28125,89277.46875,89680.0625,360071168
2025-12-05 21:00:00+00:00,89184.6640625,89491.9921875,89120.3984375,89323.0625,435535872
2025-12-05 22:00:00+00:00,89297.1875,89368.6796875,88944.9453125,89188.171875,97525760
2025-12-05 23:00:00+00:00,89381.8515625,89384.484375,88977.3203125,89282.65625,0
2025-12-06 00:00:00+00:00,89448.2578125,89449.546875,89092.0390625,89360.8359375,206573568
2025-12-06 01:00:00+00:00,89320.0,89489.546875,89255.46875,89440.5703125,0
2025-12-06 02:00:00+00:00,89343.7890625,89346.7578125,89234.9140625,89319.875,0
2025-12-06 03:00:00+00:00,89709.21875,89793.8984375,89367.6171875,89367.6171875,420872192
2025-12-06 04:00:00+00:00,89711.7265625,89711.7265625,89583.3671875,89705.296875,0
2025-12-06 05:00:00+00:00,89628.9765625,89751.2109375,89567.1328125,89693.109375,0
2025-12-06 06:00:00+00:00,89693.375,89771.8359375,89567.5390625,89627.8828125,0
2025-12-06 07:00:00+00:00,89638.171875,89719.953125,89501.703125,89711.578125,0
2025-12-06 08:00:00+00:00,89337.828125,89630.9921875,89290.7734375,89627.609375,51716096
2025-12-06 09:00:00+00:00,89629.75,89677.1328125,89308.1875,89319.796875,0
2025-12-06 10:00:00+00:00,89554.4921875,89693.6328125,89524.9375,89620.6015625,0
2025-12-06 11:00:00+00:00,89648.8359375,89729.40625,89526.3125,89526.3125,174460928
2025-12-06 12:00:00+00:00,89604.390625,89666.484375,89593.234375,89659.328125,0
2025-12-06 13:00:00+00:00,89691.0546875,89778.234375,89598.6015625,89598.6015625,0
2025-12-06 14:00:00+00:00,90050.109375,90174.3359375,89676.25,89682.421875,0
2025-12-06 15:00:00+00:00,89885.171875,90045.5703125,89582.7421875,90045.5703125,0
2025-12-06 16:00:00+00:00,89733.109375,89985.5703125,89714.890625,89779.0546875,0
2025-12-06 17:00:00+00:00,89713.203125,89816.3828125,89672.0546875,89730.1484375,0
2025-12-06 18:00:00+00:00,89657.1171875,89787.09375,89599.5546875,89722.0,0
2025-12-06 19:00:00+00:00,89433.890625,89749.1484375,89350.9453125,89663.1953125,0
2025-12-06 20:00:00+00:00,89570.984375,89570.984375,89366.1796875,89433.6015625,0
2025-12-06 21:00:00+00:00,89479.1875,89604.9296875,89444.609375,89565.4609375,0
2025-12-06 22:00:00+00:00,89326.234375,89538.8828125,89300.4921875,89458.59375,0
2025-12-06 23:00:00+00:00,89270.5859375,89331.578125,88981.4921875,89310.046875,259080192
2025-12-07 00:00:00+00:00,89499.3984375,89549.46875,89225.390625,89257.46875,0
2025-12-07 01:00:00+00:00,89378.28125,89596.4375,89378.28125,89458.8515625,0
2025-12-07 02:00:00+00:00,89670.8125,89670.8125,89348.90625,89348.90625,0
2025-12-07 03:00:00+00:00,89732.3203125,89750.2890625,89586.09375,89640.296875,0
2025-12-07 04:00:00+00:00,89568.5859375,89806.9375,89517.1328125,89736.515625,236564480
2025-12-07 05:00:00+00:00,89535.3203125,89590.1171875,89468.0078125,89570.1640625,0
2025-12-07 06:00:00+00:00,89693.625,89701.53125,89520.2109375,89524.71875,78209024
2025-12-07 07:00:00+00:00,89367.4921875,89755.9921875,89260.28125,89702.7578125,0
2025-12-07 08:00:00+00:00,89328.65625,89524.8515625,89229.546875,89382.1328125,0
2025-12-07 09:00:00+00:00,89152.0703125,89395.4921875,89098.2734375,89341.5,0
2025-12-07 10:00:00+00:00,89295.9296875,89374.3125,89137.875,89137.875,62070784
2025-12-07 11:00:00+00:00,89199.75,89281.90625,89192.921875,89272.703125,0
2025-12-07 12:00:00+00:00,89491.4375,89582.8671875,89167.6328125,89201.8125,57413632
2025-12-07 13:00:00+00:00,89086.1953125,89524.6953125,88948.6640625,89491.7421875,588152832
2025-12-07 14:00:00+00:00,88224.4140625,89096.5703125,87823.5,89070.71875,1236549632
2025-12-07 15:00:00+00:00,89498.5859375,89635.671875,88206.3515625,88250.9609375,1544073216
2025-12-07 16:00:00+00:00,89675.546875,89675.546875,89199.21875,89587.203125,1127821312
2025-12-07 17:00:00+00:00,90995.703125,91173.875,89665.6640625,89772.421875,3157397504
2025-12-07 18:00:00+00:00,91386.5234375,91719.8515625,90990.34375,90990.34375,1838891008
2025-12-07 19:00:00+00:00,91367.9921875,91545.7109375,91279.0,91387.40625,0
2025-12-07 20:00:00+00:00,91456.53125,91504.9296875,91365.9765625,91401.015625,210132992
2025-12-07 21:00:00+00:00,90123.9375,91454.2265625,89961.5078125,91454.2265625,221388800
2025-12-07 22:00:00+00:00,89670.59375,90173.6875,89150.5390625,90157.8515625,2868666368
2025-12-07 23:00:00+00:00,90320.2421875,90345.4609375,89583.765625,89628.4609375,691253248
2025-12-08 00:00:00+00:00,90422.671875,90602.1484375,90006.03125,90426.9453125,1128091648
2025-12-08 01:00:00+00:00,90906.8671875,91670.484375,90354.796875,90354.796875,1658298368
2025-12-08 02:00:00+00:00,91429.0625,91440.1484375,90863.015625,90910.8203125,1001168896
2025-12-08 03:00:00+00:00,91126.984375,91419.4296875,91010.359375,91379.65625,1164009472
2025-12-08 04:00:00+00:00,91271.1640625,91452.6015625,91092.9921875,91132.6875,38129664
2025-12-08 05:00:00+00:00,91349.4375,91416.03125,91087.1484375,91294.0234375,593805312
2025-12-08 06:00:00+00:00,91454.828125,91635.78125,91253.8828125,91338.0859375,792178688
2025-12-08 07:00:00+00:00,91544.1953125,91810.265625,91390.7265625,91457.5390625,515788800
2025-12-08 08:00:00+00:00,91830.4765625,91885.7421875,91526.875,91565.6328125,204132352
2025-12-08 09:00:00+00:00,91953.1640625,92255.546875,91842.125,91842.125,1536200704
2025-12-08 10:00:00+00:00,92147.109375,92216.90625,91863.328125,91937.0,491900928
2025-12-08 11:00:00+00:00,92000.78125,92182.3828125,91902.2109375,92151.6953125,197328896
2025-12-08 12:00:00+00:00,91796.140625,91982.6640625,91751.125,91982.6640625,619315200
2025-12-08 13:00:00+00:00,91429.8359375,92099.34375,91429.8359375,91791.28125,0
2025-12-08 14:00:00+00:00,90846.3125,91615.046875,90846.3125,91448.625,671834112
2025-12-08 15:00:00+00:00,90054.5625,90923.125,89689.6640625,90882.3359375,2128613376
2025-12-08 16:00:00+00:00,89968.3125,90440.8515625,89753.640625,89910.1796875,826658816
2025-12-08 17:00:00+00:00,90282.9609375,90282.9609375,89765.7578125,89954.265625,0
2025-12-08 18:00:00+00:00,89760.9296875,90486.9453125,89760.9296875,90242.078125,0
2025-12-08 19:00:00+00:00,90099.9375,90328.765625,89870.453125,89870.453125,1347035136
2025-12-08 20:00:00+00:00,90736.6796875,90914.5546875,90125.0390625,90125.0390625,1129852928
2025-12-08 21:00:00+00:00,91379.140625,91379.140625,90734.3125,90812.7890625,0
2025-12-08 22:00:00+00:00,90793.1796875,91336.2890625,90776.5390625,91336.2890625,0
2025-12-08 23:00:00+00:00,90617.3984375,90993.421875,90523.0625,90832.390625,0
2025-12-09 00:00:00+00:00,90410.28125,90820.96875,90380.578125,90644.140625,0
2025-12-09 01:00:00+00:00,90081.6171875,90552.28125,90017.4296875,90412.0625,0
2025-12-09 02:00:00+00:00,90106.9296875,90367.6328125,90056.03125,90084.9296875,0
2025-12-09 03:00:00+00:00,90435.75,90438.3515625,89830.9375,90072.609375,1202860032
2025-12-09 04:00:00+00:00,89945.96875,90503.96875,89781.4765625,90412.375,654217216
2025-12-09 05:00:00+00:00,89924.875,90194.296875,89586.9765625,89930.3828125,630419456
2025-12-09 06:00:00+00:00,90169.5390625,90202.3984375,89808.2890625,89920.8125,0
2025-12-09 07:00:00+00:00,90480.9765625,90524.1484375,90111.4609375,90185.8359375,54607872
2025-12-09 08:00:00+00:00,90487.265625,90595.03125,90453.140625,90477.609375,102821888
2025-12-09 09:00:00+00:00,90156.625,90499.0078125,90156.625,90493.1484375,0
2025-12-09 10:00:00+00:00,90231.4296875,90314.78125,90014.7890625,90155.0859375,0
2025-12-09 11:00:00+00:00,90375.5078125,90375.5078125,90164.6171875,90275.46875,209571840
2025-12-09 12:00:00+00:00,90610.328125,90670.171875,90363.2265625,90375.3125,0
2025-12-09 13:00:00+00:00,90415.15625,90826.0625,90229.25,90599.359375,0
2025-12-09 14:00:00+00:00,90243.671875,90570.9140625,90051.0625,90418.75,0
2025-12-09 15:00:00+00:00,92724.46875,92812.984375,90361.7265625,90361.7265625,914980864
2025-12-09 16:00:00+00:00,94288.1015625,94461.84375,92656.3828125,92656.3828125,6740717568
2025-12-09 17:00:00+00:00,93842.578125,94601.5703125,93573.5625,94189.546875,2488238080
2025-12-09 18:00:00+00:00,93986.015625,94170.453125,93688.421875,93874.6796875,386461696
2025-12-09 19:00:00+00:00,93815.1640625,94140.6640625,93709.2578125,93936.5625,132485120
2025-12-09 20:00:00+00:00,93102.7734375,93808.9765625,92819.7109375,93741.5078125,546512896
2025-12-09 21:00:00+00:00,92697.71875,93220.8359375,92316.5546875,93090.6171875,362266624
2025-12-09 22:00:00+00:00,92921.28125,92994.84375,92544.1328125,92681.03125,955392000
2025-12-09 23:00:00+00:00,92685.5234375,92969.734375,92584.84375,92903.53125,0
2025-12-10 00:00:00+00:00,92166.734375,92770.34375,92143.8359375,92705.875,687542272
2025-12-10 01:00:00+00:00,92350.9375,92406.5703125,92027.890625,92166.5234375,0
2025-12-10 02:00:00+00:00,92380.78125,92551.25,92070.703125,92333.53125,401629184
2025-12-10 03:00:00+00:00,92418.5390625,92540.0859375,92357.125,92540.0859375,0
2025-12-10 04:00:00+00:00,92574.15625,92664.28125,92415.40625,92415.859375,1309835264
2025-12-10 05:00:00+00:00,92608.1328125,92711.7109375,92564.09375,92567.3125,0
2025-12-10 06:00:00+00:00,92708.0390625,92729.78125,92462.4765625,92600.359375,0
2025-12-10 07:00:00+00:00,92733.6328125,92733.6328125,92509.2734375,92667.65625,0
2025-12-10 08:00:00+00:00,92650.9453125,92778.1796875,92581.609375,92778.1796875,28663808
2025-12-10 09:00:00+00:00,92936.8515625,92936.8515625,92485.6484375,92638.3046875,0
2025-12-10 10:00:00+00:00,92388.03125,93181.6015625,92188.515625,92944.96875,1535393792
2025-12-10 11:00:00+00:00,92112.546875,92430.4765625,91839.6171875,92292.828125,1394872320
2025-12-10 12:00:00+00:00,92033.6015625,92190.0234375,91857.0546875,92130.1328125,0
2025-12-10 13:00:00+00:00,92082.21875,92208.6171875,91971.1953125,92007.25,0
2025-12-10 14:00:00+00:00,91787.484375,92096.4609375,91679.7109375,92096.4609375,0
2025-12-10 15:00:00+00:00,92012.4921875,92124.8671875,91676.8984375,91810.25,0
2025-12-10 16:00:00+00:00,92173.6953125,92579.34375,91956.8125,92072.859375,0
2025-12-10 17:00:00+00:00,92395.203125,92479.90625,92140.125,92176.6328125,0
2025-12-10 18:00:00+00:00,92372.96875,93013.9453125,92055.921875,92400.4375,0
2025-12-10 19:00:00+00:00,92979.0546875,93128.8515625,92054.2578125,92501.7890625,5123604480
2025-12-10 20:00:00+00:00,92528.1640625,94447.9921875,92449.1953125,92946.1171875,1298399232
2025-12-10 21:00:00+00:00,92509.34375,92787.4140625,91923.453125,92490.6015625,3418726400
2025-12-10 22:00:00+00:00,92578.71875,92683.015625,92008.3359375,92372.5,0
2025-12-10 23:00:00+00:00,92055.515625,92568.5625,91979.4296875,92530.5703125,0
2025-12-11 00:00:00+00:00,91422.4609375,92083.9765625,91148.2890625,92034.4453125,0
2025-12-11 01:00:00+00:00,90739.1015625,91415.5546875,90721.15625,91415.5546875,890335232
2025-12-11 02:00:00+00:00,90046.1171875,90709.59375,89915.875,90709.59375,1868226560
2025-12-11 03:00:00+00:00,89905.5078125,90079.1328125,89494.6875,90079.1328125,1742594048
2025-12-11 04:00:00+00:00,90489.390625,90489.390625,89768.9375,89807.2109375,721903616
2025-12-11 05:00:00+00:00,90317.8984375,90466.5078125,90111.328125,90466.5078125,522092544
2025-12-11 06:00:00+00:00,90317.0703125,90433.125,90067.828125,90327.21875,202948608
2025-12-11 07:00:00+00:00,90258.65625,90335.8515625,90135.3828125,90331.5859375,0
2025-12-11 08:00:00+00:00,90186.234375,90268.8125,90008.578125,90257.734375,0
2025-12-11 09:00:00+00:00,90224.1015625,90488.09375,90202.7421875,90202.7421875,183967744
2025-12-11 10:00:00+00:00,90353.875,90354.4375,90206.875,90243.7578125,0
2025-12-11 11:00:00+00:00,90276.5078125,90413.6328125,90237.296875,90346.34375,0
2025-12-11 12:00:00+00:00,90130.203125,90386.4609375,90130.203125,90277.78125,0
2025-12-11 13:00:00+00:00,90096.8203125,90145.8984375,89924.1640625,90053.328125,27492352
2025-12-11 14:00:00+00:00,89595.6015625,90426.84375,89341.171875,90097.578125,0
2025-12-11 15:00:00+00:00,89825.3515625,90585.953125,89458.125,89458.125,2575290368
2025-12-11 16:00:00+00:00,89662.6328125,90105.46875,89395.0,89912.9921875,0
2025-12-11 17:00:00+00:00,89994.71875,90261.140625,89697.546875,89718.21875,0
2025-12-11 18:00:00+00:00,90654.0859375,91163.2734375,89954.9140625,89980.2890625,0
2025-12-11 19:00:00+00:00,90834.9921875,91511.421875,90632.4765625,90768.984375,0
2025-12-11 20:00:00+00:00,91813.8203125,91813.8203125,90874.296875,90874.296875,0
2025-12-11 21:00:00+00:00,92885.890625,93512.1796875,91762.796875,91794.125,2230702080
2025-12-11 22:00:00+00:00,92450.28125,93069.6328125,92206.734375,92900.546875,0
2025-12-11 23:00:00+00:00,92516.328125,92795.046875,92418.9765625,92418.9765625,1818030080
2025-12-12 00:00:00+00:00,91893.4921875,92647.03125,91893.4921875,92522.484375,0
2025-12-12 01:00:00+00:00,92131.1484375,92266.8203125,91506.9921875,91506.9921875,207601664
2025-12-12 02:00:00+00:00,92582.3359375,92726.8359375,91996.1328125,92166.7421875,0
2025-12-12 03:00:00+00:00,92317.5390625,92720.140625,92233.046875,92599.2421875,0
2025-12-12 04:00:00+00:00,92391.1796875,92414.546875,92174.0859375,92323.609375,0
2025-12-12 05:00:00+00:00,92455.7890625,92502.4765625,92108.0234375,92392.640625,0
2025-12-12 06:00:00+00:00,92528.6484375,92720.09375,92439.203125,92455.3984375,783388672
2025-12-12 07:00:00+00:00,92448.7109375,92556.4921875,92297.6328125,92532.3984375,2303827968
2025-12-12 08:00:00+00:00,92301.8671875,92460.8125,92194.46875,92460.8125,1168453632
2025-12-12 09:00:00+00:00,92537.0703125,92537.0703125,92140.4375,92348.65625,1281175552
2025-12-12 10:00:00+00:00,92543.1796875,92623.703125,92434.1015625,92584.921875,1446789120
2025-12-12 11:00:00+00:00,92395.375,92525.0,92332.0,92525.0,1522884608
2025-12-12 12:00:00+00:00,92402.03125,92415.5703125,92110.3671875,92415.5703125,0
2025-12-12 13:00:00+00:00,92323.40625,92507.53125,92294.7265625,92435.4921875,2539741184
2025-12-12 14:00:00+00:00,92588.9921875,92589.546875,92012.8671875,92310.171875,919822336
2025-12-12 15:00:00+00:00,89817.984375,92344.53125,89817.984375,92314.484375,3051659264
2025-12-12 16:00:00+00:00,89982.59375,90408.1171875,89546.15625,89972.2265625,4424622080
2025-12-12 17:00:00+00:00,90056.2265625,90563.484375,89924.5234375,90123.296875,1558151168
2025-12-12 18:00:00+00:00,90354.390625,90672.5546875,90084.46875,90084.46875,2403155968
2025-12-12 19:00:00+00:00,90169.8515625,90378.890625,90068.8515625,90378.890625,1225531392
2025-12-12 20:00:00+00:00,90212.9296875,90322.6640625,89926.5234375,90218.3828125,467247104
2025-12-12 21:00:00+00:00,90238.5859375,90337.609375,90162.671875,90227.9921875,0
2025-12-12 22:00:00+00:00,90334.3203125,90379.5078125,90205.0703125,90205.0703125,0
2025-12-12 23:00:00+00:00,90265.09375,90410.109375,90265.09375,90340.234375,0
2025-12-13 00:00:00+00:00,90349.96875,90417.578125,90242.75,90279.3203125,727605248
2025-12-13 01:00:00+00:00,90206.3203125,90370.7421875,90128.15625,90329.203125,108183552
2025-12-13 02:00:00+00:00,90241.2734375,90317.4140625,90241.2734375,90247.8359375,440655872
2025-12-13 03:00:00+00:00,90344.0859375,90433.8671875,90225.1328125,90245.609375,387940352
2025-12-13 04:00:00+00:00,90397.828125,90416.1171875,90312.453125,90359.953125,778256384
2025-12-13 05:00:00+00:00,90351.421875,90394.5703125,90290.546875,90394.21875,655106048
2025-12-13 06:00:00+00:00,90368.75,90376.5078125,90293.5,90354.671875,0
2025-12-13 07:00:00+00:00,90350.359375,90409.7421875,90346.265625,90358.640625,0
2025-12-13 08:00:00+00:00,90441.3203125,90550.359375,90335.203125,90351.9921875,0
2025-12-13 09:00:00+00:00,90413.4375,90515.359375,90413.4375,90462.6796875,0
2025-12-13 10:00:00+00:00,90581.6640625,90644.8359375,90419.4453125,90419.4453125,0
2025-12-13 11:00:00+00:00,90355.0390625,90621.734375,90335.796875,90588.3203125,270860288
2025-12-13 12:00:00+00:00,90368.203125,90488.75,90314.859375,90361.4375,0
2025-12-13 13:00:00+00:00,90272.125,90457.421875,90240.4609375,90430.8828125,0
2025-12-13 14:00:00+00:00,90121.3125,90310.5234375,89988.046875,90310.5234375,0
2025-12-13 15:00:00+00:00,90119.0390625,90301.8515625,90066.53125,90154.296875,0
2025-12-13 16:00:00+00:00,90115.046875,90260.7734375,90072.421875,90119.0390625,0
2025-12-13 17:00:00+00:00,90065.71875,90115.609375,90017.15625,90115.609375,0
2025-12-13 18:00:00+00:00,90131.875,90192.3125,90074.71875,90074.71875,0
2025-12-13 19:00:00+00:00,90215.390625,90246.9921875,90126.2109375,90146.390625,0
2025-12-13 20:00:00+00:00,90107.0859375,90235.8984375,90107.0859375,90223.625,0
2025-12-13 21:00:00+00:00,90181.5546875,90195.25,89828.6484375,90112.8203125,0
2025-12-13 22:00:00+00:00,90113.3125,90237.296875,90071.8515625,90186.9375,0
2025-12-13 23:00:00+00:00,90297.0078125,90297.0078125,90108.4921875,90108.4921875,0
2025-12-14 00:00:00+00:00,90375.453125,90490.1953125,90168.09375,90264.171875,332292096
2025-12-14 01:00:00+00:00,90319.1015625,90461.3125,90225.3125,90386.1328125,96505856
2025-12-14 02:00:00+00:00,90323.59375,90405.875,90280.171875,90316.578125,417792
2025-12-14 03:00:00+00:00,90272.6171875,90324.6796875,90272.6171875,90320.8515625,0
2025-12-14 04:00:00+00:00,90207.453125,90342.4140625,90178.4765625,90274.3125,0
2025-12-14 05:00:00+00:00,90218.28125,90234.3671875,90101.96875,90183.8828125,384671744
2025-12-14 06:00:00+00:00,90173.15625,90244.5625,90113.078125,90217.828125,480243712
2025-12-14 07:00:00+00:00,90260.6328125,90288.546875,90120.09375,90181.9765625,0
2025-12-14 08:00:00+00:00,90149.5078125,90287.25,90149.34375,90260.5,0
2025-12-14 09:00:00+00:00,90039.96875,90165.7734375,90022.8203125,90139.5625,6338183168
2025-12-14 10:00:00+00:00,89864.765625,90116.9765625,89863.0078125,90038.5859375,0
2025-12-14 11:00:00+00:00,89386.75,89845.625,88899.2578125,89845.625,0
2025-12-14 12:00:00+00:00,89447.1640625,89654.21875,89164.328125,89415.796875,0
2025-12-14 13:00:00+00:00,89401.4375,89432.921875,89214.140625,89432.921875,0
2025-12-14 14:00:00+00:00,89109.390625,89551.3359375,88951.3515625,89490.6484375,0
2025-12-14 15:00:00+00:00,89052.140625,89154.0078125,88947.625,89118.7265625,0
2025-12-14 16:00:00+00:00,88704.8515625,89338.21875,88704.8515625,89044.1875,0
2025-12-14 17:00:00+00:00,88855.9921875,89028.6484375,88677.109375,88847.890625,0
2025-12-14 18:00:00+00:00,89028.4609375,89060.125,88766.9765625,88835.140625,0
2025-12-14 19:00:00+00:00,88605.0546875,89021.8203125,88547.8125,89021.8203125,0
2025-12-14 20:00:00+00:00,88593.5078125,88823.515625,88433.390625,88660.578125,0
2025-12-14 21:00:00+00:00,88473.1015625,88711.9140625,88464.671875,88584.515625,0
2025-12-14 22:00:00+00:00,88380.984375,88581.640625,88088.28125,88469.046875,0
2025-12-14 23:00:00+00:00,88172.1484375,88514.953125,87638.3203125,88514.953125,0
2025-12-15 00:00:00+00:00,88491.96875,88632.359375,88130.1640625,88167.90625,0
2025-12-15 01:00:00+00:00,89222.875,89334.4921875,88452.6328125,88528.703125,0
2025-12-15 02:00:00+00:00,89333.046875,89983.921875,89263.765625,89263.765625,0
2025-12-15 03:00:00+00:00,89300.5546875,89529.25,89255.6484375,89325.1953125,0
2025-12-15 04:00:00+00:00,89705.4609375,89757.4140625,89286.5859375,89286.5859375,0
2025-12-15 05:00:00+00:00,89609.96875,89743.8125,89503.6640625,89665.2890625,0
2025-12-15 06:00:00+00:00,89762.5234375,89899.2421875,89497.828125,89618.0390625,0
2025-12-15 07:00:00+00:00,89765.875,89828.03125,89544.40625,89761.3828125,0
2025-12-15 08:00:00+00:00,89798.7578125,89908.265625,89675.40625,89752.6796875,0
2025-12-15 09:00:00+00:00,89866.8125,89950.6796875,89803.671875,89803.671875,0
2025-12-15 10:00:00+00:00,89862.7734375,89975.203125,89749.6171875,89882.359375,384565248
2025-12-15 11:00:00+00:00,89653.140625,89886.6015625,89589.8671875,89865.4375,0
2025-12-15 12:00:00+00:00,89702.4375,89753.9296875,89439.8359375,89651.890625,0
2025-12-15 13:00:00+00:00,89452.8984375,89722.1875,89297.6328125,89701.546875,406751232
2025-12-15 14:00:00+00:00,88136.921875,89834.75,87956.8828125,89445.328125,975976448
2025-12-15 15:00:00+00:00,86956.4140625,88091.3828125,86681.4453125,88091.3828125,5710870528
2025-12-15 16:00:00+00:00,86324.3125,87156.4296875,86217.7578125,86872.3515625,2532503552
2025-12-15 17:00:00+00:00,85712.1484375,86449.9140625,85630.5234375,86409.109375,1740865536
2025-12-15 18:00:00+00:00,86227.8515625,86239.7265625,85337.203125,85738.8671875,1902190592
2025-12-15 19:00:00+00:00,86203.125,86490.5546875,85924.8984375,86197.875,2213670912
2025-12-15 20:00:00+00:00,85892.359375,86152.84375,85645.6953125,86132.421875,594681856
2025-12-15 21:00:00+00:00,86236.46875,86236.46875,85570.0859375,85818.1640625,0
2025-12-15 22:00:00+00:00,86163.25,86211.7421875,85859.3515625,86205.6171875,1293418496
2025-12-15 23:00:00+00:00,86422.1875,86444.1484375,86155.390625,86238.8125,0
2025-12-16 00:00:00+00:00,85874.703125,86496.2890625,85874.703125,86424.4375,0
2025-12-16 01:00:00+00:00,85904.03125,86139.359375,85696.125,85773.46875,0
2025-12-16 02:00:00+00:00,85878.828125,86190.765625,85834.234375,85913.15625,0
2025-12-16 03:00:00+00:00,85837.78125,86002.703125,85568.0546875,85923.265625,1979572224
2025-12-16 04:00:00+00:00,85800.59375,85862.765625,85381.6875,85837.78125,456720384
2025-12-16 05:00:00+00:00,85996.9921875,86160.6484375,85804.640625,85804.640625,213884928
2025-12-16 06:00:00+00:00,86542.5625,86556.953125,86008.203125,86008.203125,363614208
2025-12-16 07:00:00+00:00,86039.8125,86563.328125,85891.96875,86496.9921875,855908352
2025-12-16 08:00:00+00:00,86234.78125,86310.078125,85967.171875,86007.2109375,438214656
2025-12-16 09:00:00+00:00,86323.8828125,86382.390625,86209.6484375,86266.1953125,180744192
2025-12-16 10:00:00+00:00,87051.265625,87288.140625,86304.5546875,86331.8203125,661389312
2025-12-16 11:00:00+00:00,87278.96875,87291.6484375,86852.6484375,86893.1171875,304504832
2025-12-16 12:00:00+00:00,87210.5625,87409.9765625,87108.3671875,87245.671875,0
2025-12-16 13:00:00+00:00,86548.96875,87527.84375,86548.96875,87220.4609375,3285856256
2025-12-16 14:00:00+00:00,87215.671875,87517.765625,86272.8125,86507.453125,0
2025-12-16 15:00:00+00:00,87875.8828125,88108.234375,86993.84375,87255.0625,0
2025-12-16 16:00:00+00:00,87626.015625,87992.578125,87421.5703125,87950.71875,0
2025-12-16 17:00:00+00:00,87142.9453125,87801.640625,87142.9453125,87605.359375,0
2025-12-16 18:00:00+00:00,87730.515625,87975.828125,87064.734375,87111.7890625,0
2025-12-16 19:00:00+00:00,87613.0234375,87754.5625,87284.5625,87746.9921875,0
2025-12-16 20:00:00+00:00,87656.7421875,87778.1484375,87354.046875,87581.15625,0
2025-12-16 21:00:00+00:00,87763.109375,87915.609375,87498.7890625,87615.640625,0
2025-12-16 22:00:00+00:00,87757.2109375,87883.3203125,87636.0234375,87765.171875,0
2025-12-16 23:00:00+00:00,87848.2421875,87850.40625,87603.15625,87772.9453125,0
2025-12-17 00:00:00+00:00,87526.046875,87842.8671875,87415.8671875,87842.8671875,628613120
2025-12-17 01:00:00+00:00,87517.6875,87888.8359375,87484.6640625,87536.7890625,0
2025-12-17 02:00:00+00:00,87457.0234375,87560.7109375,87200.109375,87532.8984375,0
2025-12-17 03:00:00+00:00,87185.2109375,87580.9765625,87177.265625,87463.953125,0
2025-12-17 04:00:00+00:00,86777.421875,87357.15625,86746.40625,87210.3828125,0
2025-12-17 05:00:00+00:00,86602.9140625,86762.515625,86229.78125,86762.515625,468123648
2025-12-17 06:00:00+00:00,86741.2734375,86935.7421875,86583.359375,86605.6484375,0
2025-12-17 07:00:00+00:00,87032.375,87071.4921875,86592.4453125,86743.6484375,0
2025-12-17 08:00:00+00:00,86348.0546875,87024.109375,86313.46875,87024.109375,0
2025-12-17 09:00:00+00:00,86408.046875,86560.203125,86237.71875,86365.984375,159756288
2025-12-17 10:00:00+00:00,86582.0234375,86784.59375,86290.140625,86406.921875,0
2025-12-17 11:00:00+00:00,86952.9765625,87080.6953125,86566.7421875,86600.9921875,0
2025-12-17 12:00:00+00:00,86994.59375,87165.5078125,86835.2734375,86953.8359375,0
2025-12-17 13:00:00+00:00,87636.28125,87676.1015625,86826.59375,86998.2265625,0
2025-12-17 14:00:00+00:00,89451.8046875,89451.8046875,87194.9609375,87618.9453125,0
2025-12-17 15:00:00+00:00,87302.0546875,90234.7734375,87302.0546875,89524.5,4645810176
2025-12-17 16:00:00+00:00,86909.4375,87693.265625,86163.265625,87222.421875,1868443648
2025-12-17 17:00:00+00:00,86422.5234375,87042.3046875,86311.8984375,86913.578125,448954368
2025-12-17 18:00:00+00:00,85754.4453125,86785.1171875,85735.890625,86394.6875,162873344
2025-12-17 19:00:00+00:00,85976.78125,86112.2109375,85344.1796875,85793.1640625,1341763584
2025-12-17 20:00:00+00:00,85852.1484375,86168.734375,85635.21875,85986.8203125,487251968
2025-12-17 21:00:00+00:00,85950.6640625,86004.515625,85713.6015625,85836.9140625,0
2025-12-17 22:00:00+00:00,86298.7265625,86350.875,85907.859375,85945.2109375,432304128
2025-12-17 23:00:00+00:00,86105.1328125,86305.0078125,85930.3203125,86305.0078125,167567360
2025-12-18 00:00:00+00:00,86203.75,86272.6484375,86039.640625,86196.7890625,0
2025-12-18 01:00:00+00:00,86097.6953125,86202.46875,85848.5,86202.46875,74092544
2025-12-18 02:00:00+00:00,86641.4375,86736.5390625,86037.40625,86095.859375,449380352
2025-12-18 03:00:00+00:00,86554.53125,86636.34375,86254.765625,86550.265625,716374016
2025-12-18 04:00:00+00:00,86733.515625,86857.8359375,86583.875,86583.875,47095808
2025-12-18 05:00:00+00:00,86394.859375,86727.9765625,86367.8125,86727.9765625,0
2025-12-18 06:00:00+00:00,86592.9375,86592.9375,86392.3515625,86397.921875,0
2025-12-18 07:00:00+00:00,86772.3515625,86823.0234375,86590.421875,86636.453125,0
2025-12-18 08:00:00+00:00,86946.1015625,87036.234375,86674.5703125,86796.6328125,632524800
2025-12-18 09:00:00+00:00,87257.828125,87327.046875,86775.515625,86942.5546875,465829888
2025-12-18 10:00:00+00:00,87255.8359375,87389.9140625,87218.3125,87242.3359375,0
2025-12-18 11:00:00+00:00,87220.5234375,87291.1953125,87071.96875,87281.8828125,0
2025-12-18 12:00:00+00:00,87181.09375,87355.9375,87103.390625,87271.328125,0
2025-12-18 13:00:00+00:00,88797.2890625,89106.109375,87313.1640625,87313.1640625,2830639104
2025-12-18 14:00:00+00:00,88299.4140625,89283.6640625,87784.625,88935.765625,1610309632
2025-12-18 15:00:00+00:00,88502.203125,89279.9609375,88033.359375,88369.046875,0
2025-12-18 16:00:00+00:00,87928.2421875,88466.8203125,87900.78125,88447.6328125,0
2025-12-18 17:00:00+00:00,86302.8359375,87900.3125,85479.0234375,87900.3125,2901164032
2025-12-18 18:00:00+00:00,85972.5546875,86738.25,85824.640625,86420.046875,399704064
2025-12-18 19:00:00+00:00,84542.4453125,85890.25,84485.53125,85890.25,2145484800
2025-12-18 20:00:00+00:00,84765.296875,85154.109375,84460.9765625,84460.9765625,2918789120
2025-12-18 21:00:00+00:00,85600.0703125,85666.7109375,84994.25,85134.09375,1111547904
2025-12-18 22:00:00+00:00,85570.890625,85649.9140625,85285.1640625,85583.328125,535089152
2025-12-18 23:00:00+00:00,85447.734375,85561.8046875,85293.8125,85544.578125,0
2025-12-19 00:00:00+00:00,85539.0703125,85539.0703125,85258.5078125,85463.296875,0
2025-12-19 01:00:00+00:00,85317.0859375,85552.5078125,85134.0625,85552.5078125,114257920
2025-12-19 02:00:00+00:00,85660.546875,85847.609375,85114.8828125,85289.609375,119107584
2025-12-19 03:00:00+00:00,86761.8046875,87489.6171875,85578.90625,85578.90625,1879740416
2025-12-19 04:00:00+00:00,87043.8984375,87288.6328125,86789.3828125,86789.3828125,1428692992
2025-12-19 05:00:00+00:00,87048.6875,87156.9296875,86660.9296875,87032.0390625,663064576
2025-12-19 06:00:00+00:00,87290.609375,87318.6328125,86885.859375,87054.8515625,632479744
2025-12-19 07:00:00+00:00,87899.90625,88295.3046875,87398.1171875,87398.1171875,1315643392
2025-12-19 08:00:00+00:00,88097.6484375,88127.4375,87702.75,87893.8828125,279502848
2025-12-19 09:00:00+00:00,88015.984375,88051.5078125,87868.6484375,88051.5078125,0
2025-12-19 10:00:00+00:00,88237.09375,88237.09375,87892.640625,88051.140625,0
2025-12-19 11:00:00+00:00,88158.4375,88314.3125,88121.4453125,88230.515625,663236608
2025-12-19 12:00:00+00:00,87907.0078125,88188.4375,87859.78125,88147.6484375,309714944
2025-12-19 13:00:00+00:00,87945.6484375,88093.6328125,87802.6484375,87828.5390625,0
2025-12-19 14:00:00+00:00,88094.3203125,88439.8046875,87567.078125,87945.9609375,0
2025-12-19 15:00:00+00:00,87873.5234375,89313.359375,87744.703125,88135.0703125,0
2025-12-19 16:00:00+00:00,87944.4453125,88755.9453125,87924.78125,87939.203125,1538793472
2025-12-19 17:00:00+00:00,87302.953125,88233.96875,86890.7578125,87926.3359375,0
2025-12-19 18:00:00+00:00,87163.515625,87351.375,86858.1796875,86918.34375,0
2025-12-19 19:00:00+00:00,87817.0390625,87969.96875,87097.421875,87099.3203125,0
2025-12-19 20:00:00+00:00,87909.09375,88288.6328125,87593.0546875,87790.046875,0
2025-12-19 21:00:00+00:00,87760.1875,87987.03125,87760.1875,87938.2265625,263950336
2025-12-19 22:00:00+00:00,88244.1328125,88339.921875,87779.5390625,87779.5390625,0
2025-12-19 23:00:00+00:00,88104.1875,88294.1484375,88099.9921875,88268.0625,0
2025-12-20 00:00:00+00:00,87981.296875,88132.34375,87924.875,88098.40625,138588160
2025-12-20 01:00:00+00:00,88025.375,88122.5703125,87979.59375,87979.59375,0
2025-12-20 02:00:00+00:00,88161.390625,88244.171875,87976.21875,88032.8828125,0
2025-12-20 03:00:00+00:00,88192.0078125,88306.1640625,88147.390625,88169.7109375,0
2025-12-20 04:00:00+00:00,88224.125,88276.953125,88097.0546875,88181.5234375,0
2025-12-20 05:00:00+00:00,88262.6953125,88450.6796875,88255.7265625,88260.75,0
2025-12-20 06:00:00+00:00,88256.359375,88399.0078125,88244.5625,88261.625,0
2025-12-20 07:00:00+00:00,88217.40625,88284.859375,88156.25,88261.9375,0
2025-12-20 08:00:00+00:00,88248.25,88377.5390625,88218.359375,88218.359375,0
2025-12-20 09:00:00+00:00,88203.1640625,88295.6953125,88196.6171875,88205.984375,0
2025-12-20 10:00:00+00:00,88121.890625,88219.9453125,88093.015625,88185.4375,0
2025-12-20 11:00:00+00:00,88254.078125,88256.0234375,88082.484375,88120.4375,0
2025-12-20 12:00:00+00:00,88208.6328125,88279.078125,88154.7421875,88239.15625,0
2025-12-20 13:00:00+00:00,88203.9609375,88273.5,87953.9375,88213.484375,0
2025-12-20 14:00:00+00:00,88215.15625,88225.6015625,87993.6484375,88225.6015625,0
2025-12-20 15:00:00+00:00,88148.1640625,88213.8984375,88014.59375,88213.8515625,0
2025-12-20 16:00:00+00:00,88114.2265625,88170.1796875,88094.8359375,88163.40625,0
2025-12-20 17:00:00+00:00,88139.3515625,88206.9921875,88086.0546875,88144.15625,0
2025-12-20 18:00:00+00:00,88304.6328125,88337.6015625,88117.734375,88146.2734375,0
2025-12-20 19:00:00+00:00,88190.2109375,88273.953125,88179.015625,88273.953125,0
2025-12-20 20:00:00+00:00,88245.984375,88256.7578125,88178.390625,88185.4453125,0
2025-12-20 21:00:00+00:00,88170.328125,88360.2578125,88170.328125,88243.046875,0
2025-12-20 22:00:00+00:00,88294.9453125,88294.9453125,88118.7734375,88207.6015625,0
2025-12-20 23:00:00+00:00,88351.671875,88373.46875,88231.6875,88268.703125,36218880
2025-12-21 00:00:00+00:00,88320.03125,88387.328125,88277.8828125,88339.9609375,30797824
2025-12-21 01:00:00+00:00,88027.7578125,88367.140625,88027.7578125,88367.140625,35826688
2025-12-21 02:00:00+00:00,87921.0546875,88044.4765625,87870.3671875,88000.640625,289453056
2025-12-21 03:00:00+00:00,88044.75,88112.328125,87924.1640625,87924.1640625,66693120
2025-12-21 04:00:00+00:00,88040.6796875,88105.0625,88031.09375,88038.3828125,0
2025-12-21 05:00:00+00:00,88111.515625,88120.34375,88036.390625,88041.28125,0
2025-12-21 06:00:00+00:00,88067.3359375,88177.2578125,88063.3359375,88110.390625,0
2025-12-21 07:00:00+00:00,88104.828125,88109.765625,88040.625,88063.84375,0
2025-12-21 08:00:00+00:00,88532.265625,88576.7265625,88128.2421875,88129.6328125,434766848
2025-12-21 09:00:00+00:00,88842.46875,89011.0859375,88504.4296875,88592.8203125,868160512
2025-12-21 10:00:00+00:00,88617.765625,88919.984375,88565.765625,88917.625,287939584
2025-12-21 11:00:00+00:00,88585.8359375,88708.84375,88562.9921875,88622.9296875,63645696
2025-12-21 12:00:00+00:00,88556.2734375,88878.453125,88514.1171875,88591.1484375,424061952
2025-12-21 13:00:00+00:00,87643.1015625,88637.9375,87624.03125,88601.6328125,1027958784
2025-12-21 14:00:00+00:00,88018.5234375,88106.1484375,87666.40625,87666.40625,440483840
2025-12-21 15:00:00+00:00,88039.1875,88219.46875,87802.8046875,88027.7578125,156100608
2025-12-21 16:00:00+00:00,88303.6875,88306.3125,87982.703125,88042.78125,442085376
2025-12-21 17:00:00+00:00,88296.5234375,88447.09375,88269.25,88331.9296875,331239424
2025-12-21 18:00:00+00:00,88410.96875,88410.96875,87957.515625,88293.28125,172236800
2025-12-21 19:00:00+00:00,88482.203125,88530.125,88241.5,88474.0859375,295604224
2025-12-21 20:00:00+00:00,88216.046875,88485.9609375,88216.046875,88462.3515625,116543488
2025-12-21 21:00:00+00:00,88137.4296875,88342.7890625,88108.7890625,88216.9140625,0
2025-12-21 22:00:00+00:00,88445.3046875,88445.3046875,88112.2578125,88112.2578125,142993408
2025-12-21 23:00:00+00:00,88625.4375,88711.84375,88360.8828125,88445.3046875,454811648
2025-12-22 00:00:00+00:00,88837.7578125,89577.7109375,88621.6640625,88621.6640625,1135831040
2025-12-22 01:00:00+00:00,88641.953125,89220.96875,88564.359375,88639.453125,1398138880
2025-12-22 02:00:00+00:00,88443.0078125,88641.8125,88013.03125,88641.8125,818884608
2025-12-22 03:00:00+00:00,88758.171875,88775.640625,88321.3828125,88433.671875,379111424
2025-12-22 04:00:00+00:00,88907.1171875,88986.2109375,88702.5859375,88783.2734375,322160640
2025-12-22 05:00:00+00:00,88811.2890625,88959.125,88760.9765625,88881.8828125,567367680
2025-12-22 06:00:00+00:00,88924.828125,88945.03125,88711.453125,88798.5859375,356710400
2025-12-22 07:00:00+00:00,89093.9765625,89144.6328125,88887.2109375,88887.2109375,736342016
2025-12-22 08:00:00+00:00,89290.5078125,89817.203125,89088.1640625,89118.734375,1117186048
2025-12-22 09:00:00+00:00,89726.6015625,89744.5546875,89280.1171875,89280.4375,0
2025-12-22 10:00:00+00:00,89763.6015625,89801.625,89601.796875,89792.2265625,143038464
2025-12-22 11:00:00+00:00,89919.90625,89989.4453125,89633.796875,89745.140625,1293662208
2025-12-22 12:00:00+00:00,90233.796875,90372.2109375,89915.8828125,89915.8828125,1350805504
2025-12-22 13:00:00+00:00,89875.0234375,90285.5078125,89725.3359375,90186.359375,0
2025-12-22 14:00:00+00:00,90079.375,90151.4140625,89520.0703125,89889.5625,1464584192
2025-12-22 15:00:00+00:00,89738.3046875,90299.828125,89219.296875,90096.3203125,2053013504
2025-12-22 16:00:00+00:00,89565.0234375,90056.9765625,89527.6484375,89715.3671875,1159237632
2025-12-22 17:00:00+00:00,89264.734375,89499.6484375,89119.90625,89499.6484375,777867264
2025-12-22 18:00:00+00:00,89149.2421875,89467.1640625,89149.2421875,89298.34375,379748352
2025-12-22 19:00:00+00:00,88039.9375,89111.0859375,87975.2265625,89111.0859375,1626800128
2025-12-22 20:00:00+00:00,88403.3203125,88403.3203125,87933.328125,88034.3359375,1313689600
2025-12-22 21:00:00+00:00,88231.4765625,88551.3671875,88213.3828125,88321.2578125,533372928
2025-12-22 22:00:00+00:00,88598.8359375,88732.3828125,88126.546875,88237.6484375,636502016
2025-12-22 23:00:00+00:00,88488.765625,88621.3515625,88395.0703125,88603.6328125,0
2025-12-23 00:00:00+00:00,88745.96875,88857.3046875,88455.171875,88530.7265625,0
2025-12-23 01:00:00+00:00,88483.4453125,88810.0859375,88432.75,88729.734375,0
2025-12-23 02:00:00+00:00,88155.4609375,88695.546875,88124.5703125,88471.015625,0
2025-12-23 03:00:00+00:00,88181.9140625,88280.78125,87883.34375,88151.4921875,482131968
2025-12-23 04:00:00+00:00,87902.828125,88304.8671875,87902.828125,88131.7890625,0
2025-12-23 05:00:00+00:00,87739.828125,87960.296875,87595.2734375,87909.8125,711389184
2025-12-23 06:00:00+00:00,87352.9609375,87710.90625,87061.8203125,87625.6015625,880627712
2025-12-23 07:00:00+00:00,87509.3359375,87616.640625,87348.03125,87348.03125,5864038400
2025-12-23 08:00:00+00:00,87392.890625,87609.125,87390.453125,87506.2421875,1763012608
2025-12-23 09:00:00+00:00,87485.78125,87547.40625,87268.7265625,87407.1953125,0
2025-12-23 10:00:00+00:00,87553.3515625,87598.6484375,87469.125,87473.9375,0
2025-12-23 11:00:00+00:00,87819.015625,87819.015625,87512.78125,87555.0859375,0
2025-12-23 12:00:00+00:00,87774.171875,87862.21875,87612.5,87809.015625,0
2025-12-23 13:00:00+00:00,87605.765625,87814.265625,87434.71875,87759.8515625,0
2025-12-23 14:00:00+00:00,86656.34375,87737.3203125,86656.34375,87562.90625,0
2025-12-23 15:00:00+00:00,87426.453125,87438.9140625,86760.140625,86822.3828125,0
2025-12-23 16:00:00+00:00,87986.765625,88077.9140625,87376.0859375,87417.984375,767049728
2025-12-23 17:00:00+00:00,87378.0,88117.2109375,87372.65625,87966.71875,6168576
2025-12-23 18:00:00+00:00,87947.7109375,88072.5703125,87151.1953125,87151.1953125,1074348032
2025-12-23 19:00:00+00:00,87697.2734375,87986.5,87628.7421875,87933.8125,0
2025-12-23 20:00:00+00:00,87651.453125,88271.2109375,87518.4140625,87709.71875,0
2025-12-23 21:00:00+00:00,87672.484375,87794.1953125,87512.0234375,87657.46875,174862336
2025-12-23 22:00:00+00:00,87343.171875,87708.8828125,87293.6953125,87669.0078125,322273280
2025-12-23 23:00:00+00:00,87404.21875,87454.9140625,87174.4921875,87358.0859375,281632768
2025-12-24 00:00:00+00:00,87584.7890625,87593.640625,87239.0625,87431.0859375,0
2025-12-24 01:00:00+00:00,87600.0,87750.0546875,87463.390625,87603.9921875,74338304
2025-12-24 02:00:00+00:00,87113.875,87595.78125,86912.3359375,87595.78125,0
2025-12-24 03:00:00+00:00,87287.046875,87337.1171875,86873.8515625,87085.3671875,0
2025-12-24 04:00:00+00:00,87079.703125,87401.4453125,87077.109375,87286.5234375,0
2025-12-24 05:00:00+00:00,86905.234375,87199.2578125,86755.796875,87079.421875,0
2025-12-24 06:00:00+00:00,86941.0078125,86986.0546875,86794.1796875,86901.734375,0
2025-12-24 07:00:00+00:00,86921.6328125,87104.390625,86921.6328125,86952.203125,0
2025-12-24 08:00:00+00:00,86749.8125,86998.0859375,86749.8125,86877.7890625,0
2025-12-24 09:00:00+00:00,86757.4375,86823.796875,86691.9375,86733.1953125,0
2025-12-24 10:00:00+00:00,87036.765625,87107.46875,86748.75,86753.1640625,178896896
2025-12-24 11:00:00+00:00,87156.0859375,87280.8046875,87026.7734375,87026.7734375,0
2025-12-24 12:00:00+00:00,87391.71875,87420.4609375,87098.6171875,87158.4140625,0
2025-12-24 13:00:00+00:00,87244.0390625,87389.453125,87025.7421875,87383.5625,0
2025-12-24 14:00:00+00:00,86882.3984375,87377.28125,86411.796875,87248.9296875,0
2025-12-24 15:00:00+00:00,86914.6015625,87104.203125,86587.953125,87071.8515625,0
2025-12-24 16:00:00+00:00,87168.1484375,87572.890625,86904.109375,86941.2890625,0
2025-12-24 17:00:00+00:00,87216.53125,87475.90625,87196.7578125,87247.875,0
2025-12-24 18:00:00+00:00,87412.6171875,87435.09375,87203.0390625,87256.9921875,0
2025-12-24 19:00:00+00:00,87495.484375,87507.859375,87307.3046875,87406.7890625,0
2025-12-24 20:00:00+00:00,87494.3671875,87591.8984375,87489.7734375,87507.8203125,0
2025-12-24 21:00:00+00:00,87607.796875,87711.4921875,87532.1640625,87532.1640625,0
2025-12-24 22:00:00+00:00,87941.3515625,87947.0546875,87629.796875,87629.796875,0
2025-12-24 23:00:00+00:00,87615.5703125,87936.734375,87551.7109375,87936.734375,0
2025-12-25 00:00:00+00:00,87490.3671875,87664.0625,87488.328125,87608.0546875,0
2025-12-25 01:00:00+00:00,87631.765625,87685.4453125,87498.1875,87498.1875,0
2025-12-25 02:00:00+00:00,87843.265625,87870.1171875,87529.2109375,87636.96875,0
2025-12-25 03:00:00+00:00,87792.0546875,87848.265625,87728.640625,87827.7734375,0
2025-12-25 04:00:00+00:00,87744.0078125,87789.609375,87699.0234375,87788.71875,0
2025-12-25 05:00:00+00:00,87702.3671875,87742.5234375,87613.1875,87742.5234375,0
2025-12-25 06:00:00+00:00,87773.6796875,87773.6796875,87645.6796875,87703.8515625,0
2025-12-25 07:00:00+00:00,87786.6875,87795.21875,87707.5078125,87774.5703125,0
2025-12-25 08:00:00+00:00,87508.9765625,87808.9375,87339.2734375,87782.921875,242833408
2025-12-25 09:00:00+00:00,87465.7109375,87525.859375,87392.3671875,87525.859375,17125376
2025-12-25 10:00:00+00:00,87361.8828125,87459.4375,87238.015625,87459.4375,0
2025-12-25 11:00:00+00:00,87458.4921875,87517.3046875,87370.640625,87370.640625,0
2025-12-25 12:00:00+00:00,87521.0859375,87533.203125,87441.921875,87476.3203125,0
2025-12-25 13:00:00+00:00,87601.421875,87607.109375,87373.84375,87516.6328125,0
2025-12-25 14:00:00+00:00,87672.6953125,87685.4765625,87517.5,87581.0234375,0
2025-12-25 15:00:00+00:00,88274.7890625,88462.0703125,87667.3671875,87667.3671875,0
2025-12-25 16:00:00+00:00,88053.796875,88389.234375,87948.015625,88259.4140625,0
2025-12-25 17:00:00+00:00,88114.0546875,88126.40625,87963.8515625,88042.1328125,0
2025-12-25 18:00:00+00:00,88185.5703125,88253.4921875,88103.953125,88103.953125,0
2025-12-25 19:00:00+00:00,88094.2265625,88186.1953125,88024.7734375,88182.546875,0
2025-12-25 20:00:00+00:00,87821.90625,88103.3125,87687.015625,88096.2109375,218568704
2025-12-25 21:00:00+00:00,87851.859375,87921.65625,87775.4453125,87838.140625,27912192
2025-12-25 22:00:00+00:00,87625.0625,87867.7421875,87351.3046875,87845.4765625,177784832
2025-12-25 23:00:00+00:00,87204.3671875,87690.484375,86971.5,87541.421875,1121579008
2025-12-26 00:00:00+00:00,87041.6640625,87263.5625,86917.9765625,87214.5,273956864
2025-12-26 01:00:00+00:00,87385.875,87411.6875,87063.359375,87063.359375,955342848
2025-12-26 02:00:00+00:00,89091.078125,89232.1484375,87379.9609375,87379.9609375,4295059456
2025-12-26 03:00:00+00:00,88742.3125,89158.734375,88639.0625,89099.0078125,2309169152
2025-12-26 04:00:00+00:00,88891.71875,89020.203125,88455.6328125,88688.6484375,1110192128
2025-12-26 05:00:00+00:00,88942.3828125,88942.3828125,88769.390625,88893.8046875,186279936
2025-12-26 06:00:00+00:00,89133.1015625,89163.2578125,88924.1953125,88924.1953125,926695424
2025-12-26 07:00:00+00:00,88372.125,89439.1171875,88372.125,89072.8828125,2443640832
2025-12-26 08:00:00+00:00,88666.6328125,88741.3828125,88394.3984375,88394.3984375,710477824
2025-12-26 09:00:00+00:00,88769.6171875,88828.0625,88615.0625,88677.171875,309696512
2025-12-26 10:00:00+00:00,88716.546875,88807.9609375,88635.9375,88750.15625,22343680
2025-12-26 11:00:00+00:00,88512.640625,88707.4609375,88498.59375,88707.4609375,112492544
2025-12-26 12:00:00+00:00,88626.3984375,88682.6484375,88493.953125,88493.953125,339990528
2025-12-26 13:00:00+00:00,88983.1640625,88983.1640625,88597.7109375,88618.734375,166897664
2025-12-26 14:00:00+00:00,87382.0,88975.640625,87360.75,88873.515625,2166237184
2025-12-26 15:00:00+00:00,86991.421875,87368.0703125,86645.6328125,87368.0703125,4316983296
2025-12-26 16:00:00+00:00,86831.4453125,87286.53125,86831.4453125,87063.71875,913866752
2025-12-26 17:00:00+00:00,87238.2734375,87359.15625,86785.90625,86785.90625,755982336
2025-12-26 18:00:00+00:00,87189.5859375,87282.5390625,87064.8125,87235.6484375,519565312
2025-12-26 19:00:00+00:00,87414.7265625,87481.71875,87171.859375,87196.3671875,670957568
2025-12-26 20:00:00+00:00,87553.0390625,87698.7109375,87349.5234375,87447.5078125,187916288
2025-12-26 21:00:00+00:00,87422.9765625,87623.390625,87422.9765625,87524.1484375,301699072
2025-12-26 22:00:00+00:00,87418.5,87505.3828125,87284.5703125,87407.5546875,0
2025-12-26 23:00:00+00:00,87303.9375,87468.765625,87278.109375,87468.765625,0
2025-12-27 00:00:00+00:00,87338.203125,87340.015625,87196.078125,87316.0078125,0
2025-12-27 01:00:00+00:00,87404.7734375,87409.8984375,87292.984375,87335.859375,0
2025-12-27 02:00:00+00:00,87386.515625,87409.953125,87346.875,87408.015625,0
2025-12-27 03:00:00+00:00,87448.96875,87463.1796875,87332.03125,87389.859375,0
2025-12-27 04:00:00+00:00,87405.90625,87447.90625,87398.3046875,87447.90625,0
2025-12-27 05:00:00+00:00,87451.359375,87451.359375,87387.8125,87412.8203125,0
2025-12-27 06:00:00+00:00,87407.640625,87493.5625,87369.2734375,87448.6328125,0
2025-12-27 07:00:00+00:00,87478.546875,87642.4921875,87416.09375,87425.0234375,0
2025-12-27 08:00:00+00:00,87530.71875,87606.2109375,87488.0703125,87488.0703125,0
2025-12-27 09:00:00+00:00,87565.796875,87604.3671875,87497.1484375,87519.296875,0
2025-12-27 10:00:00+00:00,87456.3046875,87565.4765625,87367.0859375,87560.59375,0
2025-12-27 11:00:00+00:00,87416.84375,87485.0078125,87407.4296875,87449.3203125,0
2025-12-27 12:00:00+00:00,87426.546875,87468.3828125,87400.4375,87451.8359375,0
2025-12-27 13:00:00+00:00,87424.0546875,87434.828125,87294.828125,87425.359375,0
2025-12-27 14:00:00+00:00,87485.0625,87486.171875,87363.5859375,87405.484375,0
2025-12-27 15:00:00+00:00,87516.34375,87545.8046875,87447.3984375,87475.1015625,0
2025-12-27 16:00:00+00:00,87449.171875,87525.015625,87400.0,87492.6640625,0
2025-12-27 17:00:00+00:00,87501.921875,87513.7578125,87446.4375,87451.09375,0
2025-12-27 18:00:00+00:00,87433.75,87504.515625,87409.7109375,87502.015625,0
2025-12-27 19:00:00+00:00,87512.390625,87513.8203125,87438.296875,87438.8515625,0
2025-12-27 20:00:00+00:00,87495.9375,87557.1328125,87479.7890625,87523.9375,0
2025-12-27 21:00:00+00:00,87605.6640625,87609.6875,87495.3515625,87498.109375,0
2025-12-27 22:00:00+00:00,87587.4609375,87830.609375,87480.53125,87605.15625,186419200
2025-12-27 23:00:00+00:00,87805.5625,87863.984375,87509.40625,87509.40625,177369088
2025-12-28 00:00:00+00:00,87781.640625,87857.3125,87657.78125,87806.0546875,15262720
2025-12-28 01:00:00+00:00,87717.453125,87866.5859375,87692.8359375,87786.984375,111571968
2025-12-28 02:00:00+00:00,87748.28125,87805.1015625,87690.1328125,87723.5,0
2025-12-28 03:00:00+00:00,87688.1015625,87762.9140625,87669.8828125,87743.90625,0
2025-12-28 04:00:00+00:00,87661.0078125,87743.640625,87635.578125,87684.0703125,28371968
2025-12-28 05:00:00+00:00,87589.0390625,87655.5546875,87555.765625,87655.5546875,41666560
2025-12-28 06:00:00+00:00,87681.515625,87720.3125,87577.40625,87588.984375,0
2025-12-28 07:00:00+00:00,87665.2734375,87670.8125,87597.859375,87666.84375,0
2025-12-28 08:00:00+00:00,87760.6171875,87881.53125,87657.328125,87657.328125,51259392
2025-12-28 09:00:00+00:00,87730.890625,87832.34375,87690.953125,87733.6015625,0
2025-12-28 10:00:00+00:00,87787.6796875,87881.890625,87733.5234375,87737.75,218498048
2025-12-28 11:00:00+00:00,87789.5546875,87862.765625,87743.9921875,87788.359375,21225472
2025-12-28 12:00:00+00:00,87786.7890625,87813.84375,87749.59375,87813.84375,45235200
2025-12-28 13:00:00+00:00,87833.6640625,87864.09375,87752.4765625,87772.8203125,84672512
2025-12-28 14:00:00+00:00,87865.4140625,87951.984375,87826.2734375,87826.2734375,0
2025-12-28 15:00:00+00:00,87780.0625,87935.75,87780.0625,87848.40625,510532608
2025-12-28 16:00:00+00:00,87750.1171875,87833.5078125,87719.40625,87779.65625,142030848
2025-12-28 17:00:00+00:00,87693.71875,87857.578125,87686.4609375,87749.4453125,0
2025-12-28 18:00:00+00:00,87537.0703125,87695.40625,87482.78125,87693.3828125,526517248
2025-12-28 19:00:00+00:00,87485.578125,87607.9765625,87444.390625,87538.5546875,409132032
2025-12-28 20:00:00+00:00,87477.890625,87579.25,87396.0390625,87476.078125,130200576
2025-12-28 21:00:00+00:00,87500.2265625,87527.0390625,87402.84375,87459.7578125,181508096
2025-12-28 22:00:00+00:00,87843.0078125,87898.421875,87445.984375,87503.65625,0
2025-12-28 23:00:00+00:00,87830.1171875,87844.625,87604.8515625,87831.65625,206987264
2025-12-29 00:00:00+00:00,88226.78125,88234.0,87756.3671875,87858.109375,870933504
2025-12-29 01:00:00+00:00,88314.171875,88380.2578125,87833.65625,88226.6875,947730432
2025-12-29 02:00:00+00:00,89102.625,89236.6171875,88353.5078125,88353.5078125,3253251072
2025-12-29 03:00:00+00:00,90032.4140625,90032.4140625,89026.6328125,89086.8125,3074658304
2025-12-29 04:00:00+00:00,90100.4140625,90269.015625,89903.0703125,90012.6328125,2378932224
2025-12-29 05:00:00+00:00,89927.6875,90194.328125,89873.2578125,90070.7578125,1425721344
2025-12-29 06:00:00+00:00,89672.9609375,90028.6171875,89666.796875,89908.9921875,1104549888
2025-12-29 07:00:00+00:00,89518.6171875,89708.859375,89415.9765625,89672.7109375,1356230656
2025-12-29 08:00:00+00:00,89451.8984375,89694.109375,89399.90625,89505.28125,1522210816
2025-12-29 09:00:00+00:00,87940.6015625,89489.328125,87795.0078125,89438.515625,3895531520
2025-12-29 10:00:00+00:00,87678.9453125,88137.9609375,87602.5078125,87981.0859375,814858240
2025-12-29 11:00:00+00:00,87508.1796875,87686.4296875,87485.3203125,87620.4375,887361536
2025-12-29 12:00:00+00:00,87242.8046875,87508.265625,86760.265625,87485.1015625,3058946048
2025-12-29 13:00:00+00:00,87222.25,87416.3515625,87125.609375,87252.3203125,0
2025-12-29 14:00:00+00:00,87322.015625,88007.96875,87176.984375,87255.890625,2892251136
2025-12-29 15:00:00+00:00,87636.625,87760.9296875,87196.8359375,87288.6015625,2911100928
2025-12-29 16:00:00+00:00,87538.171875,87691.0234375,87364.8984375,87600.4453125,274800640
2025-12-29 17:00:00+00:00,87697.2265625,87697.2265625,87327.8984375,87529.6015625,894156800
2025-12-29 18:00:00+00:00,87357.53125,87870.671875,87307.2421875,87734.7890625,679157760
2025-12-29 19:00:00+00:00,87238.1015625,87547.25,87238.1015625,87336.90625,601432064
2025-12-29 20:00:00+00:00,87121.6796875,87482.46875,86975.015625,87246.40625,482496512
2025-12-29 21:00:00+00:00,87224.9609375,87246.6953125,87129.8515625,87157.78125,582574080
2025-12-29 22:00:00+00:00,87260.8046875,87286.21875,86983.703125,87227.59375,188563456
2025-12-29 23:00:00+00:00,87145.21875,87291.375,87079.765625,87237.921875,0
2025-12-30 00:00:00+00:00,87129.7890625,87233.5234375,87010.6171875,87142.078125,0
2025-12-30 01:00:00+00:00,87191.5703125,87228.65625,87033.828125,87139.046875,0
2025-12-30 02:00:00+00:00,86975.734375,87230.3828125,86907.703125,87206.671875,0
2025-12-30 03:00:00+00:00,87285.1484375,87305.9375,86737.0703125,86987.84375,0
2025-12-30 04:00:00+00:00,87199.7421875,87374.3671875,87196.625,87263.125,0
2025-12-30 05:00:00+00:00,87129.546875,87250.3671875,87052.0546875,87199.890625,0
2025-12-30 06:00:00+00:00,87317.140625,87396.1328125,87121.984375,87132.8359375,0
2025-12-30 07:00:00+00:00,87378.296875,87472.65625,87278.7578125,87326.1796875,0
2025-12-30 08:00:00+00:00,87771.765625,88039.8984375,87377.125,87377.125,239476736
2025-12-30 09:00:00+00:00,87881.125,87881.125,87550.1875,87760.78125,0
2025-12-30 10:00:00+00:00,87844.3203125,88056.640625,87816.4375,87878.875,0
2025-12-30 11:00:00+00:00,87751.421875,87912.9140625,87665.15625,87843.2734375,0
2025-12-30 12:00:00+00:00,87888.2265625,87970.3515625,87822.1953125,87845.296875,0
2025-12-30 13:00:00+00:00,88002.9453125,88012.078125,87813.5078125,87913.5703125,0
2025-12-30 14:00:00+00:00,88834.1796875,88890.40625,87749.84375,88003.203125,558620672
2025-12-30 15:00:00+00:00,88947.28125,88973.1015625,88153.78125,88811.78125,1242370048
2025-12-30 16:00:00+00:00,88672.234375,89291.796875,88527.8359375,88916.6796875,2170177536
2025-12-30 17:00:00+00:00,88334.1015625,88799.6328125,88135.7890625,88678.78125,585842688
2025-12-30 18:00:00+00:00,88238.75,88378.7421875,88086.2578125,88302.4765625,65056768
2025-12-30 19:00:00+00:00,88153.5390625,88329.6484375,87927.6328125,88240.765625,111890432
2025-12-30 20:00:00+00:00,87831.0859375,88142.3359375,87814.0234375,88142.3359375,0
2025-12-30 21:00:00+00:00,88172.453125,88224.8828125,87821.828125,87821.828125,0
2025-12-30 22:00:00+00:00,88325.125,88367.234375,88182.109375,88182.109375,0
2025-12-30 23:00:00+00:00,88423.140625,88477.875,88318.5859375,88329.578125,266125312
2025-12-31 00:00:00+00:00,88161.0546875,88407.7265625,88161.0546875,88407.7265625,0
2025-12-31 01:00:00+00:00,88552.8984375,88645.015625,88085.4921875,88148.671875,386588672
2025-12-31 02:00:00+00:00,88585.5859375,88629.28125,88437.21875,88501.4921875,0
2025-12-31 03:00:00+00:00,88338.7890625,88673.15625,88289.765625,88575.71875,0
2025-12-31 04:00:00+00:00,88229.0546875,88440.0234375,88229.0546875,88342.203125,0
2025-12-31 05:00:00+00:00,88354.6484375,88413.234375,88239.765625,88239.765625,517029888
2025-12-31 06:00:00+00:00,88396.65625,88457.7578125,88349.3515625,88352.7578125,0
2025-12-31 07:00:00+00:00,88496.046875,88517.1484375,88342.2109375,88401.96875,2150400
2025-12-31 08:00:00+00:00,88321.921875,88604.8359375,88302.9921875,88492.7265625,0
2025-12-31 09:00:00+00:00,88585.390625,88587.1953125,88324.9453125,88324.9453125,45109248
2025-12-31 10:00:00+00:00,88697.6796875,88699.6171875,88553.96875,88553.96875,0
2025-12-31 11:00:00+00:00,88863.515625,88894.6484375,88703.1484375,88732.7578125,248856576
2025-12-31 12:00:00+00:00,88668.21875,88910.5,88658.2421875,88910.5,297261056
2025-12-31 13:00:00+00:00,88856.4609375,88921.734375,88642.578125,88680.65625,72802304
2025-12-31 14:00:00+00:00,88323.921875,89019.9375,88218.484375,88872.7109375,11276288
2025-12-31 15:00:00+00:00,87911.6328125,88371.0,87728.4140625,88371.0,0
2025-12-31 16:00:00+00:00,87558.6171875,87903.6875,87334.125,87845.2421875,0
2025-12-31 17:00:00+00:00,87490.890625,87561.078125,87385.9609375,87539.96875,0
2025-12-31 18:00:00+00:00,87575.078125,87838.8203125,87458.5078125,87502.9296875,0
2025-12-31 19:00:00+00:00,87455.484375,87712.1328125,87420.515625,87561.8515625,296370176
2025-12-31 20:00:00+00:00,87534.90625,87534.90625,87141.0078125,87419.890625,7612416
2025-12-31 21:00:00+00:00,87637.1953125,87692.2890625,87531.6328125,87531.6328125,1113237504
2025-12-31 22:00:00+00:00,87561.1953125,87738.6171875,87561.1953125,87652.2734375,46741504
2025-12-31 23:00:00+00:00,87501.953125,87587.4140625,87501.953125,87585.8203125,0
